id	svm_method_prediction	rf_method_prediction	lr_method_prediction	old_locustag	species_model	product	mapped	seed_ortholog	evalue	score	eggNOG_OGs	max_annot_lvl	COG_category	Description	Preferred_name	GOs	EC	KEGG_ko	KEGG_Pathway	KEGG_Module	KEGG_Reaction	KEGG_rclass	BRITE	KEGG_TC	CAZy	BiGG_Reaction	PFAMs	immune_interactions	network_degree
PRODB_00001	Y	Y	Y	Bb_B1_h1001283B150217_200217_00078	Bifidobacterium bifidum	hypothetical protein	Y	502347.ESCAB7627_0365	1.35E-208	581	COG2801@1|root,COG2801@2|Bacteria,1MVXQ@1224|Proteobacteria,1RSHU@1236|Gammaproteobacteria,3XQEZ@561|Escherichia	1236|Gammaproteobacteria	L	Escherichia coli O157 H7 ortholog	tnpB	-	-	ko:K07497	-	-	-	-	ko00000	-	-	-	HTH_21,rve,rve_3	AIM2.1, IRAK1.1, IRAK1.2, NFKB1.2, NLRC4.4, NLRP3.1, NLRP3.3	7
PRODB_00002	Y	Y	Y	Ec_Nissle_1917_00419	Escherichia coli	hypothetical protein	Y	1410620.SHLA_131c000030	1.29E-176	502	COG1609@1|root,COG1609@2|Bacteria,1R47N@1224|Proteobacteria,2TV5N@28211|Alphaproteobacteria,4BAFF@82115|Rhizobiaceae	28211|Alphaproteobacteria	K	lacI family	-	-	-	ko:K02529	-	-	-	-	ko00000,ko03000	-	-	-	LacI,Peripla_BP_3	AIM2.1, IKBKB.3, IRAK1.1, IRAK1.2, IRAK1.3, IRAK1.4, IRAK4.1, IRAK4.2, NAIP.1, NAIP.2, NFKB1.2, NFKBIA.1, NLRC4.1, NLRC4.2, NLRC4.3, NLRC4.4, NLRP1.1, NLRP1.2, NLRP1.3, NLRP1.4, NLRP1.5, NLRP12.1, NLRP12.2, NLRP12.3, NLRP12.4, NLRP12.5, NLRP12.6, NLRP12.7, NLRP3.1, NLRP3.2, NLRP3.3, NLRP3.4, NLRP3.5, NLRP3.6, NLRP6.2, RELA.1, RELA.2, RELA.3, RELA.4, TAB2.1, TAB2.2, TLR4.1, TLR4.2, TLR4.3, TRAF6.1	45
PRODB_00003	Y	Y	Y	Ec_Nissle_1917_05124	Escherichia coli	hypothetical protein	Y	199310.c2933	2.81E-90	288	COG2199@1|root,COG2200@1|root,COG2199@2|Bacteria,COG2200@2|Bacteria,1RGCV@1224|Proteobacteria,1T1U0@1236|Gammaproteobacteria,3XNQ0@561|Escherichia	1236|Gammaproteobacteria	T	cyclic-guanylate-specific phosphodiesterase activity	yfeA	GO:0003674,GO:0003824,GO:0005575,GO:0005623,GO:0005886,GO:0008081,GO:0016020,GO:0016787,GO:0016788,GO:0042578,GO:0044464,GO:0071111,GO:0071944	-	-	-	-	-	-	-	-	-	-	EAL,GGDEF,MASE1	AIM2.1, IKBKB.1, IKBKB.2, IKBKB.3, IKBKB.4, IRAK1.1, IRAK1.2, IRAK1.3, IRAK1.4, IRAK4.1, IRAK4.2, NAIP.1, NAIP.2, NFKB1.2, NFKBIA.1, NLRC4.1, NLRC4.2, NLRC4.3, NLRC4.4, NLRP1.1, NLRP1.2, NLRP1.3, NLRP1.4, NLRP1.5, NLRP12.1, NLRP12.2, NLRP12.3, NLRP12.4, NLRP12.5, NLRP12.6, NLRP12.7, NLRP3.1, NLRP3.2, NLRP3.3, NLRP3.4, NLRP3.5, NLRP3.6, NLRP6.1, NLRP6.2, RELA.1, RELA.2, RELA.3, RELA.4, TAB2.1, TAB2.2, TLR4.1, TLR4.2, TLR4.3, TRAF6.1	49
PRODB_00004	Y	Y	Y	Ec_Nissle_1917_04607	Escherichia coli	hypothetical protein	Y	362663.ECP_3862	1.69E-114	335	COG0827@1|root,COG0827@2|Bacteria,1MUZW@1224|Proteobacteria,1RSAY@1236|Gammaproteobacteria,3XQR3@561|Escherichia	1236|Gammaproteobacteria	L	Domain of unknown function (DUF4942)	-	-	-	-	-	-	-	-	-	-	-	-	DUF4942		0
PRODB_00005	Y	Y	Y	Ec_Nissle_1917_03200	Escherichia coli	hypothetical protein	Y	1440052.EAKF1_ch0006	2.25E-11	60.8	COG2963@1|root,COG2963@2|Bacteria,1N0V0@1224|Proteobacteria,1S7WV@1236|Gammaproteobacteria,3XRHH@561|Escherichia	1236|Gammaproteobacteria	L	transposase activity	-	-	-	ko:K07483	-	-	-	-	ko00000	-	-	-	HTH_Tnp_1	AIM2.1, IKBKB.1, IKBKB.2, IKBKB.3, IKBKB.4, IRAK1.1, IRAK1.2, IRAK1.3, IRAK1.4, IRAK4.1, IRAK4.2, NAIP.1, NAIP.2, NFKB1.2, NFKBIA.1, NLRC4.1, NLRC4.2, NLRC4.3, NLRC4.4, NLRP1.1, NLRP1.2, NLRP1.3, NLRP1.4, NLRP1.5, NLRP12.1, NLRP12.2, NLRP12.3, NLRP12.4, NLRP12.5, NLRP12.6, NLRP12.7, NLRP3.1, NLRP3.2, NLRP3.3, NLRP3.4, NLRP3.5, NLRP3.6, NLRP6.1, NLRP6.2, RELA.1, RELA.2, RELA.3, RELA.4, TAB2.1, TAB2.2, TLR4.1, TLR4.2, TLR4.3, TRAF6.1	49
PRODB_00006	Y	Y	Y	Ec_Nissle_1917_05099	Escherichia coli	hypothetical protein	Y	199310.c4276	1.67E-47	159	COG2188@1|root,COG2188@2|Bacteria,1R5W1@1224|Proteobacteria,1RQDC@1236|Gammaproteobacteria	1236|Gammaproteobacteria	K	UTRA domain	-	-	-	-	-	-	-	-	-	-	-	-	GntR,UTRA	AIM2.1, IKBKB.1, IKBKB.2, IKBKB.3, IKBKB.4, IRAK1.1, IRAK1.2, IRAK1.3, IRAK1.4, IRAK4.1, IRAK4.2, NAIP.1, NAIP.2, NFKB1.2, NFKBIA.1, NLRC4.1, NLRC4.2, NLRC4.3, NLRC4.4, NLRP1.1, NLRP1.2, NLRP1.3, NLRP1.4, NLRP1.5, NLRP12.1, NLRP12.2, NLRP12.3, NLRP12.4, NLRP12.5, NLRP12.6, NLRP12.7, NLRP3.1, NLRP3.2, NLRP3.3, NLRP3.4, NLRP3.5, NLRP3.6, NLRP6.1, NLRP6.2, RELA.1, RELA.2, RELA.3, RELA.4, TAB2.1, TAB2.2, TLR4.1, TLR4.2, TLR4.3, TRAF6.1	49
PRODB_00007	Y	Y	Y	Ec_Nissle_1917_03187	Escherichia coli	hypothetical protein	Y	362663.ECP_4541	1.29E-12	67.4	COG3539@1|root,COG3539@2|Bacteria,1RC0B@1224|Proteobacteria,1S1FT@1236|Gammaproteobacteria	1236|Gammaproteobacteria	NU	fimbria a protein	fimA	GO:0005575,GO:0005623,GO:0009289,GO:0042995,GO:0044464	-	ko:K12517	-	-	-	-	ko00000,ko02044	-	-	-	Fimbrial	AIM2.1, IKBKB.1, IKBKB.2, IKBKB.3, IKBKB.4, IRAK1.1, IRAK1.2, IRAK1.3, IRAK1.4, IRAK4.1, IRAK4.2, NAIP.1, NAIP.2, NFKB1.2, NFKBIA.1, NLRC4.1, NLRC4.2, NLRC4.3, NLRC4.4, NLRP1.1, NLRP1.2, NLRP1.3, NLRP1.4, NLRP1.5, NLRP12.1, NLRP12.2, NLRP12.3, NLRP12.4, NLRP12.5, NLRP12.6, NLRP12.7, NLRP3.1, NLRP3.2, NLRP3.3, NLRP3.4, NLRP3.5, NLRP3.6, NLRP6.1, NLRP6.2, RELA.1, RELA.2, RELA.3, RELA.4, TAB2.1, TAB2.2, TLR4.1, TLR4.2, TLR4.3, TRAF6.1	49
PRODB_00008	Y	Y	Y	Ec_Nissle_1917_01267	Escherichia coli	hypothetical protein	Y	1080067.BAZH01000031_gene2371	4.86E-31	112	COG0629@1|root,COG0629@2|Bacteria,1RD2F@1224|Proteobacteria,1S3UQ@1236|Gammaproteobacteria	1236|Gammaproteobacteria	L	PFAM single-strand binding protein Primosomal replication protein n	-	-	-	ko:K03111	ko03030,ko03430,ko03440,map03030,map03430,map03440	-	-	-	ko00000,ko00001,ko03029,ko03032,ko03400	-	-	-	SSB	AIM2.1, IKBKB.1, IKBKB.2, IKBKB.3, IKBKB.4, IRAK1.1, IRAK1.2, IRAK1.3, IRAK1.4, IRAK4.1, IRAK4.2, NAIP.1, NAIP.2, NFKB1.2, NFKBIA.1, NLRC4.1, NLRC4.2, NLRC4.3, NLRC4.4, NLRP1.1, NLRP1.2, NLRP1.3, NLRP1.4, NLRP1.5, NLRP12.1, NLRP12.2, NLRP12.3, NLRP12.4, NLRP12.5, NLRP12.6, NLRP12.7, NLRP3.1, NLRP3.2, NLRP3.3, NLRP3.4, NLRP3.5, NLRP3.6, NLRP6.1, NLRP6.2, RELA.1, RELA.2, RELA.3, RELA.4, TAB2.1, TAB2.2, TLR4.1, TLR4.2, TLR4.3, TRAF6.1	49
PRODB_00009	Y	Y	Y	Ec_Nissle_1917_01143	Escherichia coli	hypothetical protein	Y	199310.c0276	3.05E-21	85.1	2ERNH@1|root,33J7X@2|Bacteria,1NJA6@1224|Proteobacteria,1SGSI@1236|Gammaproteobacteria	1236|Gammaproteobacteria	-	-	-	-	-	-	-	-	-	-	-	-	-	-	-	AIM2.1, IKBKB.1, IKBKB.2, IKBKB.3, IKBKB.4, IRAK1.1, IRAK1.2, IRAK1.3, IRAK1.4, IRAK4.1, IRAK4.2, NAIP.1, NAIP.2, NFKB1.2, NFKBIA.1, NLRC4.1, NLRC4.2, NLRC4.3, NLRC4.4, NLRP1.1, NLRP1.2, NLRP1.3, NLRP1.4, NLRP1.5, NLRP12.1, NLRP12.2, NLRP12.3, NLRP12.4, NLRP12.5, NLRP12.6, NLRP12.7, NLRP3.1, NLRP3.2, NLRP3.3, NLRP3.4, NLRP3.5, NLRP3.6, NLRP6.1, NLRP6.2, RELA.1, RELA.2, RELA.3, RELA.4, TAB2.1, TAB2.2, TLR4.1, TLR4.2, TLR4.3, TRAF6.1	49
PRODB_00010	Y	Y	Y	Ec_Nissle_1917_04990	Escherichia coli	hypothetical protein	Y	1219375.CM002140_gene4213	9.04E-09	60.5	2E8NX@1|root,33304@2|Bacteria,1NEFP@1224|Proteobacteria,1SQTB@1236|Gammaproteobacteria	1236|Gammaproteobacteria	-	-	-	-	-	-	-	-	-	-	-	-	-	-	RHH_1	AIM2.1, IRAK1.1, IRAK1.2, IRAK1.3, IRAK1.4, NFKB1.2, NLRC4.3, NLRC4.4, NLRP1.1, NLRP1.4, NLRP12.1, NLRP12.2, NLRP12.5, NLRP12.6, NLRP12.7, NLRP3.1, NLRP3.2, NLRP3.3, NLRP3.4, NLRP3.5, NLRP3.6, RELA.1, RELA.2, RELA.3, RELA.4, TAB2.1, TAB2.2, TRAF6.1	28
PRODB_00011	Y	Y	Y	Ec_Nissle_1917_05177	Escherichia coli	hypothetical protein	Y	199310.c0307	3.41E-188	527	2C2PJ@1|root,32RWR@2|Bacteria,1N3EQ@1224|Proteobacteria,1RSJT@1236|Gammaproteobacteria	1236|Gammaproteobacteria	-	-	-	-	-	-	-	-	-	-	-	-	-	-	-	NLRP3.1, TAB2.1, TAB2.2	3
PRODB_00012	Y	Y	Y	Ec_Nissle_1917_04029	Escherichia coli	hypothetical protein	Y	502347.ESCAB7627_0703	7.07E-101	297	COG2003@1|root,COG2003@2|Bacteria,1MW2D@1224|Proteobacteria,1S0RG@1236|Gammaproteobacteria,3XQMM@561|Escherichia	1236|Gammaproteobacteria	E	Belongs to the UPF0758 family	ykfG	-	-	ko:K03630	-	-	-	-	ko00000	-	-	-	RadC	AIM2.1, IRAK1.1, IRAK1.2, IRAK1.4, NFKB1.2, NLRC4.4, RELA.1, RELA.2, RELA.4, TAB2.1, TAB2.2	11
PRODB_00013	Y	Y	Y	Ec_Nissle_1917_01250	Escherichia coli	hypothetical protein	Y	199310.c1447	9.88E-29	118	COG5511@1|root,COG5511@2|Bacteria,1MVN4@1224|Proteobacteria,1RPUT@1236|Gammaproteobacteria,3XQ5D@561|Escherichia	1236|Gammaproteobacteria	S	Phage portal protein, lambda family	-	-	-	-	-	-	-	-	-	-	-	-	Phage_portal_2	NFKB1.2, NLRP3.1, NLRP3.3, TAB2.1, TAB2.2	5
PRODB_00014	Y	Y	Y	Ec_Nissle_1917_05111	Escherichia coli	hypothetical protein	Y	1283284.AZUK01000001_gene1035	1.58E-40	135	2DMNG@1|root,32SP1@2|Bacteria,1NAN7@1224|Proteobacteria,1SCJK@1236|Gammaproteobacteria	1236|Gammaproteobacteria	-	-	-	-	-	-	-	-	-	-	-	-	-	-	-	AIM2.1, IKBKB.1, IKBKB.2, IKBKB.3, IKBKB.4, IRAK1.1, IRAK1.2, IRAK1.3, IRAK1.4, IRAK4.1, IRAK4.2, NAIP.1, NAIP.2, NFKB1.2, NFKBIA.1, NLRC4.1, NLRC4.2, NLRC4.3, NLRC4.4, NLRP1.1, NLRP1.2, NLRP1.3, NLRP1.4, NLRP1.5, NLRP12.1, NLRP12.2, NLRP12.3, NLRP12.4, NLRP12.5, NLRP12.6, NLRP12.7, NLRP3.1, NLRP3.2, NLRP3.3, NLRP3.4, NLRP3.5, NLRP3.6, NLRP6.1, NLRP6.2, RELA.1, RELA.2, RELA.3, RELA.4, TAB2.1, TAB2.2, TLR4.1, TLR4.2, TLR4.3, TRAF6.1	49
PRODB_00015	Y	Y	Y	Ec_Nissle_1917_04973	Escherichia coli	hypothetical protein	Y	362663.ECP_4619	4.49E-13	63.9	COG2963@1|root,COG2963@2|Bacteria	2|Bacteria	L	transposase activity	insC	-	-	ko:K07483	-	-	-	-	ko00000	-	-	-	HTH_Tnp_1	AIM2.1, IKBKB.1, IKBKB.2, IKBKB.3, IKBKB.4, IRAK1.1, IRAK1.2, IRAK1.3, IRAK1.4, IRAK4.1, IRAK4.2, NAIP.1, NAIP.2, NFKB1.2, NFKBIA.1, NLRC4.1, NLRC4.2, NLRC4.3, NLRC4.4, NLRP1.1, NLRP1.2, NLRP1.3, NLRP1.4, NLRP1.5, NLRP12.1, NLRP12.2, NLRP12.3, NLRP12.4, NLRP12.5, NLRP12.6, NLRP12.7, NLRP3.1, NLRP3.2, NLRP3.3, NLRP3.4, NLRP3.5, NLRP3.6, NLRP6.1, NLRP6.2, RELA.1, RELA.2, RELA.3, RELA.4, TAB2.1, TAB2.2, TLR4.1, TLR4.2, TLR4.3, TRAF6.1	49
PRODB_00016	Y	Y	Y	Ec_Nissle_1917_03184	Escherichia coli	hypothetical protein	Y	1440052.EAKF1_ch0272c	8.80E-61	201	COG4372@1|root,COG4372@2|Bacteria,1MUCX@1224|Proteobacteria,1SU06@1236|Gammaproteobacteria	1236|Gammaproteobacteria	S	Transposase	-	-	-	ko:K07484	-	-	-	-	ko00000	-	-	-	DDE_Tnp_IS66,DDE_Tnp_IS66_C,LZ_Tnp_IS66,zf-IS66	AIM2.1, IKBKB.1, IKBKB.2, IKBKB.3, IKBKB.4, IRAK1.1, IRAK1.2, IRAK1.3, IRAK1.4, IRAK4.1, IRAK4.2, NAIP.1, NAIP.2, NFKB1.2, NFKBIA.1, NLRC4.1, NLRC4.2, NLRC4.3, NLRC4.4, NLRP1.1, NLRP1.2, NLRP1.3, NLRP1.4, NLRP1.5, NLRP12.1, NLRP12.2, NLRP12.3, NLRP12.4, NLRP12.5, NLRP12.6, NLRP12.7, NLRP3.1, NLRP3.2, NLRP3.3, NLRP3.4, NLRP3.5, NLRP3.6, NLRP6.1, NLRP6.2, RELA.1, RELA.2, RELA.3, RELA.4, TAB2.1, TAB2.2, TLR4.1, TLR4.2, TLR4.3, TRAF6.1	49
PRODB_00017	Y	Y	Y	Ec_Nissle_1917_02987	Escherichia coli	hypothetical protein	Y	155864.EDL933_3965	2.51E-18	83.6	COG4948@1|root,COG4948@2|Bacteria,1NAKW@1224|Proteobacteria,1RNE2@1236|Gammaproteobacteria,3XPFN@561|Escherichia	1236|Gammaproteobacteria	M	Catalyzes the dehydration of glucarate to 5-keto-4- deoxy-D-glucarate (5-kdGluc). Also acts on L-idarate	gudD	GO:0000287,GO:0003674,GO:0003824,GO:0005488,GO:0005975,GO:0006082,GO:0008150,GO:0008152,GO:0008872,GO:0009056,GO:0009987,GO:0016052,GO:0016054,GO:0016829,GO:0016835,GO:0016836,GO:0017144,GO:0019392,GO:0019394,GO:0019577,GO:0019579,GO:0019752,GO:0042737,GO:0042836,GO:0042838,GO:0043167,GO:0043169,GO:0043436,GO:0043648,GO:0043649,GO:0044237,GO:0044238,GO:0044248,GO:0044281,GO:0044282,GO:0046395,GO:0046872,GO:0071704,GO:1901575	4.2.1.40	ko:K01706	ko00053,ko01100,map00053,map01100	-	R02752,R08056	RC00543	ko00000,ko00001,ko01000	-	-	iECO26_1355.ECO26_3857	MR_MLE_C,MR_MLE_N	AIM2.1, IKBKB.1, IKBKB.2, IKBKB.3, IKBKB.4, IRAK1.1, IRAK1.2, IRAK1.3, IRAK1.4, IRAK4.1, IRAK4.2, NAIP.1, NAIP.2, NFKB1.2, NFKBIA.1, NLRC4.1, NLRC4.2, NLRC4.3, NLRC4.4, NLRP1.1, NLRP1.2, NLRP1.3, NLRP1.4, NLRP1.5, NLRP12.1, NLRP12.2, NLRP12.3, NLRP12.4, NLRP12.5, NLRP12.6, NLRP12.7, NLRP3.1, NLRP3.2, NLRP3.3, NLRP3.4, NLRP3.5, NLRP3.6, NLRP6.1, NLRP6.2, RELA.1, RELA.2, RELA.3, RELA.4, TAB2.1, TAB2.2, TLR4.1, TLR4.2, TLR4.3, TRAF6.1	49
PRODB_00018	Y	Y	Y	Ec_Nissle_1917_00287	Escherichia coli	hypothetical protein	Y	199310.c0294	2.54E-59	202	COG4773@1|root,COG4773@2|Bacteria,1NZCG@1224|Proteobacteria,1T1NA@1236|Gammaproteobacteria,3XQQX@561|Escherichia	1236|Gammaproteobacteria	P	Residues 1 to 530 of 721 are 100.00 pct identical to residues 1 to 530 of 536 from GenPept.129 gb AAL67366.1 AF447814_34 (AF447814) truncated ferric siderophore receptor Escherichia coli	-	-	-	ko:K02014	-	-	-	-	ko00000,ko02000	1.B.14	-	-	Plug,TonB_dep_Rec	AIM2.1, IKBKB.1, IKBKB.2, IKBKB.3, IKBKB.4, IRAK1.1, IRAK1.2, IRAK1.3, IRAK1.4, IRAK4.1, IRAK4.2, NAIP.1, NAIP.2, NFKB1.2, NFKBIA.1, NLRC4.1, NLRC4.2, NLRC4.3, NLRC4.4, NLRP1.1, NLRP1.2, NLRP1.3, NLRP1.4, NLRP1.5, NLRP12.1, NLRP12.2, NLRP12.3, NLRP12.4, NLRP12.5, NLRP12.6, NLRP12.7, NLRP3.1, NLRP3.2, NLRP3.3, NLRP3.4, NLRP3.5, NLRP3.6, NLRP6.1, NLRP6.2, RELA.1, RELA.2, RELA.3, RELA.4, TAB2.1, TAB2.2, TLR4.1, TLR4.2, TLR4.3, TRAF6.1	49
PRODB_00019	Y	Y	Y	Ec_Nissle_1917_05066	Escherichia coli	hypothetical protein	Y	1080067.BAZH01000004_gene3839	9.43E-25	95.9	COG3029@1|root,COG3029@2|Bacteria,1RD34@1224|Proteobacteria,1S419@1236|Gammaproteobacteria,3WY9X@544|Citrobacter	1236|Gammaproteobacteria	C	Seems to be involved in the anchoring of the catalytic components of the fumarate reductase complex to the cytoplasmic membrane	frdC	GO:0000104,GO:0001539,GO:0003674,GO:0003824,GO:0005575,GO:0005622,GO:0005623,GO:0005886,GO:0006091,GO:0006113,GO:0006928,GO:0006996,GO:0008150,GO:0008152,GO:0008177,GO:0009061,GO:0009987,GO:0015980,GO:0016020,GO:0016043,GO:0016491,GO:0016627,GO:0016635,GO:0022607,GO:0030030,GO:0030031,GO:0032991,GO:0040011,GO:0044085,GO:0044237,GO:0044424,GO:0044425,GO:0044459,GO:0044464,GO:0044780,GO:0044781,GO:0045273,GO:0045274,GO:0045283,GO:0045284,GO:0045333,GO:0048870,GO:0051179,GO:0051674,GO:0055114,GO:0070469,GO:0070470,GO:0070925,GO:0071840,GO:0071944,GO:0071973,GO:0097588,GO:0098796,GO:0098797,GO:0098803	-	ko:K00246	ko00020,ko00190,ko00620,ko00650,ko00720,ko01100,ko01110,ko01120,ko01130,ko01200,ko02020,map00020,map00190,map00620,map00650,map00720,map01100,map01110,map01120,map01130,map01200,map02020	M00009,M00011,M00150,M00173	R02164	RC00045	ko00000,ko00001,ko00002	-	-	iYL1228.KPN_04551	Fumarate_red_C	AIM2.1, IKBKB.1, IKBKB.2, IKBKB.3, IKBKB.4, IRAK1.1, IRAK1.2, IRAK1.3, IRAK1.4, IRAK4.1, IRAK4.2, NAIP.1, NAIP.2, NFKB1.2, NFKBIA.1, NLRC4.1, NLRC4.2, NLRC4.3, NLRC4.4, NLRP1.1, NLRP1.2, NLRP1.3, NLRP1.4, NLRP1.5, NLRP12.1, NLRP12.2, NLRP12.3, NLRP12.4, NLRP12.5, NLRP12.6, NLRP12.7, NLRP3.1, NLRP3.2, NLRP3.3, NLRP3.4, NLRP3.5, NLRP3.6, NLRP6.1, NLRP6.2, RELA.1, RELA.2, RELA.3, RELA.4, TAB2.1, TAB2.2, TLR4.1, TLR4.2, TLR4.3, TRAF6.1	49
PRODB_00020	Y	Y	Y	Ec_Nissle_1917_04874	Escherichia coli	hypothetical protein	Y	362663.ECP_4565	1.10E-14	72	COG2801@1|root,COG2801@2|Bacteria,1MVXQ@1224|Proteobacteria,1RPEW@1236|Gammaproteobacteria	1236|Gammaproteobacteria	L	Transposase and inactivated derivatives	-	-	-	ko:K07497	-	-	-	-	ko00000	-	-	-	HTH_21,rve	AIM2.1, IKBKB.1, IKBKB.2, IKBKB.3, IKBKB.4, IRAK1.1, IRAK1.2, IRAK1.3, IRAK1.4, IRAK4.1, IRAK4.2, NAIP.1, NAIP.2, NFKB1.2, NFKBIA.1, NLRC4.1, NLRC4.2, NLRC4.3, NLRC4.4, NLRP1.1, NLRP1.2, NLRP1.3, NLRP1.4, NLRP1.5, NLRP12.1, NLRP12.2, NLRP12.3, NLRP12.4, NLRP12.5, NLRP12.6, NLRP12.7, NLRP3.1, NLRP3.2, NLRP3.3, NLRP3.4, NLRP3.5, NLRP3.6, NLRP6.1, NLRP6.2, RELA.1, RELA.2, RELA.3, RELA.4, TAB2.1, TAB2.2, TLR4.1, TLR4.2, TLR4.3, TRAF6.1	49
PRODB_00021	Y	Y	Y	Ec_Nissle_1917_03241	Escherichia coli	hypothetical protein	Y	199310.c3678	1.95E-91	271	28PVS@1|root,2ZCGA@2|Bacteria,1RBI4@1224|Proteobacteria,1S3DG@1236|Gammaproteobacteria	1236|Gammaproteobacteria	-	-	-	-	-	-	-	-	-	-	-	-	-	-	-	AIM2.1, IRAK1.1, IRAK1.2, IRAK1.3, IRAK1.4, IRAK4.1, NAIP.1, NAIP.2, NFKB1.2, NFKBIA.1, NLRC4.4, NLRP1.1, NLRP1.2, NLRP1.4, NLRP12.5, NLRP3.1, NLRP3.2, NLRP3.3, NLRP3.4, NLRP3.5, NLRP3.6, RELA.1, RELA.2, RELA.3, RELA.4, TAB2.1, TAB2.2, TLR4.3	28
PRODB_00022	Y	Y	Y	Ec_Nissle_1917_02253	Escherichia coli	hypothetical protein	Y	199310.c0296	1.59E-197	557	COG0609@1|root,COG0609@2|Bacteria,1MV9W@1224|Proteobacteria,1RMST@1236|Gammaproteobacteria,3XQB9@561|Escherichia	1236|Gammaproteobacteria	P	Residues 1 to 352 of 352 are 100.00 pct identical to residues 1 to 352 of 352 from GenPept.129 gb AAL67369.1 AF447814_37 (AF447814)	yiuB	-	-	ko:K02015	ko02010,map02010	M00240	-	-	ko00000,ko00001,ko00002,ko02000	3.A.1.14	-	-	FecCD	AIM2.1, IRAK1.2, IRAK4.1, NFKB1.2, NLRP1.1, NLRP1.4, NLRP3.1, NLRP3.2, NLRP3.3, NLRP3.4, NLRP3.5, NLRP3.6, NLRP6.1, NLRP6.2, RELA.4, TAB2.1, TAB2.2	17
PRODB_00023	Y	Y	Y	Ec_Nissle_1917_02093	Escherichia coli	RNA polymerase sigma factor FliA	Y	1080067.BAZH01000024_gene3527	4.75E-24	96.7	COG1191@1|root,COG1191@2|Bacteria,1MWEU@1224|Proteobacteria,1RMKJ@1236|Gammaproteobacteria,3WVMV@544|Citrobacter	1236|Gammaproteobacteria	K	Sigma factors are initiation factors that promote the attachment of RNA polymerase to specific initiation sites and are then released. This sigma factor controls the expression of flagella-related genes	fliA	GO:0005575,GO:0005622,GO:0005623,GO:0005737,GO:0005829,GO:0044424,GO:0044444,GO:0044464	-	ko:K02405	ko02020,ko02025,ko02026,ko02040,ko05111,map02020,map02025,map02026,map02040,map05111	-	-	-	ko00000,ko00001,ko02035,ko03021	-	-	-	Sigma70_r2,Sigma70_r3,Sigma70_r4	AIM2.1, IKBKB.1, IKBKB.2, IKBKB.3, IKBKB.4, IRAK1.1, IRAK1.2, IRAK1.3, IRAK1.4, IRAK4.1, IRAK4.2, NAIP.1, NAIP.2, NFKB1.2, NFKBIA.1, NLRC4.1, NLRC4.2, NLRC4.3, NLRC4.4, NLRP1.1, NLRP1.2, NLRP1.3, NLRP1.4, NLRP1.5, NLRP12.1, NLRP12.2, NLRP12.3, NLRP12.4, NLRP12.5, NLRP12.6, NLRP12.7, NLRP3.1, NLRP3.2, NLRP3.3, NLRP3.4, NLRP3.5, NLRP3.6, NLRP6.1, NLRP6.2, RELA.1, RELA.2, RELA.3, RELA.4, TAB2.1, TAB2.2, TLR4.1, TLR4.2, TLR4.3, TRAF6.1	49
PRODB_00024	Y	Y	Y	Ec_Nissle_1917_02844	Escherichia coli	hypothetical protein	Y	1080067.BAZH01000058_gene4381	1.99E-22	90.9	COG5525@1|root,COG5525@2|Bacteria,1MVS3@1224|Proteobacteria,1RRH5@1236|Gammaproteobacteria	1236|Gammaproteobacteria	S	Terminase	A	-	3.1.21.4	ko:K21512	-	-	-	-	ko00000,ko01000	-	-	-	Terminase_GpA	AIM2.1, IKBKB.1, IKBKB.2, IKBKB.3, IKBKB.4, IRAK1.1, IRAK1.2, IRAK1.3, IRAK1.4, IRAK4.1, IRAK4.2, NAIP.1, NAIP.2, NFKB1.2, NFKBIA.1, NLRC4.1, NLRC4.2, NLRC4.3, NLRC4.4, NLRP1.1, NLRP1.2, NLRP1.3, NLRP1.4, NLRP1.5, NLRP12.1, NLRP12.2, NLRP12.3, NLRP12.4, NLRP12.5, NLRP12.6, NLRP12.7, NLRP3.1, NLRP3.2, NLRP3.3, NLRP3.4, NLRP3.5, NLRP3.6, NLRP6.1, NLRP6.2, RELA.1, RELA.2, RELA.3, RELA.4, TAB2.1, TAB2.2, TLR4.1, TLR4.2, TLR4.3, TRAF6.1	49
PRODB_00025	Y	Y	Y	Ec_Nissle_1917_04026	Escherichia coli	hypothetical protein	Y	1440052.EAKF1_ch0283	5.24E-49	164	COG2963@1|root,COG2963@2|Bacteria,1N0V0@1224|Proteobacteria,1S7WV@1236|Gammaproteobacteria,3XRHH@561|Escherichia	1236|Gammaproteobacteria	L	transposase activity	-	-	-	ko:K07483	-	-	-	-	ko00000	-	-	-	HTH_Tnp_1	AIM2.1, IRAK1.1, IRAK1.2, IRAK1.3, IRAK1.4, IRAK4.1, NFKB1.2, NFKBIA.1, NLRC4.3, NLRC4.4, NLRP1.1, NLRP1.2, NLRP1.3, NLRP1.4, NLRP12.5, NLRP3.1, NLRP3.2, NLRP3.3, NLRP3.4, NLRP3.5, NLRP3.6, RELA.1, RELA.2, RELA.3, RELA.4, TAB2.1, TAB2.2, TLR4.3, TRAF6.1	29
PRODB_00026	Y	N	Y	Ec_Nissle_1917_04996	Escherichia coli	hypothetical protein	Y	155864.EDL933_5168	8.26E-48	162	COG1739@1|root,COG1739@2|Bacteria,1NFJC@1224|Proteobacteria,1RPBF@1236|Gammaproteobacteria,3XNVA@561|Escherichia	1236|Gammaproteobacteria	S	Uncharacterized protein family UPF0029	yigZ	-	2.1.1.45	ko:K00560	ko00240,ko00670,ko01100,ko01523,map00240,map00670,map01100,map01523	M00053	R02101	RC00219,RC00332	ko00000,ko00001,ko00002,ko01000	-	-	-	DUF1949,UPF0029	IRAK1.1, IRAK1.2, IRAK1.3, IRAK1.4, IRAK4.1, NFKB1.2, NFKBIA.1, NLRC4.3, NLRC4.4, NLRP3.1, NLRP3.3, NLRP3.5, NLRP3.6, RELA.1, RELA.2, RELA.3, RELA.4, TAB2.1, TAB2.2, TLR4.3	20
PRODB_00027	Y	Y	Y	Ec_Nissle_1917_04608	Escherichia coli	hypothetical protein	Y	199310.c5148	1.25E-14	70.9	2DJZG@1|root,307Y7@2|Bacteria,1QS78@1224|Proteobacteria,1TKYB@1236|Gammaproteobacteria,3XQIW@561|Escherichia	1236|Gammaproteobacteria	-	-	-	-	-	-	-	-	-	-	-	-	-	-	-	AIM2.1, IKBKB.1, IKBKB.2, IKBKB.3, IKBKB.4, IRAK1.1, IRAK1.2, IRAK1.3, IRAK1.4, IRAK4.1, IRAK4.2, NAIP.1, NAIP.2, NFKB1.2, NFKBIA.1, NLRC4.1, NLRC4.2, NLRC4.3, NLRC4.4, NLRP1.1, NLRP1.2, NLRP1.3, NLRP1.4, NLRP1.5, NLRP12.1, NLRP12.2, NLRP12.3, NLRP12.4, NLRP12.5, NLRP12.6, NLRP12.7, NLRP3.1, NLRP3.2, NLRP3.3, NLRP3.4, NLRP3.5, NLRP3.6, NLRP6.1, NLRP6.2, RELA.1, RELA.2, RELA.3, RELA.4, TAB2.1, TAB2.2, TLR4.1, TLR4.2, TLR4.3, TRAF6.1	49
PRODB_00028	Y	Y	Y	Ec_Nissle_1917_04031	Escherichia coli	hypothetical protein	Y	155864.EDL933_4928	6.69E-15	71.6	2DEIP@1|root,2ZN4X@2|Bacteria,1RA74@1224|Proteobacteria,1S3MA@1236|Gammaproteobacteria	1236|Gammaproteobacteria	-	-	-	-	-	-	-	-	-	-	-	-	-	-	-	AIM2.1, IKBKB.1, IKBKB.2, IKBKB.3, IKBKB.4, IRAK1.1, IRAK1.2, IRAK1.3, IRAK1.4, IRAK4.1, IRAK4.2, NAIP.1, NAIP.2, NFKB1.2, NFKBIA.1, NLRC4.1, NLRC4.2, NLRC4.3, NLRC4.4, NLRP1.1, NLRP1.2, NLRP1.3, NLRP1.4, NLRP1.5, NLRP12.1, NLRP12.2, NLRP12.3, NLRP12.4, NLRP12.5, NLRP12.6, NLRP12.7, NLRP3.1, NLRP3.2, NLRP3.3, NLRP3.4, NLRP3.5, NLRP3.6, NLRP6.1, NLRP6.2, RELA.1, RELA.2, RELA.3, RELA.4, TAB2.1, TAB2.2, TLR4.1, TLR4.2, TLR4.3, TRAF6.1	49
PRODB_00029	Y	Y	Y	Ec_Nissle_1917_05184	Escherichia coli	Malate synthase A	Y	199310.c4971	4.05E-293	806	COG2225@1|root,COG2225@2|Bacteria,1MVEV@1224|Proteobacteria,1RPVI@1236|Gammaproteobacteria,3XP4H@561|Escherichia	1236|Gammaproteobacteria	H	Belongs to the malate synthase family	aceB	GO:0003674,GO:0003824,GO:0004474,GO:0005575,GO:0005622,GO:0005623,GO:0005737,GO:0005975,GO:0006081,GO:0006082,GO:0006097,GO:0008150,GO:0008152,GO:0009987,GO:0016740,GO:0016746,GO:0019752,GO:0032787,GO:0043436,GO:0044237,GO:0044238,GO:0044262,GO:0044281,GO:0044424,GO:0044464,GO:0046487,GO:0046912,GO:0071704	2.3.3.9	ko:K01638	ko00620,ko00630,ko01100,ko01110,ko01120,ko01200,map00620,map00630,map01100,map01110,map01120,map01200	M00012	R00472	RC00004,RC00308,RC02747	ko00000,ko00001,ko00002,ko01000	-	-	iEC55989_1330.EC55989_4499,iLF82_1304.LF82_0013,iNRG857_1313.NRG857_20010	Malate_synthase	AIM2.1, IKBKB.3, IRAK1.1, IRAK1.2, IRAK1.3, IRAK1.4, IRAK4.1, NAIP.1, NAIP.2, NFKB1.2, NFKBIA.1, NLRC4.1, NLRC4.2, NLRC4.3, NLRC4.4, NLRP1.1, NLRP1.2, NLRP1.3, NLRP1.4, NLRP1.5, NLRP12.1, NLRP12.2, NLRP12.3, NLRP12.4, NLRP12.5, NLRP12.6, NLRP12.7, NLRP3.1, NLRP3.2, NLRP3.3, NLRP3.4, NLRP3.5, NLRP3.6, NLRP6.1, NLRP6.2, RELA.1, RELA.2, RELA.3, RELA.4, TAB2.1, TAB2.2, TLR4.1, TLR4.2, TLR4.3, TRAF6.1	45
PRODB_00030	Y	Y	Y	Ec_Nissle_1917_05053	Escherichia coli	hypothetical protein	Y	1440052.EAKF1_ch2113c	1.61E-44	160	COG0620@1|root,COG0620@2|Bacteria,1MUI9@1224|Proteobacteria,1RMBA@1236|Gammaproteobacteria,3XP3E@561|Escherichia	1236|Gammaproteobacteria	E	Catalyzes the transfer of a methyl group from 5- methyltetrahydrofolate to homocysteine resulting in methionine formation	metE	GO:0000096,GO:0000097,GO:0003674,GO:0003824,GO:0003871,GO:0005575,GO:0005576,GO:0005622,GO:0005623,GO:0005737,GO:0005829,GO:0006082,GO:0006464,GO:0006479,GO:0006520,GO:0006555,GO:0006575,GO:0006725,GO:0006730,GO:0006732,GO:0006760,GO:0006790,GO:0006807,GO:0008150,GO:0008152,GO:0008168,GO:0008172,GO:0008213,GO:0008276,GO:0008652,GO:0008705,GO:0009058,GO:0009066,GO:0009067,GO:0009086,GO:0009987,GO:0016053,GO:0016740,GO:0016741,GO:0019538,GO:0019752,GO:0032259,GO:0034641,GO:0035999,GO:0036211,GO:0042084,GO:0042085,GO:0042558,GO:0043170,GO:0043412,GO:0043414,GO:0043436,GO:0043603,GO:0044237,GO:0044238,GO:0044249,GO:0044260,GO:0044267,GO:0044272,GO:0044281,GO:0044283,GO:0044424,GO:0044444,GO:0044464,GO:0046394,GO:0046483,GO:0046653,GO:0050667,GO:0051186,GO:0071704,GO:0140096,GO:1901360,GO:1901564,GO:1901566,GO:1901576,GO:1901605,GO:1901607	2.1.1.14	ko:K00549	ko00270,ko00450,ko01100,ko01110,ko01230,map00270,map00450,map01100,map01110,map01230	M00017	R04405,R09365	RC00035,RC00113,RC01241	ko00000,ko00001,ko00002,ko01000	-	-	iE2348C_1286.E2348C_4130,iECO103_1326.ECO103_4334,iECO111_1330.ECO111_4657,iECO26_1355.ECO26_4756,iECW_1372.ECW_m4131,iEKO11_1354.EKO11_4528,iPC815.YPO3788,iWFL_1372.ECW_m4131	Meth_synt_1,Meth_synt_2	AIM2.1, IKBKB.1, IKBKB.2, IKBKB.3, IKBKB.4, IRAK1.1, IRAK1.2, IRAK1.3, IRAK1.4, IRAK4.1, IRAK4.2, NAIP.1, NAIP.2, NFKB1.2, NFKBIA.1, NLRC4.1, NLRC4.2, NLRC4.3, NLRC4.4, NLRP1.1, NLRP1.2, NLRP1.3, NLRP1.4, NLRP1.5, NLRP12.1, NLRP12.2, NLRP12.3, NLRP12.4, NLRP12.5, NLRP12.6, NLRP12.7, NLRP3.1, NLRP3.2, NLRP3.3, NLRP3.4, NLRP3.5, NLRP3.6, NLRP6.1, NLRP6.2, RELA.1, RELA.2, RELA.3, RELA.4, TAB2.1, TAB2.2, TLR4.1, TLR4.2, TLR4.3, TRAF6.1	49
PRODB_00031	Y	Y	Y	Ec_Nissle_1917_04875	Escherichia coli	hypothetical protein	Y	198214.CP0108	4.80E-51	163	COG2963@1|root,COG2963@2|Bacteria,1NAGA@1224|Proteobacteria,1SCDK@1236|Gammaproteobacteria	1236|Gammaproteobacteria	L	cog cog2963	-	-	-	ko:K07483	-	-	-	-	ko00000	-	-	-	HTH_Tnp_1	AIM2.1, IKBKB.4, IRAK1.1, IRAK1.2, IRAK1.3, IRAK1.4, IRAK4.1, NAIP.1, NAIP.2, NFKB1.2, NLRC4.2, NLRC4.4, NLRP1.1, NLRP1.2, NLRP1.3, NLRP1.4, NLRP12.5, NLRP3.1, NLRP3.2, NLRP3.3, NLRP3.4, NLRP3.5, NLRP3.6, RELA.1, RELA.2, RELA.3, RELA.4, TAB2.1, TAB2.2, TLR4.3, TRAF6.1	31
PRODB_00032	Y	Y	Y	Ec_Nissle_1917_05215	Escherichia coli	hypothetical protein	Y	1441930.Z042_16355	1.74E-48	172	COG0467@1|root,COG1401@1|root,COG0467@2|Bacteria,COG1401@2|Bacteria,1MYQM@1224|Proteobacteria,1RSU7@1236|Gammaproteobacteria	1236|Gammaproteobacteria	V	GTPase subunit of restriction endonuclease	-	-	-	ko:K07452	-	-	-	-	ko00000,ko01000,ko02048	-	-	-	AAA_5	IRAK1.1, IRAK1.2, IRAK1.3, IRAK1.4, NFKB1.2, TAB2.1, TAB2.2	7
PRODB_00033	Y	Y	Y	Ec_Nissle_1917_03773	Escherichia coli	hypothetical protein	Y	199310.c4214	4.19E-12	65.5	COG3539@1|root,COG3539@2|Bacteria	2|Bacteria	NU	cell adhesion	elfA	GO:0005575,GO:0005623,GO:0007155,GO:0008150,GO:0009289,GO:0009987,GO:0022610,GO:0031589,GO:0042710,GO:0042995,GO:0043708,GO:0043709,GO:0044010,GO:0044464,GO:0044764,GO:0051704,GO:0090605,GO:0090609	-	ko:K07345,ko:K07351	ko05133,map05133	-	-	-	ko00000,ko00001,ko02035,ko02044	-	-	-	Fimbrial	AIM2.1, IKBKB.1, IKBKB.2, IKBKB.3, IKBKB.4, IRAK1.1, IRAK1.2, IRAK1.3, IRAK1.4, IRAK4.1, IRAK4.2, NAIP.1, NAIP.2, NFKB1.2, NFKBIA.1, NLRC4.1, NLRC4.2, NLRC4.3, NLRC4.4, NLRP1.1, NLRP1.2, NLRP1.3, NLRP1.4, NLRP1.5, NLRP12.1, NLRP12.2, NLRP12.3, NLRP12.4, NLRP12.5, NLRP12.6, NLRP12.7, NLRP3.1, NLRP3.2, NLRP3.3, NLRP3.4, NLRP3.5, NLRP3.6, NLRP6.1, NLRP6.2, RELA.1, RELA.2, RELA.3, RELA.4, TAB2.1, TAB2.2, TLR4.1, TLR4.2, TLR4.3, TRAF6.1	49
PRODB_00034	Y	Y	Y	Ec_Nissle_1917_01155	Escherichia coli	hypothetical protein	Y	155864.EDL933_1607	1.68E-65	206	COG1387@1|root,COG1387@2|Bacteria,1MYXV@1224|Proteobacteria,1RRE9@1236|Gammaproteobacteria,3XNRR@561|Escherichia	1236|Gammaproteobacteria	E	Belongs to the PHP family	ycdX	GO:0001539,GO:0003674,GO:0003824,GO:0005488,GO:0005575,GO:0005622,GO:0005623,GO:0005737,GO:0005829,GO:0006928,GO:0008150,GO:0008270,GO:0009987,GO:0016787,GO:0016788,GO:0040011,GO:0042578,GO:0043167,GO:0043169,GO:0044424,GO:0044444,GO:0044464,GO:0046872,GO:0046914,GO:0048870,GO:0051179,GO:0051674,GO:0071973,GO:0071978,GO:0097588	-	ko:K04477	-	-	-	-	ko00000	-	-	-	PHP	AIM2.1, IKBKB.3, IRAK1.1, IRAK1.2, IRAK1.3, IRAK1.4, IRAK4.1, IRAK4.2, NAIP.1, NAIP.2, NFKB1.2, NFKBIA.1, NLRC4.1, NLRC4.2, NLRC4.3, NLRC4.4, NLRP1.1, NLRP1.2, NLRP1.3, NLRP1.4, NLRP1.5, NLRP12.1, NLRP12.2, NLRP12.3, NLRP12.4, NLRP12.5, NLRP12.6, NLRP12.7, NLRP3.1, NLRP3.2, NLRP3.3, NLRP3.4, NLRP3.5, NLRP3.6, NLRP6.1, NLRP6.2, RELA.1, RELA.2, RELA.3, RELA.4, TAB2.1, TAB2.2, TLR4.1, TLR4.2, TLR4.3, TRAF6.1	46
PRODB_00035	Y	Y	Y	Ec_Nissle_1917_05163	Escherichia coli	hypothetical protein	Y	362663.ECP_1999	5.37E-27	107	COG1215@1|root,COG1215@2|Bacteria,1R4DW@1224|Proteobacteria,1S1XD@1236|Gammaproteobacteria,3XQC3@561|Escherichia	1236|Gammaproteobacteria	M	transferase activity, transferring glycosyl groups	yaiP	GO:0006950,GO:0006974,GO:0008150,GO:0009987,GO:0033554,GO:0050896,GO:0051716	-	-	-	-	-	-	-	-	-	-	Glycos_transf_2	AIM2.1, IKBKB.1, IKBKB.2, IKBKB.3, IKBKB.4, IRAK1.1, IRAK1.2, IRAK1.3, IRAK1.4, IRAK4.1, IRAK4.2, NAIP.1, NAIP.2, NFKB1.2, NFKBIA.1, NLRC4.1, NLRC4.2, NLRC4.3, NLRC4.4, NLRP1.1, NLRP1.2, NLRP1.3, NLRP1.4, NLRP1.5, NLRP12.1, NLRP12.2, NLRP12.3, NLRP12.4, NLRP12.5, NLRP12.6, NLRP12.7, NLRP3.1, NLRP3.2, NLRP3.3, NLRP3.4, NLRP3.5, NLRP3.6, NLRP6.1, NLRP6.2, RELA.1, RELA.2, RELA.3, RELA.4, TAB2.1, TAB2.2, TLR4.1, TLR4.2, TLR4.3, TRAF6.1	49
PRODB_00036	Y	Y	Y	Ec_Nissle_1917_03064	Escherichia coli	hypothetical protein	Y	1440052.EAKF1_ch3179c	6.87E-17	79.3	COG1609@1|root,COG1609@2|Bacteria,1MU1G@1224|Proteobacteria,1RMSP@1236|Gammaproteobacteria,3XNH3@561|Escherichia	1236|Gammaproteobacteria	K	Transcriptional regulator GalR	galR	GO:0003674,GO:0003676,GO:0003677,GO:0005488,GO:0005515,GO:0006139,GO:0006351,GO:0006355,GO:0006725,GO:0006807,GO:0008150,GO:0008152,GO:0009058,GO:0009059,GO:0009889,GO:0009987,GO:0010467,GO:0010468,GO:0010556,GO:0016070,GO:0018130,GO:0019219,GO:0019222,GO:0019438,GO:0031323,GO:0031326,GO:0032774,GO:0034641,GO:0034645,GO:0034654,GO:0042802,GO:0043170,GO:0044237,GO:0044238,GO:0044249,GO:0044260,GO:0044271,GO:0046483,GO:0050789,GO:0050794,GO:0051171,GO:0051252,GO:0060255,GO:0065007,GO:0071704,GO:0080090,GO:0090304,GO:0097159,GO:0097659,GO:1901360,GO:1901362,GO:1901363,GO:1901576,GO:1903506,GO:2000112,GO:2001141	-	ko:K02529	-	-	-	-	ko00000,ko03000	-	-	-	LacI,Peripla_BP_3	AIM2.1, IKBKB.1, IKBKB.2, IKBKB.3, IKBKB.4, IRAK1.1, IRAK1.2, IRAK1.3, IRAK1.4, IRAK4.1, IRAK4.2, NAIP.1, NAIP.2, NFKB1.2, NFKBIA.1, NLRC4.1, NLRC4.2, NLRC4.3, NLRC4.4, NLRP1.1, NLRP1.2, NLRP1.3, NLRP1.4, NLRP1.5, NLRP12.1, NLRP12.2, NLRP12.3, NLRP12.4, NLRP12.5, NLRP12.6, NLRP12.7, NLRP3.1, NLRP3.2, NLRP3.3, NLRP3.4, NLRP3.5, NLRP3.6, NLRP6.1, NLRP6.2, RELA.1, RELA.2, RELA.3, RELA.4, TAB2.1, TAB2.2, TLR4.1, TLR4.2, TLR4.3, TRAF6.1	49
PRODB_00037	Y	Y	Y	Ec_Nissle_1917_04939	Escherichia coli	hypothetical protein	Y	199310.c0272	1.03E-05	45.8	2CZYD@1|root,333DH@2|Bacteria,1N89D@1224|Proteobacteria,1SFG4@1236|Gammaproteobacteria,3XR4B@561|Escherichia	1236|Gammaproteobacteria	S	Escherichia coli O157 H7 ortholog	-	-	-	-	-	-	-	-	-	-	-	-	DUF987	AIM2.1, IKBKB.1, IKBKB.2, IKBKB.3, IKBKB.4, IRAK1.1, IRAK1.2, IRAK1.3, IRAK1.4, IRAK4.1, IRAK4.2, NAIP.1, NAIP.2, NFKB1.2, NFKBIA.1, NLRC4.1, NLRC4.2, NLRC4.3, NLRC4.4, NLRP1.1, NLRP1.2, NLRP1.3, NLRP1.4, NLRP1.5, NLRP12.1, NLRP12.2, NLRP12.3, NLRP12.4, NLRP12.5, NLRP12.6, NLRP12.7, NLRP3.1, NLRP3.2, NLRP3.3, NLRP3.4, NLRP3.5, NLRP3.6, NLRP6.1, NLRP6.2, RELA.1, RELA.2, RELA.3, RELA.4, TAB2.1, TAB2.2, TLR4.1, TLR4.2, TLR4.3, TRAF6.1	49
PRODB_00038	Y	Y	Y	Ec_Nissle_1917_04933	Escherichia coli	hypothetical protein	Y	199310.c2456	9.47E-263	739	COG0534@1|root,COG0534@2|Bacteria,1MVRV@1224|Proteobacteria,1RRDQ@1236|Gammaproteobacteria	1236|Gammaproteobacteria	V	COG0534 Na -driven multidrug efflux pump	-	-	-	-	-	-	-	-	-	-	-	-	MatE	AIM2.1, IRAK4.1, NFKB1.2, NFKBIA.1, NLRC4.4, NLRP1.1, NLRP3.1, NLRP3.2, NLRP3.3, NLRP3.4, NLRP3.5, NLRP3.6, RELA.1, RELA.4, TAB2.1, TAB2.2, TRAF6.1	17
PRODB_00039	Y	Y	Y	Se_CD-SL01_03640	Salmonella enterica	hypothetical protein	Y	90371.CY43_00940	1.11E-162	463	COG1489@1|root,COG1489@2|Bacteria,1MUC3@1224|Proteobacteria,1RQ95@1236|Gammaproteobacteria,3ZJSB@590|Salmonella	1236|Gammaproteobacteria	S	Binds to DNA non-specifically. Could be a regulatory factor involved in maltose metabolism	sfsA	GO:0003674,GO:0003676,GO:0003677,GO:0005488,GO:0005975,GO:0006355,GO:0008150,GO:0008152,GO:0009889,GO:0009891,GO:0009893,GO:0010468,GO:0010556,GO:0010557,GO:0010604,GO:0010628,GO:0019219,GO:0019222,GO:0031323,GO:0031325,GO:0031326,GO:0031328,GO:0044238,GO:0045893,GO:0045935,GO:0048518,GO:0048522,GO:0050789,GO:0050794,GO:0051171,GO:0051173,GO:0051252,GO:0051254,GO:0060255,GO:0065007,GO:0071704,GO:0080090,GO:0097159,GO:1901363,GO:1902680,GO:1903506,GO:1903508,GO:2000112,GO:2001141	-	ko:K06206	-	-	-	-	ko00000	-	-	-	SfsA	AIM2.1, IRAK1.1, IRAK1.2, IRAK1.3, IRAK1.4, NFKB1.2, NLRC4.4, NLRP1.1, NLRP1.4, NLRP12.2, NLRP12.5, NLRP3.1, NLRP3.2, NLRP3.3, NLRP3.4, NLRP3.5, NLRP3.6, RELA.1, RELA.2, RELA.4, TAB2.1, TAB2.2, TLR4.3	23
PRODB_00040	Y	Y	Y	Ec_Nissle_1917_04263	Escherichia coli	hypothetical protein	Y	199310.c4794	1.05E-234	650	COG0006@1|root,COG0006@2|Bacteria,1MURT@1224|Proteobacteria,1RMKT@1236|Gammaproteobacteria,3XM9C@561|Escherichia	1236|Gammaproteobacteria	E	Splits dipeptides with a prolyl residue in the C- terminal position	pepQ	GO:0003674,GO:0003824,GO:0005488,GO:0005575,GO:0005622,GO:0005623,GO:0005737,GO:0005829,GO:0006508,GO:0006518,GO:0006807,GO:0008150,GO:0008152,GO:0008233,GO:0008235,GO:0008237,GO:0008238,GO:0009056,GO:0009987,GO:0016787,GO:0016805,GO:0019538,GO:0030145,GO:0034641,GO:0043167,GO:0043169,GO:0043170,GO:0043171,GO:0043603,GO:0044237,GO:0044238,GO:0044248,GO:0044424,GO:0044444,GO:0044464,GO:0046872,GO:0046914,GO:0070011,GO:0070573,GO:0071704,GO:0140096,GO:1901564,GO:1901565,GO:1901575	3.4.13.9	ko:K01271	-	-	-	-	ko00000,ko01000,ko01002	-	-	-	Peptidase_M24	AIM2.1, IRAK1.1, IRAK1.2, IRAK1.3, IRAK1.4, NFKB1.2, NLRC4.4, NLRP1.1, NLRP1.4, NLRP12.5, NLRP3.3, NLRP3.6, RELA.1, RELA.2, RELA.3, RELA.4, TAB2.1, TAB2.2, TRAF6.1	19
PRODB_00041	Y	Y	Y	Kp_KPH_01053	Klebsiella pneumoniae	Nicotinamide-nucleotide amidohydrolase PncC	Y	573.JG24_19700	4.99E-54	173	COG1546@1|root,COG1546@2|Bacteria,1RH2Y@1224|Proteobacteria,1S5WH@1236|Gammaproteobacteria	1236|Gammaproteobacteria	J	Belongs to the CinA family	ygaD	GO:0003674,GO:0003824,GO:0016787,GO:0016810,GO:0016811,GO:0019159	3.5.1.42	ko:K03743	ko00760,map00760	-	R02322	RC00100	ko00000,ko00001,ko01000	-	-	-	CinA	AIM2.1, IKBKB.3, IKBKB.4, IRAK1.1, IRAK1.2, IRAK1.3, IRAK1.4, IRAK4.1, IRAK4.2, NAIP.1, NAIP.2, NFKB1.2, NFKBIA.1, NLRC4.1, NLRC4.2, NLRC4.3, NLRC4.4, NLRP1.1, NLRP1.2, NLRP1.3, NLRP1.4, NLRP1.5, NLRP12.1, NLRP12.2, NLRP12.3, NLRP12.4, NLRP12.5, NLRP12.6, NLRP12.7, NLRP3.1, NLRP3.2, NLRP3.3, NLRP3.4, NLRP3.5, NLRP3.6, NLRP6.1, NLRP6.2, RELA.1, RELA.2, RELA.3, RELA.4, TAB2.1, TAB2.2, TLR4.1, TLR4.2, TLR4.3, TRAF6.1	47
PRODB_00042	Y	Y	Y	Ec_RM8082_00762	Escherichia coli	Cell division coordinator CpoB	Y	198214.SF0555	9.92E-58	188	COG1729@1|root,COG1729@2|Bacteria,1MUSV@1224|Proteobacteria,1RQWA@1236|Gammaproteobacteria	1236|Gammaproteobacteria	D	Mediates coordination of peptidoglycan synthesis and outer membrane constriction during cell division	cpoB	-	-	-	-	-	-	-	-	-	-	-	TPR_16,TPR_6,TolA_bind_tri	AIM2.1, IKBKB.1, IKBKB.2, IKBKB.3, IKBKB.4, IRAK1.1, IRAK1.2, IRAK1.3, IRAK1.4, IRAK4.1, IRAK4.2, NAIP.1, NAIP.2, NFKB1.2, NFKBIA.1, NLRC4.1, NLRC4.2, NLRC4.3, NLRC4.4, NLRP1.1, NLRP1.2, NLRP1.3, NLRP1.4, NLRP1.5, NLRP12.1, NLRP12.2, NLRP12.3, NLRP12.4, NLRP12.5, NLRP12.6, NLRP12.7, NLRP3.1, NLRP3.2, NLRP3.3, NLRP3.4, NLRP3.5, NLRP3.6, NLRP6.1, NLRP6.2, RELA.1, RELA.2, RELA.3, RELA.4, TAB2.1, TAB2.2, TLR4.1, TLR4.2, TLR4.3, TRAF6.1	49
PRODB_00043	Y	Y	Y	Ec_MLI104K2_03211	Escherichia coli	hypothetical protein	Y	754331.AEME01000001_gene3084	1.14E-34	130	2C57E@1|root,2Z8WK@2|Bacteria,1PPA2@1224|Proteobacteria,1RZPQ@1236|Gammaproteobacteria,3XQFJ@561|Escherichia	1236|Gammaproteobacteria	S	Phage major capsid protein E	JD73_18860	-	-	-	-	-	-	-	-	-	-	-	Phage_cap_E	AIM2.1, IKBKB.3, IRAK1.1, IRAK1.2, IRAK1.3, IRAK1.4, IRAK4.1, NAIP.1, NAIP.2, NFKB1.2, NFKBIA.1, NLRC4.2, NLRC4.3, NLRC4.4, NLRP1.1, NLRP1.2, NLRP1.3, NLRP1.4, NLRP12.1, NLRP12.2, NLRP12.3, NLRP12.4, NLRP12.5, NLRP12.6, NLRP12.7, NLRP3.1, NLRP3.2, NLRP3.3, NLRP3.4, NLRP3.5, NLRP3.6, RELA.1, RELA.2, RELA.3, RELA.4, TAB2.1, TAB2.2, TLR4.1, TLR4.2, TLR4.3, TRAF6.1	41
PRODB_00044	Y	Y	Y	Ec_NC19_03818	Escherichia coli	hypothetical protein	Y	481805.EcolC_2104	0.00E+00	1220	COG1196@1|root,COG1196@2|Bacteria,1MU81@1224|Proteobacteria,1RS6P@1236|Gammaproteobacteria,3XMR1@561|Escherichia	1236|Gammaproteobacteria	D	Escherichia coli O157 H7 ortholog z2140	-	-	-	-	-	-	-	-	-	-	-	-	TMP_2,Tape_meas_lam_C	AIM2.1, IKBKB.1, IKBKB.2, IKBKB.3, IKBKB.4, IRAK1.1, IRAK1.2, IRAK1.3, IRAK1.4, IRAK4.1, IRAK4.2, NAIP.1, NAIP.2, NFKB1.2, NFKBIA.1, NLRC4.1, NLRC4.2, NLRC4.3, NLRC4.4, NLRP1.1, NLRP1.2, NLRP1.3, NLRP1.4, NLRP1.5, NLRP12.1, NLRP12.2, NLRP12.3, NLRP12.4, NLRP12.5, NLRP12.6, NLRP12.7, NLRP3.1, NLRP3.2, NLRP3.3, NLRP3.4, NLRP3.5, NLRP3.6, NLRP6.1, NLRP6.2, RELA.1, RELA.2, RELA.3, RELA.4, TAB2.1, TAB2.2, TLR4.1, TLR4.2, TLR4.3, TRAF6.1	49
PRODB_00045	Y	Y	Y	Ec_Nissle_1917_05174	Escherichia coli	hypothetical protein	Y	199310.c2663	0.00E+00	1168	COG1472@1|root,COG1472@2|Bacteria,1MVIV@1224|Proteobacteria,1RMA0@1236|Gammaproteobacteria,3XN99@561|Escherichia	1236|Gammaproteobacteria	G	Belongs to the glycosyl hydrolase 3 family	bglX	GO:0000272,GO:0003674,GO:0003824,GO:0004553,GO:0005575,GO:0005623,GO:0005886,GO:0005975,GO:0005976,GO:0008150,GO:0008152,GO:0008422,GO:0009056,GO:0009057,GO:0009251,GO:0015926,GO:0016020,GO:0016052,GO:0016787,GO:0016798,GO:0030288,GO:0030313,GO:0031975,GO:0042597,GO:0043170,GO:0044042,GO:0044238,GO:0044464,GO:0071704,GO:0071944,GO:1901575	3.2.1.21	ko:K05349	ko00460,ko00500,ko00940,ko01100,ko01110,map00460,map00500,map00940,map01100,map01110	-	R00026,R02558,R02887,R02985,R03527,R04949,R04998,R10035,R10039,R10040	RC00049,RC00059,RC00171,RC00262,RC00397,RC00451,RC00714,RC00746,RC01248	ko00000,ko00001,ko01000	-	GH3	iECOK1_1307.ECOK1_2363,iECS88_1305.ECS88_2276,iSF_1195.SF2217,iSFxv_1172.SFxv_2448,iS_1188.S2346,iUMN146_1321.UM146_06125,iUTI89_1310.UTI89_C2406	Fn3-like,Glyco_hydro_3,Glyco_hydro_3_C	AIM2.1, IKBKB.3, IRAK1.1, IRAK1.2, IRAK1.3, IRAK1.4, IRAK4.1, IRAK4.2, NAIP.1, NAIP.2, NFKB1.2, NFKBIA.1, NLRC4.1, NLRC4.2, NLRC4.3, NLRC4.4, NLRP1.1, NLRP1.2, NLRP1.3, NLRP1.4, NLRP1.5, NLRP12.1, NLRP12.2, NLRP12.3, NLRP12.4, NLRP12.5, NLRP12.6, NLRP12.7, NLRP3.1, NLRP3.2, NLRP3.3, NLRP3.4, NLRP3.5, NLRP3.6, NLRP6.1, NLRP6.2, RELA.1, RELA.2, RELA.3, RELA.4, TAB2.1, TAB2.2, TLR4.1, TLR4.2, TLR4.3, TRAF6.1	46
PRODB_00046	Y	Y	Y	Sb_ATCC_49812_00419	Shigella boydii	hypothetical protein	Y	1440052.EAKF1_ch0006	9.04E-14	68.6	COG2963@1|root,COG2963@2|Bacteria,1N0V0@1224|Proteobacteria,1S7WV@1236|Gammaproteobacteria,3XRHH@561|Escherichia	1236|Gammaproteobacteria	L	transposase activity	-	-	-	ko:K07483	-	-	-	-	ko00000	-	-	-	HTH_Tnp_1	AIM2.1, IKBKB.1, IKBKB.2, IKBKB.3, IKBKB.4, IRAK1.1, IRAK1.2, IRAK1.3, IRAK1.4, IRAK4.1, IRAK4.2, NAIP.1, NAIP.2, NFKB1.2, NFKBIA.1, NLRC4.1, NLRC4.2, NLRC4.3, NLRC4.4, NLRP1.1, NLRP1.2, NLRP1.3, NLRP1.4, NLRP1.5, NLRP12.1, NLRP12.2, NLRP12.3, NLRP12.4, NLRP12.5, NLRP12.6, NLRP12.7, NLRP3.1, NLRP3.2, NLRP3.3, NLRP3.4, NLRP3.5, NLRP3.6, NLRP6.1, NLRP6.2, RELA.1, RELA.2, RELA.3, RELA.4, TAB2.1, TAB2.2, TLR4.1, TLR4.2, TLR4.3, TRAF6.1	49
PRODB_00047	Y	Y	Y	Ec_WB61_02563	Escherichia coli	hypothetical protein	Y	502347.ESCAB7627_0701	6.57E-151	432	28H9R@1|root,2Z7MD@2|Bacteria,1MVTR@1224|Proteobacteria,1RMPH@1236|Gammaproteobacteria,3XNIG@561|Escherichia	1236|Gammaproteobacteria	S	Escherichia coli O157 H7 ortholog z1655	yfjQ	-	-	-	-	-	-	-	-	-	-	-	DUF932	AIM2.1, IRAK1.1, IRAK1.2, IRAK1.3, IRAK1.4, IRAK4.1, NFKB1.2, NFKBIA.1, NLRC4.3, NLRC4.4, NLRP1.1, NLRP1.2, NLRP1.4, NLRP12.5, NLRP3.1, NLRP3.2, NLRP3.3, NLRP3.4, NLRP3.5, NLRP3.6, RELA.1, RELA.2, RELA.3, RELA.4, TAB2.1, TAB2.2, TLR4.3	27
PRODB_00048	Y	Y	Y	Sd_ATCC_12039_02736	Shigella dysenteriae	Ribosomal large subunit pseudouridine synthase E	Y	316407.4063	3.20E-99	291	COG1187@1|root,COG1187@2|Bacteria,1R9VV@1224|Proteobacteria,1S1ZX@1236|Gammaproteobacteria,3XMPV@561|Escherichia	1236|Gammaproteobacteria	J	Responsible for synthesis of pseudouridine from uracil- 2457 in 23S ribosomal RNA	rluE	GO:0000154,GO:0000455,GO:0001522,GO:0003674,GO:0003824,GO:0005575,GO:0005622,GO:0005623,GO:0005737,GO:0005829,GO:0006139,GO:0006364,GO:0006396,GO:0006725,GO:0006807,GO:0008150,GO:0008152,GO:0009451,GO:0009982,GO:0009987,GO:0010467,GO:0016070,GO:0016072,GO:0016853,GO:0016866,GO:0022613,GO:0031118,GO:0034470,GO:0034641,GO:0034660,GO:0042254,GO:0043170,GO:0043412,GO:0044085,GO:0044237,GO:0044238,GO:0044424,GO:0044444,GO:0044464,GO:0046483,GO:0071704,GO:0071840,GO:0090304,GO:1901360	5.4.99.20	ko:K06181	-	-	-	-	ko00000,ko01000,ko03009	-	-	-	PseudoU_synth_2	AIM2.1, IKBKB.2, IKBKB.3, IKBKB.4, IRAK1.1, IRAK1.2, IRAK1.3, IRAK1.4, IRAK4.1, IRAK4.2, NAIP.1, NAIP.2, NFKB1.2, NFKBIA.1, NLRC4.1, NLRC4.2, NLRC4.3, NLRC4.4, NLRP1.1, NLRP1.2, NLRP1.3, NLRP1.4, NLRP1.5, NLRP12.1, NLRP12.2, NLRP12.3, NLRP12.4, NLRP12.5, NLRP12.6, NLRP12.7, NLRP3.1, NLRP3.2, NLRP3.3, NLRP3.4, NLRP3.5, NLRP3.6, NLRP6.1, NLRP6.2, RELA.1, RELA.2, RELA.3, RELA.4, TAB2.1, TAB2.2, TLR4.1, TLR4.2, TLR4.3, TRAF6.1	48
PRODB_00049	Y	Y	Y	Se_SA20085604_04086	Salmonella enterica	Prophage integrase IntA	Y	502347.ESCAB7627_1702	1.81E-223	624	COG0582@1|root,COG0582@2|Bacteria,1MU23@1224|Proteobacteria,1RMJ1@1236|Gammaproteobacteria,3XPHQ@561|Escherichia	1236|Gammaproteobacteria	L	Integrase is necessary for integration of the phage into the host genome by site-specific recombination. In conjunction with excisionase, integrase is also necessary for excision of the prophage from the host genome. Part of the cryptic P4-like prophage CP4-57, it excises the prophage when overexpressed, which also requires integration host factor (encoded by ihfA and ihfB). Overexpression of AlpA leads to excision of the CP4-57 prophage, which inactivates ssrA (the gene upstream of the prophage) that encodes tmRNA which is required to rescue stalled ribosomes in a process known as trans-translation	intA	GO:0000150,GO:0003674,GO:0003824,GO:0005575,GO:0006139,GO:0006259,GO:0006310,GO:0006725,GO:0006807,GO:0008150,GO:0008152,GO:0008907,GO:0008979,GO:0009009,GO:0009987,GO:0015074,GO:0016032,GO:0019012,GO:0019015,GO:0019038,GO:0019042,GO:0019043,GO:0019045,GO:0019046,GO:0032359,GO:0034641,GO:0043170,GO:0044237,GO:0044238,GO:0044260,GO:0044403,GO:0044419,GO:0044423,GO:0046483,GO:0051704,GO:0071704,GO:0075713,GO:0090304,GO:0140097,GO:1901360	-	-	-	-	-	-	-	-	-	-	Arm-DNA-bind_3,Phage_int_SAM_3,Phage_integrase	AIM2.1, IRAK1.1, IRAK1.2, IRAK1.3, IRAK1.4, IRAK4.1, NFKB1.2, NFKBIA.1, NLRC4.3, NLRC4.4, NLRP1.1, NLRP1.2, NLRP1.3, NLRP1.4, NLRP12.5, NLRP3.1, NLRP3.2, NLRP3.3, NLRP3.4, NLRP3.5, NLRP3.6, RELA.1, RELA.2, RELA.3, RELA.4, TAB2.1, TAB2.2	27
PRODB_00050	Y	Y	Y	Ec_Nissle_1917_00705	Escherichia coli	hypothetical protein	Y	199310.c0768	1.32E-28	113	2C471@1|root,2Z7J2@2|Bacteria,1NDEQ@1224|Proteobacteria,1RMG0@1236|Gammaproteobacteria,3XPEX@561|Escherichia	1236|Gammaproteobacteria	M	amino disaccharide metabolic process	chiP	GO:0003674,GO:0005215,GO:0006810,GO:0008150,GO:0008152,GO:0008643,GO:0015267,GO:0015772,GO:0022803,GO:0022838,GO:0022857,GO:0051179,GO:0051234,GO:0052778,GO:0052779,GO:0055085,GO:0071702,GO:0071704,GO:1901135	-	-	-	-	-	-	-	-	-	-	OprD	AIM2.1, IKBKB.1, IKBKB.2, IKBKB.3, IKBKB.4, IRAK1.1, IRAK1.2, IRAK1.3, IRAK1.4, IRAK4.1, IRAK4.2, NAIP.1, NAIP.2, NFKB1.2, NFKBIA.1, NLRC4.1, NLRC4.2, NLRC4.3, NLRC4.4, NLRP1.1, NLRP1.2, NLRP1.3, NLRP1.4, NLRP1.5, NLRP12.1, NLRP12.2, NLRP12.3, NLRP12.4, NLRP12.5, NLRP12.6, NLRP12.7, NLRP3.1, NLRP3.2, NLRP3.3, NLRP3.4, NLRP3.5, NLRP3.6, NLRP6.1, NLRP6.2, RELA.1, RELA.2, RELA.3, RELA.4, TAB2.1, TAB2.2, TLR4.1, TLR4.2, TLR4.3, TRAF6.1	49
PRODB_00051	Y	Y	Y	Ec_TUM2805_01764	Escherichia coli	hypothetical protein	Y	199310.c0276	2.16E-24	97.1	2ERNH@1|root,33J7X@2|Bacteria,1NJA6@1224|Proteobacteria,1SGSI@1236|Gammaproteobacteria	1236|Gammaproteobacteria	-	-	-	-	-	-	-	-	-	-	-	-	-	-	-	AIM2.1, IRAK1.1, IRAK1.2, IRAK1.3, IRAK1.4, IRAK4.1, IRAK4.2, NAIP.1, NAIP.2, NFKB1.2, NFKBIA.1, NLRC4.1, NLRC4.2, NLRC4.3, NLRC4.4, NLRP1.1, NLRP1.2, NLRP1.3, NLRP1.4, NLRP1.5, NLRP12.1, NLRP12.2, NLRP12.4, NLRP12.5, NLRP12.6, NLRP12.7, NLRP3.1, NLRP3.2, NLRP3.3, NLRP3.4, NLRP3.5, NLRP3.6, RELA.1, RELA.2, RELA.3, RELA.4, TAB2.1, TAB2.2, TLR4.1, TLR4.2, TLR4.3, TRAF6.1	42
PRODB_00052	Y	Y	Y	Ec_Ec-042-T0_00051	Escherichia coli	hypothetical protein	Y	198214.SF2995	6.62E-56	177	2921C@1|root,2ZPKK@2|Bacteria,1REBZ@1224|Proteobacteria,1S3SZ@1236|Gammaproteobacteria	1236|Gammaproteobacteria	S	antirestriction protein	klcA_1	-	-	-	-	-	-	-	-	-	-	-	Antirestrict	AIM2.1, IKBKB.2, IKBKB.3, IKBKB.4, IRAK1.1, IRAK1.2, IRAK1.3, IRAK1.4, IRAK4.1, IRAK4.2, NAIP.1, NAIP.2, NFKB1.2, NFKBIA.1, NLRC4.1, NLRC4.2, NLRC4.3, NLRC4.4, NLRP1.1, NLRP1.2, NLRP1.3, NLRP1.4, NLRP1.5, NLRP12.1, NLRP12.2, NLRP12.3, NLRP12.4, NLRP12.5, NLRP12.6, NLRP12.7, NLRP3.1, NLRP3.2, NLRP3.3, NLRP3.4, NLRP3.5, NLRP3.6, NLRP6.1, NLRP6.2, RELA.1, RELA.2, RELA.3, RELA.4, TAB2.1, TAB2.2, TLR4.1, TLR4.2, TLR4.3, TRAF6.1	48
PRODB_00053	Y	Y	Y	Ec_Nissle_1917_02842	Escherichia coli	hypothetical protein	Y	155864.EDL933_1836	6.61E-123	353	COG5492@1|root,COG5492@2|Bacteria,1R7SX@1224|Proteobacteria,1RP1Q@1236|Gammaproteobacteria,3XPJR@561|Escherichia	1236|Gammaproteobacteria	N	Corresponds to locus_tag	GJ12_03320	-	-	-	-	-	-	-	-	-	-	-	Big_2,Phage_TTP_12	AIM2.1, IKBKB.2, IKBKB.3, IKBKB.4, IRAK1.1, IRAK1.2, IRAK1.3, IRAK1.4, IRAK4.1, IRAK4.2, NAIP.1, NAIP.2, NFKB1.2, NFKBIA.1, NLRC4.1, NLRC4.2, NLRC4.3, NLRC4.4, NLRP1.1, NLRP1.2, NLRP1.3, NLRP1.4, NLRP1.5, NLRP12.1, NLRP12.2, NLRP12.3, NLRP12.4, NLRP12.5, NLRP12.6, NLRP12.7, NLRP3.1, NLRP3.2, NLRP3.3, NLRP3.4, NLRP3.5, NLRP3.6, NLRP6.1, NLRP6.2, RELA.1, RELA.2, RELA.3, RELA.4, TAB2.1, TAB2.2, TLR4.1, TLR4.2, TLR4.3, TRAF6.1	48
PRODB_00054	Y	Y	Y	Ec_Nissle_1917_00556	Escherichia coli	putative iron export permease protein FetB	Y	1440052.EAKF1_ch0940c	1.29E-40	140	COG0390@1|root,COG0390@2|Bacteria,1MV2N@1224|Proteobacteria,1RSGA@1236|Gammaproteobacteria,3XPB6@561|Escherichia	1236|Gammaproteobacteria	S	Part of the ABC transporter complex FetAB, which is probably involved in iron export and enhances resistance to H(2)O(2)-mediated oxidative stress. Probably responsible for the translocation of the substrate across the membrane	ybbM	GO:0003674,GO:0005215,GO:0005575,GO:0005623,GO:0005886,GO:0005887,GO:0006810,GO:0006811,GO:0006873,GO:0006875,GO:0006879,GO:0008150,GO:0009987,GO:0015075,GO:0016020,GO:0016021,GO:0019725,GO:0022857,GO:0030003,GO:0031224,GO:0031226,GO:0034220,GO:0042592,GO:0044425,GO:0044459,GO:0044464,GO:0046916,GO:0048878,GO:0050801,GO:0051179,GO:0051234,GO:0055065,GO:0055072,GO:0055076,GO:0055080,GO:0055082,GO:0055085,GO:0065007,GO:0065008,GO:0071944,GO:0098771	-	ko:K02069	-	M00211	-	-	ko00000,ko00002,ko02000	9.B.25.1	-	-	UPF0014	IRAK1.1, IRAK1.2, IRAK1.3, IRAK1.4, NFKB1.2, NLRP3.1, NLRP3.5, RELA.1, RELA.2, RELA.3, RELA.4, TAB2.1, TAB2.2	13
PRODB_00055	Y	Y	Y	Ec_WG5__PA2_01708	Escherichia coli	hypothetical protein	Y	34506.g5631	0.00E+00	2773	COG0841@1|root,2RHH3@2759|Eukaryota,39SPV@33154|Opisthokonta,3BNMU@33208|Metazoa,3D24I@33213|Bilateria,40P95@6231|Nematoda,1M6RB@119089|Chromadorea,41572@6236|Rhabditida	33208|Metazoa	V	AcrB/AcrD/AcrF family	-	-	-	-	-	-	-	-	-	-	-	-	ACR_tran,Biotin_lipoyl_2	AIM2.1, IKBKB.1, IKBKB.2, IKBKB.3, IKBKB.4, IRAK1.1, IRAK1.2, IRAK1.3, IRAK1.4, IRAK4.1, IRAK4.2, NAIP.1, NAIP.2, NFKB1.2, NFKBIA.1, NLRC4.1, NLRC4.2, NLRC4.3, NLRC4.4, NLRP1.1, NLRP1.2, NLRP1.3, NLRP1.4, NLRP1.5, NLRP12.1, NLRP12.2, NLRP12.3, NLRP12.4, NLRP12.5, NLRP12.6, NLRP12.7, NLRP3.1, NLRP3.2, NLRP3.3, NLRP3.4, NLRP3.5, NLRP3.6, NLRP6.1, NLRP6.2, RELA.1, RELA.2, RELA.3, RELA.4, TAB2.1, TAB2.2, TLR4.1, TLR4.2, TLR4.3, TRAF6.1	49
PRODB_00056	Y	Y	Y	Ec_Nissle_1917_02941	Escherichia coli	hypothetical protein	Y	199310.c3301	3.32E-283	788	COG2610@1|root,COG2610@2|Bacteria,1MUFG@1224|Proteobacteria,1RNGE@1236|Gammaproteobacteria,3XNU2@561|Escherichia	1236|Gammaproteobacteria	EG	gluconate transmembrane transporter activity	ygbN	GO:0003674,GO:0005215,GO:0005575,GO:0005623,GO:0005886,GO:0005887,GO:0006810,GO:0008150,GO:0016020,GO:0016021,GO:0031224,GO:0031226,GO:0044425,GO:0044459,GO:0044464,GO:0051179,GO:0051234,GO:0055085,GO:0071944	-	ko:K03299	-	-	-	-	ko00000,ko02000	2.A.8	-	-	GntP_permease	AIM2.1, IRAK1.1, IRAK1.2, IRAK1.3, IRAK1.4, IRAK4.1, IRAK4.2, NAIP.1, NAIP.2, NFKB1.2, NFKBIA.1, NLRC4.1, NLRC4.2, NLRC4.3, NLRC4.4, NLRP1.1, NLRP1.2, NLRP1.3, NLRP1.4, NLRP1.5, NLRP12.1, NLRP12.2, NLRP12.5, NLRP12.6, NLRP12.7, NLRP3.1, NLRP3.2, NLRP3.3, NLRP3.4, NLRP3.5, NLRP3.6, NLRP6.1, NLRP6.2, RELA.1, RELA.2, RELA.3, RELA.4, TAB2.1, TAB2.2, TLR4.1, TLR4.2, TLR4.3, TRAF6.1	43
PRODB_00057	Y	Y	Y	Ec_Nissle_1917_01319	Escherichia coli	hypothetical protein	N	-	-	-	-	-	-	-	-	-	-	-	-	-	-	-	-	-	-	-	-	AIM2.1, IKBKB.1, IKBKB.2, IKBKB.3, IKBKB.4, IRAK1.1, IRAK1.2, IRAK1.3, IRAK1.4, IRAK4.1, IRAK4.2, NAIP.1, NAIP.2, NFKB1.2, NFKBIA.1, NLRC4.1, NLRC4.2, NLRC4.3, NLRC4.4, NLRP1.1, NLRP1.2, NLRP1.3, NLRP1.4, NLRP1.5, NLRP12.1, NLRP12.2, NLRP12.3, NLRP12.4, NLRP12.5, NLRP12.6, NLRP12.7, NLRP3.1, NLRP3.2, NLRP3.3, NLRP3.4, NLRP3.5, NLRP3.6, NLRP6.1, NLRP6.2, RELA.1, RELA.2, RELA.3, RELA.4, TAB2.1, TAB2.2, TLR4.1, TLR4.2, TLR4.3, TRAF6.1	49
PRODB_00058	N	Y	Y	Ec_Sakai_substr._RIMD_0509952_03568	Escherichia coli	hypothetical protein	Y	155864.EDL933_3877	0.00E+00	857	COG0426@1|root,COG1773@1|root,COG0426@2|Bacteria,COG1773@2|Bacteria,1N731@1224|Proteobacteria,1SC8Q@1236|Gammaproteobacteria,3XMY5@561|Escherichia	1236|Gammaproteobacteria	C	uses NADH to detoxify nitric oxide (NO), protecting several 4Fe-4S NO-sensitive enzymes. Has at least 2 reductase partners, only one of which (NorW, flavorubredoxin reductase) has been identified. NO probably binds to the di-iron center	norV	GO:0000166,GO:0000302,GO:0001505,GO:0003674,GO:0003824,GO:0005488,GO:0005506,GO:0005515,GO:0005575,GO:0005622,GO:0005623,GO:0005737,GO:0006091,GO:0006807,GO:0006950,GO:0006979,GO:0008150,GO:0008152,GO:0009055,GO:0009056,GO:0009987,GO:0010035,GO:0010181,GO:0016043,GO:0016491,GO:0016661,GO:0017144,GO:0022607,GO:0022900,GO:0032553,GO:0034641,GO:0036094,GO:0042133,GO:0042135,GO:0042221,GO:0042493,GO:0042737,GO:0042802,GO:0043167,GO:0043168,GO:0043169,GO:0043933,GO:0044085,GO:0044237,GO:0044248,GO:0044270,GO:0044424,GO:0044464,GO:0046209,GO:0046210,GO:0046872,GO:0046914,GO:0048037,GO:0050662,GO:0050896,GO:0051259,GO:0051260,GO:0051262,GO:0051289,GO:0055114,GO:0065003,GO:0065007,GO:0065008,GO:0071731,GO:0071840,GO:0072593,GO:0097159,GO:0097366,GO:0097367,GO:1901265,GO:1901363,GO:1901698,GO:1901700,GO:2001057	-	ko:K12264	ko05132,map05132	-	-	-	ko00000,ko00001	-	-	iE2348C_1286.E2348C_2967,iECED1_1282.ECED1_3159	Flavodoxin_1,Lactamase_B,Rubredoxin	AIM2.1, IRAK1.1, IRAK1.2, IRAK1.3, IRAK1.4, IRAK4.1, NAIP.1, NAIP.2, NFKB1.2, NLRC4.2, NLRC4.3, NLRC4.4, NLRP1.1, NLRP1.2, NLRP1.3, NLRP1.4, NLRP12.1, NLRP12.2, NLRP12.4, NLRP12.5, NLRP12.6, NLRP12.7, NLRP3.1, NLRP3.2, NLRP3.3, NLRP3.4, NLRP3.5, NLRP3.6, RELA.1, RELA.2, RELA.3, RELA.4, TAB2.1, TAB2.2, TRAF6.1	35
PRODB_00059	N	N	Y	Kp_2016-1400_01792	Klebsiella pneumoniae	PFL-like enzyme TdcE	Y	573.JG24_15435	0.00E+00	1491	COG1882@1|root,COG1882@2|Bacteria,1MWYE@1224|Proteobacteria,1RWKK@1236|Gammaproteobacteria	1236|Gammaproteobacteria	C	formate acetyltransferase	tdcE	GO:0003674,GO:0003824,GO:0005575,GO:0005622,GO:0005623,GO:0005737,GO:0006082,GO:0006520,GO:0006566,GO:0006567,GO:0006629,GO:0006631,GO:0006807,GO:0008150,GO:0008152,GO:0008861,GO:0009056,GO:0009063,GO:0009066,GO:0009068,GO:0009987,GO:0016020,GO:0016054,GO:0016407,GO:0016408,GO:0016453,GO:0016740,GO:0016746,GO:0016747,GO:0016999,GO:0017144,GO:0019541,GO:0019752,GO:0032787,GO:0042737,GO:0043436,GO:0043875,GO:0044237,GO:0044238,GO:0044248,GO:0044255,GO:0044281,GO:0044282,GO:0044424,GO:0044464,GO:0046395,GO:0046459,GO:0070689,GO:0071704,GO:1901564,GO:1901565,GO:1901575,GO:1901605,GO:1901606	2.3.1.54	ko:K00656	ko00620,ko00640,ko00650,ko01100,ko01120,map00620,map00640,map00650,map01100,map01120	-	R00212,R06987	RC00004,RC01181,RC02742,RC02833	ko00000,ko00001,ko01000	-	-	iEcSMS35_1347.EcSMS35_3410	Gly_radical,PFL-like	AIM2.1, IRAK1.1, IRAK1.2, NFKB1.2, NLRP3.1, NLRP3.5, RELA.1, RELA.2, RELA.3, RELA.4, TAB2.1, TAB2.2	12
PRODB_00060	Y	Y	Y	Ec_H3_03834	Escherichia coli	hypothetical protein	N	-	-	-	-	-	-	-	-	-	-	-	-	-	-	-	-	-	-	-	-	AIM2.1, IKBKB.1, IKBKB.2, IKBKB.3, IKBKB.4, IRAK1.1, IRAK1.2, IRAK1.3, IRAK1.4, IRAK4.1, IRAK4.2, NAIP.1, NAIP.2, NFKB1.2, NFKBIA.1, NLRC4.1, NLRC4.2, NLRC4.3, NLRC4.4, NLRP1.1, NLRP1.2, NLRP1.3, NLRP1.4, NLRP1.5, NLRP12.1, NLRP12.2, NLRP12.3, NLRP12.4, NLRP12.5, NLRP12.6, NLRP12.7, NLRP3.1, NLRP3.2, NLRP3.3, NLRP3.4, NLRP3.5, NLRP3.6, NLRP6.1, NLRP6.2, RELA.1, RELA.2, RELA.3, RELA.4, TAB2.1, TAB2.2, TLR4.1, TLR4.2, TLR4.3, TRAF6.1	49
PRODB_00061	N	Y	Y	Sd_HNCMB_20080_04307	Shigella dysenteriae	hypothetical protein	Y	199310.c0276	1.78E-25	97.1	2ERNH@1|root,33J7X@2|Bacteria,1NJA6@1224|Proteobacteria,1SGSI@1236|Gammaproteobacteria	1236|Gammaproteobacteria	-	-	-	-	-	-	-	-	-	-	-	-	-	-	-	AIM2.1, IKBKB.1, IKBKB.2, IKBKB.3, IKBKB.4, IRAK1.1, IRAK1.2, IRAK1.3, IRAK1.4, IRAK4.1, IRAK4.2, NAIP.1, NAIP.2, NFKB1.2, NFKBIA.1, NLRC4.1, NLRC4.2, NLRC4.3, NLRC4.4, NLRP1.1, NLRP1.2, NLRP1.3, NLRP1.4, NLRP1.5, NLRP12.1, NLRP12.2, NLRP12.3, NLRP12.4, NLRP12.5, NLRP12.6, NLRP12.7, NLRP3.1, NLRP3.2, NLRP3.3, NLRP3.4, NLRP3.5, NLRP3.6, NLRP6.1, NLRP6.2, RELA.1, RELA.2, RELA.3, RELA.4, TAB2.1, TAB2.2, TLR4.1, TLR4.2, TLR4.3, TRAF6.1	49
PRODB_00062	N	Y	Y	Ec_Nord8_04780	Escherichia coli	2,4-dienoyl-CoA reductase	Y	155864.EDL933_4303	1.13E-189	542	COG0446@1|root,COG1902@1|root,COG0446@2|Bacteria,COG1902@2|Bacteria,1MVE0@1224|Proteobacteria,1RNM8@1236|Gammaproteobacteria,3XNUV@561|Escherichia	1236|Gammaproteobacteria	C	Functions as an auxiliary enzyme in the beta-oxidation of unsaturated fatty acids with double bonds at even carbon positions. Catalyzes the NADPH-dependent reduction of the C4-C5 double bond of the acyl chain of 2,4-dienoyl-CoA to yield 2-trans- enoyl-CoA. Acts on both isomers, 2-trans,4-cis- and 2-trans,4-trans-decadienoyl-CoA, with almost equal efficiency. Is not active with NADH instead of NADPH. Does not show cis- trans isomerase activity	fadH	GO:0000166,GO:0003674,GO:0003824,GO:0005488,GO:0006082,GO:0006629,GO:0006631,GO:0006635,GO:0008150,GO:0008152,GO:0008670,GO:0009056,GO:0009062,GO:0009987,GO:0010181,GO:0016042,GO:0016054,GO:0016491,GO:0016627,GO:0016628,GO:0019395,GO:0019752,GO:0030258,GO:0032553,GO:0032787,GO:0033542,GO:0033543,GO:0034440,GO:0036094,GO:0043167,GO:0043168,GO:0043436,GO:0044237,GO:0044238,GO:0044242,GO:0044248,GO:0044255,GO:0044281,GO:0044282,GO:0046395,GO:0048037,GO:0050660,GO:0050662,GO:0051536,GO:0051539,GO:0051540,GO:0055114,GO:0071704,GO:0071949,GO:0072329,GO:0097159,GO:0097367,GO:1901265,GO:1901363,GO:1901575	1.3.1.34	ko:K00219	-	-	-	-	ko00000,ko01000	-	-	-	Oxidored_FMN,Pyr_redox_2	AIM2.1, IRAK4.1, NFKB1.2, NLRC4.4, NLRP3.1, NLRP3.2, NLRP3.4, NLRP3.5, NLRP3.6, TAB2.1, TAB2.2, TLR4.3	12
PRODB_00063	Y	N	Y	Ec_Nissle_1917_01251	Escherichia coli	hypothetical protein	Y	199310.c1476	5.13E-187	531	COG1176@1|root,COG1176@2|Bacteria,1MVGM@1224|Proteobacteria,1RNNZ@1236|Gammaproteobacteria,3XPCI@561|Escherichia	1236|Gammaproteobacteria	P	Binding-protein-dependent transport system inner membrane component	potB	GO:0003674,GO:0003824,GO:0005215,GO:0005575,GO:0005623,GO:0005886,GO:0005887,GO:0006810,GO:0006811,GO:0006812,GO:0008150,GO:0008324,GO:0008519,GO:0015075,GO:0015101,GO:0015203,GO:0015399,GO:0015405,GO:0015417,GO:0015595,GO:0015606,GO:0015695,GO:0015696,GO:0015846,GO:0015847,GO:0015848,GO:0016020,GO:0016021,GO:0016462,GO:0016787,GO:0016817,GO:0016818,GO:0016887,GO:0017111,GO:0022804,GO:0022857,GO:0031224,GO:0031226,GO:0032991,GO:0034220,GO:0042623,GO:0042626,GO:0043190,GO:0043492,GO:0044425,GO:0044459,GO:0044464,GO:0051179,GO:0051234,GO:0055085,GO:0071702,GO:0071705,GO:0071944,GO:0072488,GO:0098533,GO:0098655,GO:0098796,GO:0098797,GO:1902047,GO:1902494,GO:1902495,GO:1903711,GO:1904949,GO:1990351	-	ko:K11071	ko02010,map02010	M00299	-	-	ko00000,ko00001,ko00002,ko02000	3.A.1.11.1	-	iE2348C_1286.E2348C_1266,iECUMN_1333.ECUMN_1368,iSBO_1134.SBO_1916	BPD_transp_1	AIM2.1, IRAK1.1, IRAK1.2, IRAK1.3, IRAK1.4, IRAK4.1, NFKB1.2, NFKBIA.1, NLRC4.2, NLRC4.3, NLRC4.4, NLRP1.1, NLRP1.2, NLRP1.3, NLRP1.4, NLRP1.5, NLRP12.1, NLRP12.2, NLRP12.3, NLRP12.4, NLRP12.5, NLRP12.6, NLRP12.7, NLRP3.1, NLRP3.2, NLRP3.3, NLRP3.4, NLRP3.5, NLRP3.6, NLRP6.1, NLRP6.2, RELA.1, RELA.2, RELA.3, RELA.4, TAB2.1, TAB2.2, TLR4.3, TRAF6.1	39
PRODB_00064	N	Y	Y	Ec_C311_01736	Escherichia coli	hypothetical protein	Y	155864.EDL933_3294	3.57E-59	194	COG1538@1|root,COG1538@2|Bacteria,1MUZZ@1224|Proteobacteria,1RQEP@1236|Gammaproteobacteria,3XMP8@561|Escherichia	1236|Gammaproteobacteria	MU	Could be involved in resistance to puromycin, acriflavine and tetraphenylarsonium chloride	mdtQ	GO:0008150,GO:0042221,GO:0046677,GO:0050896	-	ko:K15550	-	-	-	-	ko00000,ko02000	1.B.17.3.9	-	-	OEP	AIM2.1, IKBKB.1, IKBKB.2, IKBKB.3, IKBKB.4, IRAK1.1, IRAK1.2, IRAK1.3, IRAK1.4, IRAK4.1, IRAK4.2, NAIP.1, NAIP.2, NFKB1.2, NFKBIA.1, NLRC4.1, NLRC4.2, NLRC4.3, NLRC4.4, NLRP1.1, NLRP1.2, NLRP1.3, NLRP1.4, NLRP1.5, NLRP12.1, NLRP12.2, NLRP12.3, NLRP12.4, NLRP12.5, NLRP12.6, NLRP12.7, NLRP3.1, NLRP3.2, NLRP3.3, NLRP3.4, NLRP3.5, NLRP3.6, NLRP6.1, NLRP6.2, RELA.1, RELA.2, RELA.3, RELA.4, TAB2.1, TAB2.2, TLR4.1, TLR4.2, TLR4.3, TRAF6.1	49
PRODB_00065	N	Y	Y	Sf_G1663_02144	Shigella flexneri	RNA polymerase sigma factor FliA	Y	155864.EDL933_2929	1.01E-103	303	COG1191@1|root,COG1191@2|Bacteria,1MWEU@1224|Proteobacteria,1RMKJ@1236|Gammaproteobacteria,3XMN3@561|Escherichia	1236|Gammaproteobacteria	K	Sigma factors are initiation factors that promote the attachment of RNA polymerase to specific initiation sites and are then released. This sigma factor controls the expression of flagella-related genes	fliA	GO:0005575,GO:0005622,GO:0005623,GO:0005737,GO:0005829,GO:0044424,GO:0044444,GO:0044464	-	ko:K02405	ko02020,ko02025,ko02026,ko02040,ko05111,map02020,map02025,map02026,map02040,map05111	-	-	-	ko00000,ko00001,ko02035,ko03021	-	-	-	Sigma70_r2,Sigma70_r3,Sigma70_r4	AIM2.1, IKBKB.1, IKBKB.2, IKBKB.3, IKBKB.4, IRAK1.1, IRAK1.2, IRAK1.3, IRAK1.4, IRAK4.1, IRAK4.2, NAIP.1, NAIP.2, NFKB1.2, NFKBIA.1, NLRC4.1, NLRC4.2, NLRC4.3, NLRC4.4, NLRP1.1, NLRP1.2, NLRP1.3, NLRP1.4, NLRP1.5, NLRP12.1, NLRP12.2, NLRP12.3, NLRP12.4, NLRP12.5, NLRP12.6, NLRP12.7, NLRP3.1, NLRP3.2, NLRP3.3, NLRP3.4, NLRP3.5, NLRP3.6, NLRP6.1, NLRP6.2, RELA.1, RELA.2, RELA.3, RELA.4, TAB2.1, TAB2.2, TLR4.1, TLR4.2, TLR4.3, TRAF6.1	49
PRODB_00066	N	Y	Y	Ec_2009EL-2071_02470	Escherichia coli	hypothetical protein	Y	1147157.K7PMA5_9CAUD	5.02E-167	467	4QAQV@10239|Viruses,4QUPK@35237|dsDNA viruses  no RNA stage,4QPCB@28883|Caudovirales,4QKM5@10699|Siphoviridae	10699|Siphoviridae	S	sequence-specific DNA binding	-	GO:0001047,GO:0001067,GO:0003674,GO:0003676,GO:0003677,GO:0005488,GO:0005515,GO:0005575,GO:0006355,GO:0008150,GO:0009889,GO:0009890,GO:0009892,GO:0010468,GO:0010556,GO:0010558,GO:0010605,GO:0010629,GO:0010944,GO:0016032,GO:0019012,GO:0019042,GO:0019044,GO:0019219,GO:0019222,GO:0031323,GO:0031324,GO:0031326,GO:0031327,GO:0042802,GO:0043900,GO:0043902,GO:0043903,GO:0044212,GO:0044403,GO:0044419,GO:0045892,GO:0045934,GO:0046782,GO:0048518,GO:0048519,GO:0048523,GO:0048524,GO:0050434,GO:0050789,GO:0050792,GO:0050794,GO:0051171,GO:0051172,GO:0051252,GO:0051253,GO:0051704,GO:0060255,GO:0065007,GO:0080090,GO:0097159,GO:1901363,GO:1902679,GO:1903506,GO:1903507,GO:2000112,GO:2000113,GO:2001141	-	-	-	-	-	-	-	-	-	-	-	AIM2.1, IKBKB.3, IRAK1.1, IRAK1.2, IRAK1.3, IRAK1.4, IRAK4.1, NAIP.1, NAIP.2, NFKB1.2, NFKBIA.1, NLRC4.2, NLRC4.3, NLRC4.4, NLRP1.1, NLRP1.4, NLRP12.5, NLRP3.1, NLRP3.2, NLRP3.3, NLRP3.4, NLRP3.5, NLRP3.6, RELA.1, RELA.2, RELA.3, RELA.4, TAB2.1, TAB2.2, TRAF6.1	30
PRODB_00067	N	Y	Y	Ec_RIVM_C040348_00840	Escherichia coli	hypothetical protein	Y	1484157.PSNIH2_09360	4.77E-76	233	COG3210@1|root,COG3210@2|Bacteria,1PHY7@1224|Proteobacteria,1RX8D@1236|Gammaproteobacteria,3W2J4@53335|Pantoea	1236|Gammaproteobacteria	U	domain, Protein	-	-	-	-	-	-	-	-	-	-	-	-	-	AIM2.1, IKBKB.2, IKBKB.3, IKBKB.4, IRAK1.1, IRAK1.2, IRAK1.3, IRAK1.4, IRAK4.1, IRAK4.2, NAIP.1, NAIP.2, NFKB1.2, NFKBIA.1, NLRC4.1, NLRC4.2, NLRC4.3, NLRC4.4, NLRP1.1, NLRP1.2, NLRP1.3, NLRP1.4, NLRP1.5, NLRP12.1, NLRP12.2, NLRP12.3, NLRP12.4, NLRP12.5, NLRP12.6, NLRP12.7, NLRP3.1, NLRP3.2, NLRP3.3, NLRP3.4, NLRP3.5, NLRP3.6, NLRP6.1, NLRP6.2, RELA.1, RELA.2, RELA.3, RELA.4, TAB2.1, TAB2.2, TLR4.1, TLR4.2, TLR4.3, TRAF6.1	48
PRODB_00068	Y	Y	Y	Kp_GDFK0181_01654	Klebsiella pneumoniae	hypothetical protein	Y	362663.ECP_1967	0.00E+00	2952	COG1020@1|root,COG1020@2|Bacteria,1QK4F@1224|Proteobacteria,1RPAG@1236|Gammaproteobacteria,3XMWV@561|Escherichia	1236|Gammaproteobacteria	Q	Activates the carboxylate group of L-serine via ATP- dependent PPi exchange reactions to the aminoacyladenylate, preparing that molecule for the final stages of enterobactin synthesis. Holo-EntF acts as the catalyst for the formation of the three amide and three ester bonds present in the cyclic (2,3- dihydroxybenzoyl)serine trimer enterobactin, using seryladenylate and acyl-holo-EntB (acylated with 2,3-dihydroxybenzoate by EntE)	-	-	-	-	-	-	-	-	-	-	-	-	AMP-binding,AMP-binding_C,Condensation,PP-binding,Thioesterase	AIM2.1, IKBKB.3, IRAK1.1, IRAK1.2, IRAK1.3, IRAK1.4, IRAK4.1, NFKB1.2, NFKBIA.1, NLRC4.1, NLRC4.3, NLRC4.4, NLRP1.1, NLRP1.2, NLRP1.3, NLRP1.4, NLRP12.2, NLRP12.5, NLRP3.1, NLRP3.2, NLRP3.3, NLRP3.4, NLRP3.5, NLRP3.6, RELA.1, RELA.2, RELA.3, RELA.4, TAB2.1, TAB2.2, TLR4.3, TRAF6.1	32
PRODB_00069	N	Y	Y	Ec_Case_2_02414	Escherichia coli	hypothetical protein	Y	362663.ECP_1410	0.00E+00	1188	COG3468@1|root,COG4625@1|root,COG3468@2|Bacteria,COG4625@2|Bacteria,1Q9S2@1224|Proteobacteria,1RSN7@1236|Gammaproteobacteria	1236|Gammaproteobacteria	U	domain, Protein	-	-	-	ko:K12516	-	-	-	-	ko00000,ko02000,ko02044	1.B.12.5.5	-	-	Autotransporter	AIM2.1, IKBKB.1, IKBKB.2, IKBKB.3, IKBKB.4, IRAK1.1, IRAK1.2, IRAK1.3, IRAK1.4, IRAK4.1, IRAK4.2, NAIP.1, NAIP.2, NFKB1.2, NFKBIA.1, NLRC4.1, NLRC4.2, NLRC4.3, NLRC4.4, NLRP1.1, NLRP1.2, NLRP1.3, NLRP1.4, NLRP1.5, NLRP12.1, NLRP12.2, NLRP12.3, NLRP12.4, NLRP12.5, NLRP12.6, NLRP12.7, NLRP3.1, NLRP3.2, NLRP3.3, NLRP3.4, NLRP3.5, NLRP3.6, NLRP6.1, NLRP6.2, RELA.1, RELA.2, RELA.3, RELA.4, TAB2.1, TAB2.2, TLR4.1, TLR4.2, TLR4.3, TRAF6.1	49
PRODB_00070	N	Y	Y	Ec_CU42ET-1_01855	Escherichia coli	IS4 family transposase ISEc13	Y	362663.ECP_0312	6.16E-166	473	COG1943@1|root,COG1943@2|Bacteria,1P62C@1224|Proteobacteria,1RQKP@1236|Gammaproteobacteria	1236|Gammaproteobacteria	L	Transposase	-	-	-	-	-	-	-	-	-	-	-	-	DDE_Tnp_1,Dimer_Tnp_Tn5,Tnp_DNA_bind	NFKB1.2, NLRP3.1, TAB2.1, TAB2.2	4
PRODB_00071	N	N	Y	Sd_NCDC_599-52_04901	Shigella dysenteriae	IS3 family transposase IS2	Y	1440052.EAKF1_ch0006	8.33E-30	107	COG2963@1|root,COG2963@2|Bacteria,1N0V0@1224|Proteobacteria,1S7WV@1236|Gammaproteobacteria,3XRHH@561|Escherichia	1236|Gammaproteobacteria	L	transposase activity	-	-	-	ko:K07483	-	-	-	-	ko00000	-	-	-	HTH_Tnp_1	AIM2.1, IKBKB.1, IKBKB.2, IKBKB.3, IKBKB.4, IRAK1.1, IRAK1.2, IRAK1.3, IRAK1.4, IRAK4.1, IRAK4.2, NAIP.1, NAIP.2, NFKB1.2, NFKBIA.1, NLRC4.1, NLRC4.2, NLRC4.3, NLRC4.4, NLRP1.1, NLRP1.2, NLRP1.3, NLRP1.4, NLRP1.5, NLRP12.1, NLRP12.2, NLRP12.3, NLRP12.4, NLRP12.5, NLRP12.6, NLRP12.7, NLRP3.1, NLRP3.2, NLRP3.3, NLRP3.4, NLRP3.5, NLRP3.6, NLRP6.1, NLRP6.2, RELA.1, RELA.2, RELA.3, RELA.4, TAB2.1, TAB2.2, TLR4.1, TLR4.2, TLR4.3, TRAF6.1	49
PRODB_00072	N	Y	Y	Ec_UTI89_01492	Escherichia coli	hypothetical protein	Y	362663.ECP_1410	0.00E+00	1219	COG3468@1|root,COG4625@1|root,COG3468@2|Bacteria,COG4625@2|Bacteria,1Q9S2@1224|Proteobacteria,1RSN7@1236|Gammaproteobacteria	1236|Gammaproteobacteria	U	domain, Protein	-	-	-	ko:K12516	-	-	-	-	ko00000,ko02000,ko02044	1.B.12.5.5	-	-	Autotransporter	AIM2.1, IKBKB.1, IKBKB.2, IKBKB.3, IKBKB.4, IRAK1.1, IRAK1.2, IRAK1.3, IRAK1.4, IRAK4.1, IRAK4.2, NAIP.1, NAIP.2, NFKB1.2, NFKBIA.1, NLRC4.1, NLRC4.2, NLRC4.3, NLRC4.4, NLRP1.1, NLRP1.2, NLRP1.3, NLRP1.4, NLRP1.5, NLRP12.1, NLRP12.2, NLRP12.3, NLRP12.4, NLRP12.5, NLRP12.6, NLRP12.7, NLRP3.1, NLRP3.2, NLRP3.3, NLRP3.4, NLRP3.5, NLRP3.6, NLRP6.1, NLRP6.2, RELA.1, RELA.2, RELA.3, RELA.4, TAB2.1, TAB2.2, TLR4.1, TLR4.2, TLR4.3, TRAF6.1	49
PRODB_00073	N	Y	Y	Ec_536_01913	Escherichia coli	hypothetical protein	N	-	-	-	-	-	-	-	-	-	-	-	-	-	-	-	-	-	-	-	-	AIM2.1, IRAK1.1, IRAK1.2, NFKB1.2, NLRC4.4, NLRP3.1, NLRP3.5, RELA.4, TAB2.1, TAB2.2	10
PRODB_00074	N	N	Y	Ec_2014C-3061_02006	Escherichia coli	Protein YmiC	N	-	-	-	-	-	-	-	-	-	-	-	-	-	-	-	-	-	-	-	-	AIM2.1, IKBKB.1, IKBKB.2, IKBKB.3, IKBKB.4, IRAK1.1, IRAK1.2, IRAK1.3, IRAK1.4, IRAK4.1, IRAK4.2, NAIP.1, NAIP.2, NFKB1.2, NFKBIA.1, NLRC4.1, NLRC4.2, NLRC4.3, NLRC4.4, NLRP1.1, NLRP1.2, NLRP1.3, NLRP1.4, NLRP1.5, NLRP12.1, NLRP12.2, NLRP12.3, NLRP12.4, NLRP12.5, NLRP12.6, NLRP12.7, NLRP3.1, NLRP3.2, NLRP3.3, NLRP3.4, NLRP3.5, NLRP3.6, NLRP6.1, NLRP6.2, RELA.1, RELA.2, RELA.3, RELA.4, TAB2.1, TAB2.2, TLR4.1, TLR4.2, TLR4.3, TRAF6.1	49
PRODB_00075	N	Y	Y	Ec_LH50-c_04835	Escherichia coli	hypothetical protein	Y	362663.ECP_0283	4.28E-90	270	COG2801@1|root,COG2801@2|Bacteria,1MVXQ@1224|Proteobacteria,1RR4F@1236|Gammaproteobacteria,3XR46@561|Escherichia	1236|Gammaproteobacteria	L	Integrase core domain	insF	-	-	ko:K07497	-	-	-	-	ko00000	-	-	-	HTH_21,rve,rve_2	AIM2.1, IKBKB.3, IKBKB.4, IRAK1.1, IRAK1.2, IRAK1.3, IRAK1.4, IRAK4.1, IRAK4.2, NAIP.1, NAIP.2, NFKB1.2, NFKBIA.1, NLRC4.1, NLRC4.2, NLRC4.3, NLRC4.4, NLRP1.1, NLRP1.2, NLRP1.3, NLRP1.4, NLRP1.5, NLRP12.1, NLRP12.2, NLRP12.3, NLRP12.4, NLRP12.5, NLRP12.6, NLRP12.7, NLRP3.1, NLRP3.2, NLRP3.3, NLRP3.4, NLRP3.5, NLRP3.6, NLRP6.1, NLRP6.2, RELA.1, RELA.2, RELA.3, RELA.4, TAB2.1, TAB2.2, TLR4.1, TLR4.2, TLR4.3, TRAF6.1	47
PRODB_00076	N	N	Y	Ec_027_SK3_00307	Escherichia coli	hypothetical protein	N	-	-	-	-	-	-	-	-	-	-	-	-	-	-	-	-	-	-	-	-	AIM2.1, IKBKB.1, IKBKB.2, IKBKB.3, IKBKB.4, IRAK1.1, IRAK1.2, IRAK1.3, IRAK1.4, IRAK4.1, IRAK4.2, NAIP.1, NAIP.2, NFKB1.2, NFKBIA.1, NLRC4.1, NLRC4.2, NLRC4.3, NLRC4.4, NLRP1.1, NLRP1.2, NLRP1.3, NLRP1.4, NLRP1.5, NLRP12.1, NLRP12.2, NLRP12.3, NLRP12.4, NLRP12.5, NLRP12.6, NLRP12.7, NLRP3.1, NLRP3.2, NLRP3.3, NLRP3.4, NLRP3.5, NLRP3.6, NLRP6.1, NLRP6.2, RELA.1, RELA.2, RELA.3, RELA.4, TAB2.1, TAB2.2, TLR4.1, TLR4.2, TLR4.3, TRAF6.1	49
PRODB_00077	N	N	Y	Ec_C1-057_00400	Escherichia coli	hypothetical protein	Y	155864.EDL933_0373	1.70E-06	50.1	2AV4M@1|root,31KUU@2|Bacteria,1QIQ5@1224|Proteobacteria,1TGJH@1236|Gammaproteobacteria,3XR7C@561|Escherichia	1236|Gammaproteobacteria	-	-	yahH	-	-	-	-	-	-	-	-	-	-	-	-	AIM2.1, IKBKB.1, IKBKB.2, IKBKB.3, IKBKB.4, IRAK1.1, IRAK1.2, IRAK1.3, IRAK1.4, IRAK4.1, IRAK4.2, NAIP.1, NAIP.2, NFKB1.2, NFKBIA.1, NLRC4.1, NLRC4.2, NLRC4.3, NLRC4.4, NLRP1.1, NLRP1.2, NLRP1.3, NLRP1.4, NLRP1.5, NLRP12.1, NLRP12.2, NLRP12.3, NLRP12.4, NLRP12.5, NLRP12.6, NLRP12.7, NLRP3.1, NLRP3.2, NLRP3.3, NLRP3.4, NLRP3.5, NLRP3.6, NLRP6.1, NLRP6.2, RELA.1, RELA.2, RELA.3, RELA.4, TAB2.1, TAB2.2, TLR4.1, TLR4.2, TLR4.3, TRAF6.1	49
PRODB_00078	N	Y	Y	Ec_536_02169	Escherichia coli	hypothetical protein	Y	362663.ECP_2232	1.75E-87	257	COG3468@1|root,COG3468@2|Bacteria	2|Bacteria	MU	cell adhesion	-	-	-	ko:K12684	-	-	-	-	ko00000,ko01000,ko02000,ko02044	1.B.12.4	-	-	Autotransporter,Collagen,Gln_amidase,YadA_anchor,YadA_head,YadA_stalk	AIM2.1, IKBKB.3, IRAK1.1, IRAK1.2, IRAK1.3, IRAK1.4, IRAK4.1, IRAK4.2, NAIP.1, NAIP.2, NFKB1.2, NFKBIA.1, NLRC4.1, NLRC4.2, NLRC4.3, NLRC4.4, NLRP1.1, NLRP1.2, NLRP1.3, NLRP1.4, NLRP1.5, NLRP12.1, NLRP12.2, NLRP12.3, NLRP12.4, NLRP12.5, NLRP12.6, NLRP12.7, NLRP3.1, NLRP3.2, NLRP3.3, NLRP3.4, NLRP3.5, NLRP3.6, NLRP6.1, NLRP6.2, RELA.1, RELA.2, RELA.3, RELA.4, TAB2.1, TAB2.2, TLR4.1, TLR4.2, TLR4.3, TRAF6.1	46
PRODB_00079	N	N	Y	Kp_KP424_00958	Klebsiella pneumoniae	Tyrosine recombinase XerC	Y	573.JG24_20990	2.41E-137	390	COG0582@1|root,COG0582@2|Bacteria,1QUDQ@1224|Proteobacteria,1T1V1@1236|Gammaproteobacteria	1236|Gammaproteobacteria	K	FimB is one of the 2 regulatory proteins which control the phase variation of type 1 fimbriae in E.coli. These proteins mediate the periodic inversion of a 300bp DNA segment that harbors the promoter for the fimbrial structural gene, fimA. FimB switches fimA on	fimB	GO:0006139,GO:0006259,GO:0006310,GO:0006725,GO:0006807,GO:0006950,GO:0006974,GO:0008150,GO:0008152,GO:0009987,GO:0015074,GO:0033554,GO:0034641,GO:0043170,GO:0044237,GO:0044238,GO:0044260,GO:0046483,GO:0050896,GO:0051716,GO:0071704,GO:0090304,GO:1901360	-	ko:K07357	-	-	-	-	ko00000	-	-	-	Phage_integrase	AIM2.1, IKBKB.3, IRAK1.1, IRAK1.2, IRAK1.3, IRAK1.4, IRAK4.1, NAIP.1, NAIP.2, NFKB1.2, NFKBIA.1, NLRC4.1, NLRC4.2, NLRC4.3, NLRC4.4, NLRP1.1, NLRP1.2, NLRP1.3, NLRP1.4, NLRP1.5, NLRP12.2, NLRP12.4, NLRP12.5, NLRP3.1, NLRP3.2, NLRP3.3, NLRP3.4, NLRP3.5, NLRP3.6, NLRP6.1, NLRP6.2, RELA.1, RELA.2, RELA.3, RELA.4, TAB2.1, TAB2.2, TLR4.1, TLR4.2, TLR4.3, TRAF6.1	41
PRODB_00080	Y	N	Y	Ec_NissleGFP_pZE21_04732	Escherichia coli	hypothetical protein	Y	1042376.AFPK01000029_gene1473	4.12E-13	72	2CY5G@1|root,32T3H@2|Bacteria	2|Bacteria	-	-	-	-	-	-	-	-	-	-	-	-	-	-	-	AIM2.1, IKBKB.3, IRAK1.1, IRAK1.2, IRAK1.3, IRAK1.4, IRAK4.1, IRAK4.2, NAIP.1, NAIP.2, NFKB1.2, NFKBIA.1, NLRC4.1, NLRC4.2, NLRC4.3, NLRC4.4, NLRP1.1, NLRP1.2, NLRP1.3, NLRP1.4, NLRP1.5, NLRP12.1, NLRP12.2, NLRP12.3, NLRP12.4, NLRP12.5, NLRP12.6, NLRP12.7, NLRP3.1, NLRP3.2, NLRP3.3, NLRP3.4, NLRP3.5, NLRP3.6, NLRP6.1, NLRP6.2, RELA.1, RELA.2, RELA.3, RELA.4, TAB2.1, TAB2.2, TLR4.1, TLR4.2, TLR4.3, TRAF6.1	46
PRODB_00081	N	N	Y	Se_MZ0080_01943	Salmonella enterica	Flagellar biosynthetic protein FliR	Y	90371.CY43_10430	1.72E-174	488	COG1684@1|root,COG1684@2|Bacteria,1NIF4@1224|Proteobacteria,1RMYW@1236|Gammaproteobacteria,3ZKQH@590|Salmonella	1236|Gammaproteobacteria	N	Role in flagellar biosynthesis	fliR	GO:0005575,GO:0005623,GO:0005886,GO:0016020,GO:0044464,GO:0071944	-	ko:K02421	ko02040,map02040	-	-	-	ko00000,ko00001,ko02035,ko02044	3.A.6.2	-	-	Bac_export_1	AIM2.1, IKBKB.3, IRAK1.1, IRAK1.2, IRAK1.3, IRAK1.4, IRAK4.1, IRAK4.2, NAIP.1, NAIP.2, NFKB1.2, NFKBIA.1, NLRC4.1, NLRC4.2, NLRC4.3, NLRC4.4, NLRP1.1, NLRP1.2, NLRP1.3, NLRP1.4, NLRP1.5, NLRP12.1, NLRP12.2, NLRP12.3, NLRP12.4, NLRP12.5, NLRP12.6, NLRP12.7, NLRP3.1, NLRP3.2, NLRP3.3, NLRP3.4, NLRP3.5, NLRP3.6, NLRP6.1, NLRP6.2, RELA.1, RELA.2, RELA.3, RELA.4, TAB2.1, TAB2.2, TLR4.1, TLR4.2, TLR4.3, TRAF6.1	46
PRODB_00082	Y	N	Y	Ef_Symbioflor_1_02374	Enterococcus faecalis	hypothetical protein	Y	565664.EFXG_02664	5.26E-92	268	COG1403@1|root,COG1403@2|Bacteria,1VP40@1239|Firmicutes,4HSII@91061|Bacilli,4B35T@81852|Enterococcaceae	91061|Bacilli	L	HNH endonuclease	-	-	-	ko:K07451	-	-	-	-	ko00000,ko01000,ko02048	-	-	-	HNH	AIM2.1, IKBKB.3, IKBKB.4, IRAK1.1, IRAK1.2, IRAK1.3, IRAK1.4, IRAK4.1, IRAK4.2, NAIP.1, NAIP.2, NFKB1.2, NFKBIA.1, NLRC4.1, NLRC4.2, NLRC4.3, NLRC4.4, NLRP1.1, NLRP1.2, NLRP1.3, NLRP1.4, NLRP1.5, NLRP12.1, NLRP12.2, NLRP12.3, NLRP12.4, NLRP12.5, NLRP12.6, NLRP12.7, NLRP3.1, NLRP3.2, NLRP3.3, NLRP3.4, NLRP3.5, NLRP3.6, NLRP6.1, NLRP6.2, RELA.1, RELA.2, RELA.3, RELA.4, TAB2.1, TAB2.2, TLR4.1, TLR4.2, TLR4.3, TRAF6.1	47
PRODB_00083	Y	Y	Y	Ef_Symbioflor_1_02375	Enterococcus faecalis	hypothetical protein	Y	1158604.I591_00522	3.77E-61	191	2969A@1|root,2ZTJB@2|Bacteria,1W6S1@1239|Firmicutes,4I032@91061|Bacilli,4B3VN@81852|Enterococcaceae	91061|Bacilli	-	-	-	-	-	-	-	-	-	-	-	-	-	-	-	AIM2.1, IKBKB.2, IKBKB.3, IKBKB.4, IRAK1.1, IRAK1.2, IRAK1.3, IRAK1.4, IRAK4.1, IRAK4.2, NAIP.1, NAIP.2, NFKB1.2, NFKBIA.1, NLRC4.1, NLRC4.2, NLRC4.3, NLRC4.4, NLRP1.1, NLRP1.2, NLRP1.3, NLRP1.4, NLRP1.5, NLRP12.1, NLRP12.2, NLRP12.3, NLRP12.4, NLRP12.5, NLRP12.6, NLRP12.7, NLRP3.1, NLRP3.2, NLRP3.3, NLRP3.4, NLRP3.5, NLRP3.6, NLRP6.1, NLRP6.2, RELA.1, RELA.2, RELA.3, RELA.4, TAB2.1, TAB2.2, TLR4.1, TLR4.2, TLR4.3, TRAF6.1	48
PRODB_00084	Y	Y	Y	Ef_AFL-109F_02227	Enterococcus faecalis	hypothetical protein	Y	1158614.I592_00645	1.19E-110	324	2BFE1@1|root,3297H@2|Bacteria,1U0G0@1239|Firmicutes,4I9TU@91061|Bacilli,4B4Q4@81852|Enterococcaceae	91061|Bacilli	S	Protein of unknown function (DUF3800)	-	-	-	-	-	-	-	-	-	-	-	-	DUF3800	IRAK1.1, IRAK1.2, IRAK1.3, IRAK1.4, NFKB1.2, NLRC4.4, NLRP3.1, TAB2.1, TAB2.2	9
PRODB_00085	Y	N	Y	Ef_AT41_02241	Enterococcus faecalis	hypothetical protein	Y	873449.STRCR_2364	8.27E-06	52.4	2DWZD@1|root,342NQ@2|Bacteria,1VXA7@1239|Firmicutes,4HXJH@91061|Bacilli	91061|Bacilli	-	-	-	-	-	-	-	-	-	-	-	-	-	-	-	AIM2.1, IKBKB.1, IKBKB.2, IKBKB.3, IKBKB.4, IRAK1.1, IRAK1.2, IRAK1.3, IRAK1.4, IRAK4.1, IRAK4.2, NAIP.1, NAIP.2, NFKB1.2, NFKBIA.1, NLRC4.1, NLRC4.2, NLRC4.3, NLRC4.4, NLRP1.1, NLRP1.2, NLRP1.3, NLRP1.4, NLRP1.5, NLRP12.1, NLRP12.2, NLRP12.3, NLRP12.4, NLRP12.5, NLRP12.6, NLRP12.7, NLRP3.1, NLRP3.2, NLRP3.3, NLRP3.4, NLRP3.5, NLRP3.6, NLRP6.1, NLRP6.2, RELA.1, RELA.2, RELA.3, RELA.4, TAB2.1, TAB2.2, TLR4.1, TLR4.2, TLR4.3, TRAF6.1	49
PRODB_00086	Y	N	Y	Ef_Symbioflor_1_02394	Enterococcus faecalis	hypothetical protein	N	-	-	-	-	-	-	-	-	-	-	-	-	-	-	-	-	-	-	-	-	AIM2.1, IKBKB.3, IKBKB.4, IRAK1.1, IRAK1.2, IRAK1.3, IRAK1.4, IRAK4.1, IRAK4.2, NAIP.1, NAIP.2, NFKB1.2, NFKBIA.1, NLRC4.1, NLRC4.2, NLRC4.3, NLRC4.4, NLRP1.1, NLRP1.2, NLRP1.3, NLRP1.4, NLRP1.5, NLRP12.1, NLRP12.2, NLRP12.3, NLRP12.4, NLRP12.5, NLRP12.6, NLRP12.7, NLRP3.1, NLRP3.2, NLRP3.3, NLRP3.4, NLRP3.5, NLRP3.6, NLRP6.1, NLRP6.2, RELA.1, RELA.2, RELA.3, RELA.4, TAB2.1, TAB2.2, TLR4.1, TLR4.2, TLR4.3, TRAF6.1	47
PRODB_00087	Y	Y	Y	Ef_Symbioflor_1_01515	Enterococcus faecalis	hypothetical protein	Y	1069533.Sinf_0802	8.60E-83	257	COG0791@1|root,COG0791@2|Bacteria,1VT9V@1239|Firmicutes,4HV77@91061|Bacilli	91061|Bacilli	M	Bacteriophage peptidoglycan hydrolase	-	-	-	-	-	-	-	-	-	-	-	-	Amidase_5	AIM2.1, IKBKB.3, IRAK1.1, IRAK1.2, IRAK1.3, IRAK1.4, IRAK4.1, NAIP.1, NAIP.2, NFKB1.2, NFKBIA.1, NLRC4.2, NLRC4.3, NLRC4.4, NLRP1.1, NLRP1.2, NLRP1.3, NLRP1.4, NLRP1.5, NLRP12.1, NLRP12.2, NLRP12.4, NLRP12.5, NLRP12.6, NLRP12.7, NLRP3.1, NLRP3.2, NLRP3.3, NLRP3.4, NLRP3.5, NLRP3.6, NLRP6.2, RELA.1, RELA.2, RELA.3, RELA.4, TAB2.1, TAB2.2, TLR4.1, TLR4.2, TLR4.3, TRAF6.1	42
PRODB_00088	Y	N	Y	Ef_Symbioflor_1_01516	Enterococcus faecalis	hypothetical protein	N	-	-	-	-	-	-	-	-	-	-	-	-	-	-	-	-	-	-	-	-	AIM2.1, IRAK1.1, IRAK1.2, IRAK1.3, IRAK1.4, IRAK4.1, NAIP.1, NAIP.2, NFKB1.2, NFKBIA.1, NLRC4.1, NLRC4.2, NLRC4.3, NLRC4.4, NLRP1.1, NLRP1.2, NLRP1.3, NLRP1.4, NLRP1.5, NLRP12.1, NLRP12.2, NLRP12.4, NLRP12.5, NLRP12.6, NLRP12.7, NLRP3.1, NLRP3.2, NLRP3.3, NLRP3.4, NLRP3.5, NLRP3.6, RELA.1, RELA.2, RELA.3, RELA.4, TAB2.1, TAB2.2, TLR4.3, TRAF6.1	39
PRODB_00089	Y	N	Y	Ef_EfsC116_01517	Enterococcus faecalis	hypothetical protein	Y	1158601.I585_01145	3.26E-62	223	COG0584@1|root,COG0584@2|Bacteria,1UP1A@1239|Firmicutes,4IUXS@91061|Bacilli,4B61J@81852|Enterococcaceae	91061|Bacilli	C	Domain of unknown function (DUF2479)	-	-	-	-	-	-	-	-	-	-	-	-	DUF2479	AIM2.1, IKBKB.3, IRAK1.1, IRAK1.2, IRAK1.3, IRAK1.4, IRAK4.1, NAIP.1, NAIP.2, NFKB1.2, NFKBIA.1, NLRC4.1, NLRC4.2, NLRC4.3, NLRC4.4, NLRP1.1, NLRP1.2, NLRP1.3, NLRP1.4, NLRP12.1, NLRP12.2, NLRP12.4, NLRP12.5, NLRP12.6, NLRP12.7, NLRP3.1, NLRP3.2, NLRP3.3, NLRP3.4, NLRP3.5, NLRP3.6, RELA.1, RELA.2, RELA.3, RELA.4, TAB2.1, TAB2.2, TLR4.1, TLR4.3, TRAF6.1	40
PRODB_00090	Y	N	Y	Ef_J-5_01574	Enterococcus faecalis	hypothetical protein	Y	1140001.I571_01122	8.30E-39	130	2EKTV@1|root,33EHJ@2|Bacteria,1VMVS@1239|Firmicutes,4I0J6@91061|Bacilli	91061|Bacilli	-	-	-	-	-	-	-	-	-	-	-	-	-	-	HTH_26	AIM2.1, IRAK1.2, NFKB1.2, TAB2.1, TAB2.2	5
PRODB_00091	Y	N	Y	Ef_J-5_01575	Enterococcus faecalis	hypothetical protein	Y	1139219.I569_01413	2.86E-67	214	COG2932@1|root,COG2932@2|Bacteria,1VAT3@1239|Firmicutes,4HM0X@91061|Bacilli,4B3M9@81852|Enterococcaceae	91061|Bacilli	K	Peptidase S24-like	-	-	-	-	-	-	-	-	-	-	-	-	HTH_3,Peptidase_S24	AIM2.1, IRAK1.1, IRAK1.2, IRAK1.3, IRAK1.4, IRAK4.1, NAIP.1, NAIP.2, NFKB1.2, NFKBIA.1, NLRC4.2, NLRC4.3, NLRC4.4, NLRP1.1, NLRP1.2, NLRP1.3, NLRP1.4, NLRP12.5, NLRP3.1, NLRP3.2, NLRP3.3, NLRP3.4, NLRP3.5, NLRP3.6, RELA.1, RELA.2, RELA.3, RELA.4, TAB2.1, TAB2.2, TLR4.3	31
PRODB_00092	Y	Y	Y	Ef_J-5_01573	Enterococcus faecalis	hypothetical protein	N	-	-	-	-	-	-	-	-	-	-	-	-	-	-	-	-	-	-	-	-	AIM2.1, IKBKB.1, IKBKB.2, IKBKB.3, IKBKB.4, IRAK1.1, IRAK1.2, IRAK1.3, IRAK1.4, IRAK4.1, IRAK4.2, NAIP.1, NAIP.2, NFKB1.2, NFKBIA.1, NLRC4.1, NLRC4.2, NLRC4.3, NLRC4.4, NLRP1.1, NLRP1.2, NLRP1.3, NLRP1.4, NLRP1.5, NLRP12.1, NLRP12.2, NLRP12.3, NLRP12.4, NLRP12.5, NLRP12.6, NLRP12.7, NLRP3.1, NLRP3.2, NLRP3.3, NLRP3.4, NLRP3.5, NLRP3.6, NLRP6.1, NLRP6.2, RELA.1, RELA.2, RELA.3, RELA.4, TAB2.1, TAB2.2, TLR4.1, TLR4.2, TLR4.3, TRAF6.1	49
PRODB_00093	Y	N	Y	Ef_J-5_01576	Enterococcus faecalis	hypothetical protein	Y	1158607.UAU_02783	3.50E-76	234	2DRWM@1|root,33DEN@2|Bacteria,1UHN3@1239|Firmicutes,4IS43@91061|Bacilli,4B6JT@81852|Enterococcaceae	91061|Bacilli	S	Domain of unknown function (DUF4352)	-	-	-	-	-	-	-	-	-	-	-	-	DUF4352	AIM2.1, IKBKB.1, IKBKB.2, IKBKB.3, IKBKB.4, IRAK1.1, IRAK1.2, IRAK1.3, IRAK1.4, IRAK4.1, IRAK4.2, NAIP.1, NAIP.2, NFKB1.2, NFKBIA.1, NLRC4.1, NLRC4.2, NLRC4.3, NLRC4.4, NLRP1.1, NLRP1.2, NLRP1.3, NLRP1.4, NLRP1.5, NLRP12.1, NLRP12.2, NLRP12.3, NLRP12.4, NLRP12.5, NLRP12.6, NLRP12.7, NLRP3.1, NLRP3.2, NLRP3.3, NLRP3.4, NLRP3.5, NLRP3.6, NLRP6.1, NLRP6.2, RELA.1, RELA.2, RELA.3, RELA.4, TAB2.1, TAB2.2, TLR4.1, TLR4.2, TLR4.3, TRAF6.1	49
PRODB_00094	Y	N	Y	Ef_N23-3408_00083	Enterococcus faecalis	hypothetical protein	Y	1158601.I585_00702	3.49E-78	244	COG5484@1|root,COG5484@2|Bacteria,1V6XI@1239|Firmicutes,4HIZ8@91061|Bacilli,4B1P1@81852|Enterococcaceae	91061|Bacilli	L	DNA packaging	yqaS	-	-	-	-	-	-	-	-	-	-	-	HTH_23,Phage_terminase,Terminase_5	AIM2.1, IKBKB.1, IKBKB.2, IKBKB.3, IKBKB.4, IRAK1.1, IRAK1.2, IRAK1.3, IRAK1.4, IRAK4.1, IRAK4.2, NAIP.1, NAIP.2, NFKB1.2, NFKBIA.1, NLRC4.1, NLRC4.2, NLRC4.3, NLRC4.4, NLRP1.1, NLRP1.2, NLRP1.3, NLRP1.4, NLRP1.5, NLRP12.1, NLRP12.2, NLRP12.3, NLRP12.4, NLRP12.5, NLRP12.6, NLRP12.7, NLRP3.1, NLRP3.2, NLRP3.3, NLRP3.4, NLRP3.5, NLRP3.6, NLRP6.1, NLRP6.2, RELA.1, RELA.2, RELA.3, RELA.4, TAB2.1, TAB2.2, TLR4.1, TLR4.2, TLR4.3, TRAF6.1	49
PRODB_00095	Y	N	Y	Ef_J-5_01578	Enterococcus faecalis	Putative prophage phiRv2 integrase	Y	208596.CAR_c08850	6.83E-104	318	COG0582@1|root,COG0582@2|Bacteria,1TTJI@1239|Firmicutes,4HDG6@91061|Bacilli,27FYE@186828|Carnobacteriaceae	91061|Bacilli	L	Phage integrase, N-terminal SAM-like domain	-	-	-	-	-	-	-	-	-	-	-	-	Arm-DNA-bind_4,Phage_int_SAM_3,Phage_integrase	NLRP3.1, TAB2.2	2
PRODB_00096	Y	Y	Y	Ef_EfsC116_01552	Enterococcus faecalis	hypothetical protein	Y	663241.C9E2N2_9CAUD	1.81E-85	266	4QAX8@10239|Viruses,4QVB1@35237|dsDNA viruses  no RNA stage,4QPHH@28883|Caudovirales,4QKTJ@10699|Siphoviridae	10699|Siphoviridae	S	calcium ion binding	-	-	-	-	-	-	-	-	-	-	-	-	-	AIM2.1, IKBKB.1, IKBKB.2, IKBKB.3, IKBKB.4, IRAK1.1, IRAK1.2, IRAK1.3, IRAK1.4, IRAK4.1, IRAK4.2, NAIP.1, NAIP.2, NFKB1.2, NFKBIA.1, NLRC4.1, NLRC4.2, NLRC4.3, NLRC4.4, NLRP1.1, NLRP1.2, NLRP1.3, NLRP1.4, NLRP1.5, NLRP12.1, NLRP12.2, NLRP12.3, NLRP12.4, NLRP12.5, NLRP12.6, NLRP12.7, NLRP3.1, NLRP3.2, NLRP3.3, NLRP3.4, NLRP3.5, NLRP3.6, NLRP6.1, NLRP6.2, RELA.1, RELA.2, RELA.3, RELA.4, TAB2.1, TAB2.2, TLR4.1, TLR4.2, TLR4.3, TRAF6.1	49
PRODB_00097	Y	Y	Y	Ef_JF3A-223_01831	Enterococcus faecalis	hypothetical protein	Y	1300150.EMQU_0780	8.16E-11	64.3	2DS9F@1|root,33F4A@2|Bacteria,1VMJG@1239|Firmicutes,4IED9@91061|Bacilli,4B47M@81852|Enterococcaceae	91061|Bacilli	S	Protein of unknown function (DUF1642)	-	-	-	-	-	-	-	-	-	-	-	-	DUF1642	AIM2.1, IKBKB.2, IKBKB.3, IKBKB.4, IRAK1.1, IRAK1.2, IRAK1.3, IRAK1.4, IRAK4.1, NAIP.1, NAIP.2, NFKB1.2, NFKBIA.1, NLRC4.1, NLRC4.2, NLRC4.3, NLRC4.4, NLRP1.1, NLRP1.2, NLRP1.3, NLRP1.4, NLRP1.5, NLRP12.1, NLRP12.2, NLRP12.3, NLRP12.4, NLRP12.5, NLRP12.6, NLRP12.7, NLRP3.1, NLRP3.2, NLRP3.3, NLRP3.4, NLRP3.5, NLRP3.6, NLRP6.1, NLRP6.2, RELA.1, RELA.2, RELA.3, RELA.4, TAB2.1, TAB2.2, TLR4.1, TLR4.2, TLR4.3, TRAF6.1	47
PRODB_00098	Y	N	Y	Ef_JF3A-223_01832	Enterococcus faecalis	hypothetical protein	N	-	-	-	-	-	-	-	-	-	-	-	-	-	-	-	-	-	-	-	-	AIM2.1, IRAK1.1, IRAK1.2, IRAK1.3, IRAK1.4, NFKB1.2, NLRC4.4, NLRP3.1, NLRP3.2, NLRP3.5, NLRP3.6, RELA.1, RELA.2, RELA.3, RELA.4, TAB2.1, TAB2.2	17
PRODB_00099	N	N	Y	Ef_HRH55_00103	Enterococcus faecalis	hypothetical protein	Y	1158601.I585_01150	2.02E-37	130	2DTKI@1|root,33KS1@2|Bacteria,1U14Z@1239|Firmicutes,4IAKW@91061|Bacilli,4B5NK@81852|Enterococcaceae	91061|Bacilli	-	-	-	-	-	-	-	-	-	-	-	-	-	-	-	AIM2.1, IRAK1.1, IRAK1.2, IRAK1.3, IRAK1.4, NFKB1.2, NLRC4.4, NLRP3.1, NLRP3.5, RELA.1, RELA.2, RELA.3, RELA.4, TAB2.1, TAB2.2	15
PRODB_00100	N	N	Y	Ef_EfsC116_01521	Enterococcus faecalis	hypothetical protein	Y	1158601.I585_01149	3.39E-70	218	2E0P6@1|root,32W81@2|Bacteria,1VCXU@1239|Firmicutes,4HM42@91061|Bacilli,4B3K3@81852|Enterococcaceae	91061|Bacilli	S	Bacteriophage Gp15 protein	-	-	-	-	-	-	-	-	-	-	-	-	Phage_Gp15	AIM2.1, IRAK1.1, IRAK1.2, IRAK1.3, IRAK1.4, IRAK4.1, NFKB1.2, NFKBIA.1, NLRC4.3, NLRC4.4, NLRP1.1, NLRP1.2, NLRP1.3, NLRP1.4, NLRP12.1, NLRP12.2, NLRP12.4, NLRP12.5, NLRP12.6, NLRP12.7, NLRP3.1, NLRP3.2, NLRP3.4, NLRP3.5, NLRP3.6, RELA.1, RELA.2, RELA.3, RELA.4, TAB2.1, TAB2.2, TRAF6.1	32
PRODB_00101	N	N	Y	Ef_EfsC116_01520	Enterococcus faecalis	hypothetical protein	Y	1140003.I573_01294	4.07E-85	304	COG1196@1|root,COG5412@1|root,COG1196@2|Bacteria,COG5412@2|Bacteria,1UZ5B@1239|Firmicutes,4HD9S@91061|Bacilli,4B63X@81852|Enterococcaceae	91061|Bacilli	D	phage tail tape measure protein	-	-	-	-	-	-	-	-	-	-	-	-	-	AIM2.1, IKBKB.3, IKBKB.4, IRAK1.1, IRAK1.2, IRAK1.3, IRAK1.4, IRAK4.1, NAIP.1, NAIP.2, NFKB1.2, NFKBIA.1, NLRC4.1, NLRC4.2, NLRC4.3, NLRC4.4, NLRP1.1, NLRP1.2, NLRP1.3, NLRP1.4, NLRP1.5, NLRP12.1, NLRP12.2, NLRP12.3, NLRP12.4, NLRP12.5, NLRP12.6, NLRP12.7, NLRP3.1, NLRP3.2, NLRP3.3, NLRP3.4, NLRP3.5, NLRP3.6, NLRP6.1, NLRP6.2, RELA.1, RELA.2, RELA.3, RELA.4, TAB2.1, TAB2.2, TLR4.1, TLR4.2, TLR4.3, TRAF6.1	46
PRODB_00102	N	N	Y	Ef_J-5_01529	Enterococcus faecalis	hypothetical protein	Y	1158601.I585_01151	1.09E-82	247	2DM67@1|root,31W5A@2|Bacteria,1VBP5@1239|Firmicutes,4HJQS@91061|Bacilli,4B41H@81852|Enterococcaceae	91061|Bacilli	-	-	-	-	-	-	-	-	-	-	-	-	-	-	-	AIM2.1, IRAK1.1, IRAK1.2, IRAK1.4, IRAK4.1, NFKB1.2, NLRC4.4, NLRP1.1, NLRP1.4, NLRP3.1, NLRP3.3, NLRP3.5, NLRP3.6, TAB2.1, TAB2.2	15
PRODB_00103	Y	N	Y	Ef_EfsC116_01516	Enterococcus faecalis	hypothetical protein	Y	1140002.I570_02928	4.41E-66	203	2BJQH@1|root,32E2A@2|Bacteria,1TZC8@1239|Firmicutes,4I8KD@91061|Bacilli,4B2TV@81852|Enterococcaceae	91061|Bacilli	S	Bacteriophage holin family	-	-	-	-	-	-	-	-	-	-	-	-	Phage_holin_4_1	AIM2.1, IKBKB.1, IKBKB.2, IKBKB.3, IKBKB.4, IRAK1.1, IRAK1.2, IRAK1.3, IRAK1.4, IRAK4.1, IRAK4.2, NAIP.1, NAIP.2, NFKB1.2, NFKBIA.1, NLRC4.1, NLRC4.2, NLRC4.3, NLRC4.4, NLRP1.1, NLRP1.2, NLRP1.3, NLRP1.4, NLRP1.5, NLRP12.1, NLRP12.2, NLRP12.3, NLRP12.4, NLRP12.5, NLRP12.6, NLRP12.7, NLRP3.1, NLRP3.2, NLRP3.3, NLRP3.4, NLRP3.5, NLRP3.6, NLRP6.1, NLRP6.2, RELA.1, RELA.2, RELA.3, RELA.4, TAB2.1, TAB2.2, TLR4.1, TLR4.2, TLR4.3, TRAF6.1	49
PRODB_00104	N	N	Y	Lm_IMAU80391_02025	Leuconostoc mesenteroides	Multicopper oxidase mco	Y	543734.LCABL_25870	0.00E+00	990	COG2132@1|root,COG2132@2|Bacteria,1TQSU@1239|Firmicutes,4HDD6@91061|Bacilli,3F3XB@33958|Lactobacillaceae	91061|Bacilli	Q	Multicopper oxidase	sufI	-	-	-	-	-	-	-	-	-	-	-	Cu-oxidase,Cu-oxidase_2,Cu-oxidase_3	AIM2.1, IRAK1.1, IRAK1.2, IRAK1.3, IRAK1.4, NAIP.1, NAIP.2, NFKB1.2, NLRC4.3, NLRC4.4, NLRP1.1, NLRP1.2, NLRP1.3, NLRP1.4, NLRP12.2, NLRP12.5, NLRP12.6, NLRP3.1, NLRP3.2, NLRP3.3, NLRP3.4, NLRP3.5, NLRP3.6, RELA.1, RELA.2, RELA.3, RELA.4, TAB2.1, TAB2.2	29
PRODB_00105	N	N	Y	Ef_C54_01662	Enterococcus faecalis	hypothetical protein	Y	565664.EFXG_02441	1.13E-179	530	COG4932@1|root,COG4932@2|Bacteria,1TRG6@1239|Firmicutes,4HTT8@91061|Bacilli,4B0A5@81852|Enterococcaceae	91061|Bacilli	M	Cna protein B-type domain	-	-	-	-	-	-	-	-	-	-	-	-	Gram_pos_anchor	AIM2.1, IKBKB.2, IKBKB.3, IKBKB.4, IRAK1.1, IRAK1.2, IRAK1.3, IRAK1.4, IRAK4.1, IRAK4.2, NAIP.1, NAIP.2, NFKB1.2, NFKBIA.1, NLRC4.1, NLRC4.2, NLRC4.3, NLRC4.4, NLRP1.1, NLRP1.2, NLRP1.3, NLRP1.4, NLRP1.5, NLRP12.1, NLRP12.2, NLRP12.3, NLRP12.4, NLRP12.5, NLRP12.6, NLRP12.7, NLRP3.1, NLRP3.2, NLRP3.3, NLRP3.4, NLRP3.5, NLRP3.6, NLRP6.1, NLRP6.2, RELA.1, RELA.2, RELA.3, RELA.4, TAB2.1, TAB2.2, TLR4.1, TLR4.2, TLR4.3, TRAF6.1	48
PRODB_00106	N	Y	Y	Ef_AKSZ-208_01607	Enterococcus faecalis	hypothetical protein	Y	565664.EFXG_02442	5.34E-105	308	2CA6J@1|root,33RMX@2|Bacteria,1VT5D@1239|Firmicutes,4HV2J@91061|Bacilli,4B1K2@81852|Enterococcaceae	91061|Bacilli	-	-	-	-	-	-	-	-	-	-	-	-	-	-	-	AIM2.1, IRAK1.1, IRAK1.2, IRAK1.3, IRAK1.4, NAIP.2, NFKB1.2, NLRC4.4, NLRP1.1, NLRP1.2, NLRP1.3, NLRP1.4, NLRP3.1, NLRP3.2, NLRP3.3, NLRP3.4, NLRP3.5, NLRP3.6, RELA.2, TAB2.1, TAB2.2	21
PRODB_00107	N	N	Y	Ef_BE15_01919	Enterococcus faecalis	hypothetical protein	Y	565664.EFXG_02135	1.15E-161	475	COG2244@1|root,COG2244@2|Bacteria,1TR1W@1239|Firmicutes,4HCW6@91061|Bacilli,4B4J4@81852|Enterococcaceae	91061|Bacilli	S	Psort location CytoplasmicMembrane, score	cps2I	-	-	-	-	-	-	-	-	-	-	-	Polysacc_synt	AIM2.1, IRAK1.1, IRAK1.2, IRAK1.3, IRAK1.4, IRAK4.1, NFKB1.2, NFKBIA.1, NLRC4.1, NLRC4.2, NLRC4.3, NLRC4.4, NLRP1.1, NLRP1.2, NLRP1.3, NLRP1.4, NLRP1.5, NLRP12.5, NLRP3.1, NLRP3.2, NLRP3.3, NLRP3.4, NLRP3.5, NLRP3.6, RELA.1, RELA.2, RELA.3, RELA.4, TAB2.1, TAB2.2, TLR4.3, TRAF6.1	32
PRODB_00108	N	N	Y	Ef_W11_01670	Enterococcus faecalis	hypothetical protein	Y	565664.EFXG_02137	1.11E-187	526	COG1216@1|root,COG1216@2|Bacteria,1VATJ@1239|Firmicutes,4HCW0@91061|Bacilli,4B1HJ@81852|Enterococcaceae	91061|Bacilli	M	group 2 family protein	-	-	-	-	-	-	-	-	-	-	-	-	Glycos_transf_2	AIM2.1, IRAK1.1, IRAK1.2, IRAK1.3, IRAK1.4, IRAK4.1, NAIP.1, NAIP.2, NFKB1.2, NFKBIA.1, NLRC4.4, NLRP1.1, NLRP1.2, NLRP1.3, NLRP1.4, NLRP1.5, NLRP12.2, NLRP12.4, NLRP12.5, NLRP12.6, NLRP12.7, NLRP3.1, NLRP3.2, NLRP3.3, NLRP3.4, NLRP3.5, NLRP3.6, RELA.1, RELA.2, RELA.3, RELA.4, TAB2.1, TAB2.2, TLR4.3, TRAF6.1	35
PRODB_00109	N	N	Y	Ef_FDAARGOS_324_01896	Enterococcus faecalis	hypothetical protein	Y	1158607.UAU_04639	4.90E-70	237	COG3307@1|root,COG3307@2|Bacteria,1VANV@1239|Firmicutes,4IPYQ@91061|Bacilli,4B1Y1@81852|Enterococcaceae	91061|Bacilli	M	O-Antigen ligase	-	-	-	-	-	-	-	-	-	-	-	-	Wzy_C	AIM2.1, IKBKB.3, IRAK1.1, IRAK1.2, IRAK1.3, IRAK1.4, IRAK4.1, IRAK4.2, NAIP.1, NAIP.2, NFKB1.2, NFKBIA.1, NLRC4.1, NLRC4.2, NLRC4.3, NLRC4.4, NLRP1.1, NLRP1.2, NLRP1.3, NLRP1.4, NLRP1.5, NLRP12.1, NLRP12.2, NLRP12.3, NLRP12.4, NLRP12.5, NLRP12.6, NLRP12.7, NLRP3.1, NLRP3.2, NLRP3.3, NLRP3.4, NLRP3.5, NLRP3.6, NLRP6.1, NLRP6.2, RELA.1, RELA.2, RELA.3, RELA.4, TAB2.1, TAB2.2, TLR4.1, TLR4.2, TLR4.3, TRAF6.1	46
PRODB_00110	N	N	Y	Ef_BE15_01921	Enterococcus faecalis	dTDP-glucose 4,6-dehydratase	Y	1104325.M7W_1401	7.38E-220	610	COG0451@1|root,COG0451@2|Bacteria,1TS59@1239|Firmicutes,4HC1B@91061|Bacilli,4B0AV@81852|Enterococcaceae	91061|Bacilli	GM	Male sterility protein	-	-	4.2.1.46	ko:K01710	ko00521,ko00523,ko00525,ko01055,ko01130,map00521,map00523,map00525,map01055,map01130	M00793	R06513	RC00402	ko00000,ko00001,ko00002,ko01000	-	-	-	Epimerase	AIM2.1, IRAK1.1, IRAK1.2, IRAK1.3, IRAK1.4, NFKB1.2, NLRC4.4, NLRP3.1, NLRP3.2, NLRP3.3, NLRP3.4, NLRP3.5, NLRP3.6, RELA.1, RELA.2, RELA.4, TAB2.1, TAB2.2	18
PRODB_00111	N	N	Y	Ef_152_01929	Enterococcus faecalis	hypothetical protein	Y	1158607.UAU_04640	1.30E-96	299	COG0438@1|root,COG0438@2|Bacteria,1TPHK@1239|Firmicutes,4HAXV@91061|Bacilli,4B3BW@81852|Enterococcaceae	91061|Bacilli	M	Glycosyl transferases group 1	-	-	-	-	-	-	-	-	-	-	-	-	Glycos_transf_1	IRAK1.1, IRAK1.2, IRAK1.3, IRAK1.4, NFKB1.2, NLRC4.3, NLRC4.4, NLRP1.1, NLRP1.4, NLRP12.5, NLRP3.1, NLRP3.2, NLRP3.3, NLRP3.4, NLRP3.5, NLRP3.6, RELA.1, RELA.2, RELA.3, RELA.4, TAB2.1, TAB2.2	22
PRODB_00112	N	N	Y	Lp_CTOTU49321_01051	Lacticaseibacillus paracasei	Quinone-dependent D-lactate dehydrogenase	Y	913848.AELK01000082_gene1678	0.00E+00	1117	COG0277@1|root,COG0277@2|Bacteria,1UZAG@1239|Firmicutes,4H9ZB@91061|Bacilli,3F59H@33958|Lactobacillaceae	91061|Bacilli	C	D-lactate dehydrogenase, membrane binding	dld	-	1.1.5.12	ko:K03777	ko00620,ko01120,map00620,map01120	-	R00704,R11591	RC00044	ko00000,ko00001,ko01000	-	-	-	FAD_binding_4,Lact-deh-memb	AIM2.1, IKBKB.3, IKBKB.4, IRAK1.1, IRAK1.2, IRAK1.3, IRAK1.4, IRAK4.1, NAIP.1, NAIP.2, NFKB1.2, NFKBIA.1, NLRC4.1, NLRC4.2, NLRC4.3, NLRC4.4, NLRP1.1, NLRP1.2, NLRP1.3, NLRP1.4, NLRP1.5, NLRP12.2, NLRP12.4, NLRP12.5, NLRP12.7, NLRP3.1, NLRP3.2, NLRP3.3, NLRP3.4, NLRP3.5, NLRP3.6, NLRP6.1, NLRP6.2, RELA.1, RELA.2, RELA.3, RELA.4, TAB2.1, TAB2.2, TLR4.3, TRAF6.1	41
PRODB_00113	N	Y	Y	Ef_JF4H-114_02282	Enterococcus faecalis	hypothetical protein	N	-	-	-	-	-	-	-	-	-	-	-	-	-	-	-	-	-	-	-	-		0
PRODB_00114	N	Y	Y	Lp_NRC_P6_02675	Lacticaseibacillus paracasei	hypothetical protein	Y	543734.LCABL_25860	8.70E-292	802	COG0477@1|root,COG0477@2|Bacteria,1UJ8F@1239|Firmicutes,4IT4C@91061|Bacilli,3FBUG@33958|Lactobacillaceae	91061|Bacilli	EGP	Major Facilitator Superfamily	-	-	-	-	-	-	-	-	-	-	-	-	MFS_1,MFS_5	AIM2.1, IRAK4.1, NFKB1.2, NLRC4.4, NLRP1.1, NLRP1.2, NLRP1.4, NLRP12.5, NLRP3.1, NLRP3.2, NLRP3.3, NLRP3.5, NLRP3.6, RELA.1, RELA.2, RELA.4, TAB2.1, TAB2.2, TRAF6.1	19
PRODB_00115	N	N	Y	Ef_C54_01630	Enterococcus faecalis	IS3 family transposase ISLmo5	Y	1158601.I585_04014	7.08E-163	458	COG2801@1|root,COG2801@2|Bacteria,1TU21@1239|Firmicutes,4HDK4@91061|Bacilli,4B1EX@81852|Enterococcaceae	91061|Bacilli	L	Integrase core domain	-	-	-	-	-	-	-	-	-	-	-	-	HTH_21,rve	AIM2.1, IKBKB.1, IKBKB.2, IKBKB.3, IKBKB.4, IRAK1.1, IRAK1.2, IRAK1.3, IRAK1.4, IRAK4.1, IRAK4.2, NAIP.1, NAIP.2, NFKB1.2, NFKBIA.1, NLRC4.1, NLRC4.2, NLRC4.3, NLRC4.4, NLRP1.1, NLRP1.2, NLRP1.3, NLRP1.4, NLRP1.5, NLRP12.1, NLRP12.2, NLRP12.3, NLRP12.4, NLRP12.5, NLRP12.6, NLRP12.7, NLRP3.1, NLRP3.2, NLRP3.3, NLRP3.4, NLRP3.5, NLRP3.6, NLRP6.1, NLRP6.2, RELA.1, RELA.2, RELA.3, RELA.4, TAB2.1, TAB2.2, TLR4.1, TLR4.2, TLR4.3, TRAF6.1	49
PRODB_00116	N	N	Y	Ef_VSE-WC032_01359	Enterococcus faecalis	hypothetical protein	Y	1158601.I585_04015	1.13E-59	184	COG2963@1|root,COG2963@2|Bacteria,1VEWG@1239|Firmicutes,4HNMJ@91061|Bacilli,4B39V@81852|Enterococcaceae	91061|Bacilli	L	Transposase	-	-	-	ko:K07483	-	-	-	-	ko00000	-	-	-	HTH_Tnp_1	AIM2.1, IKBKB.1, IKBKB.2, IKBKB.3, IKBKB.4, IRAK1.1, IRAK1.2, IRAK1.3, IRAK1.4, IRAK4.1, IRAK4.2, NAIP.1, NAIP.2, NFKB1.2, NFKBIA.1, NLRC4.1, NLRC4.2, NLRC4.3, NLRC4.4, NLRP1.1, NLRP1.2, NLRP1.3, NLRP1.4, NLRP1.5, NLRP12.1, NLRP12.2, NLRP12.3, NLRP12.4, NLRP12.5, NLRP12.6, NLRP12.7, NLRP3.1, NLRP3.2, NLRP3.3, NLRP3.4, NLRP3.5, NLRP3.6, NLRP6.1, NLRP6.2, RELA.1, RELA.2, RELA.3, RELA.4, TAB2.1, TAB2.2, TLR4.1, TLR4.2, TLR4.3, TRAF6.1	49
PRODB_00117	N	N	Y	Sa_Gv69_00680	Staphylococcus aureus	IS256 family transposase IS256	Y	1234679.BN424_1079	6.59E-276	755	COG3328@1|root,COG3328@2|Bacteria,1TP4C@1239|Firmicutes,4HB0P@91061|Bacilli,27FPR@186828|Carnobacteriaceae	91061|Bacilli	L	L COG3328 Transposase and inactivated derivatives	-	-	-	-	-	-	-	-	-	-	-	-	Transposase_mut	AIM2.1, IRAK1.1, IRAK1.2, IRAK1.3, IRAK1.4, IRAK4.1, NAIP.1, NAIP.2, NFKB1.2, NFKBIA.1, NLRC4.1, NLRC4.2, NLRC4.3, NLRC4.4, NLRP1.1, NLRP1.2, NLRP1.3, NLRP1.4, NLRP12.4, NLRP12.5, NLRP3.1, NLRP3.2, NLRP3.3, NLRP3.4, NLRP3.5, NLRP3.6, RELA.1, RELA.2, RELA.3, RELA.4, TAB2.1, TAB2.2, TLR4.1, TLR4.2, TLR4.3, TRAF6.1	36
PRODB_00118	N	N	Y	Ec_SSGNw1_04732	Escherichia coli	hypothetical protein	Y	1225785.CM001983_gene3572	3.38E-160	456	COG2197@1|root,COG2197@2|Bacteria,1N33D@1224|Proteobacteria,1RZCA@1236|Gammaproteobacteria	1236|Gammaproteobacteria	KT	Primase C terminal 1 (PriCT-1)	-	-	-	-	-	-	-	-	-	-	-	-	HTH_23,PriCT_1,Replicase	AIM2.1, IRAK1.1, IRAK1.2, IRAK1.3, IRAK1.4, IRAK4.1, NAIP.2, NFKB1.2, NLRC4.3, NLRC4.4, NLRP1.1, NLRP1.2, NLRP1.3, NLRP1.4, NLRP12.1, NLRP12.2, NLRP12.4, NLRP12.5, NLRP12.6, NLRP12.7, NLRP3.1, NLRP3.2, NLRP3.3, NLRP3.4, NLRP3.5, NLRP3.6, RELA.1, RELA.2, RELA.3, RELA.4, TAB2.1, TAB2.2, TRAF6.1	33
PRODB_00119	N	N	Y	Ef_CF3A-343_02488	Enterococcus faecalis	hypothetical protein	Y	226185.EF_2841	1.26E-222	616	COG3723@1|root,COG3723@2|Bacteria,1V0QW@1239|Firmicutes,4HBS2@91061|Bacilli,4B0C9@81852|Enterococcaceae	91061|Bacilli	L	RecT family	-	-	-	ko:K07455	-	-	-	-	ko00000,ko03400	-	-	-	RecT	AIM2.1, IRAK1.1, IRAK1.2, IRAK1.3, IRAK1.4, IRAK4.1, NAIP.1, NAIP.2, NFKB1.2, NFKBIA.1, NLRC4.2, NLRC4.3, NLRC4.4, NLRP1.1, NLRP1.2, NLRP1.3, NLRP1.4, NLRP1.5, NLRP12.1, NLRP12.2, NLRP12.3, NLRP12.4, NLRP12.5, NLRP12.6, NLRP12.7, NLRP3.1, NLRP3.2, NLRP3.3, NLRP3.4, NLRP3.5, NLRP3.6, RELA.1, RELA.2, RELA.3, RELA.4, TAB2.1, TAB2.2, TLR4.3, TRAF6.1	39
PRODB_00120	N	N	Y	Ef_AT41_02244	Enterococcus faecalis	hypothetical protein	Y	1201292.DR75_1622	5.05E-47	150	2EFKC@1|root,339CN@2|Bacteria,1VJ0X@1239|Firmicutes,4HQUC@91061|Bacilli,4B3U7@81852|Enterococcaceae	91061|Bacilli	S	Haemolysin XhlA	-	-	-	-	-	-	-	-	-	-	-	-	XhlA	AIM2.1, IKBKB.1, IKBKB.2, IKBKB.3, IKBKB.4, IRAK1.1, IRAK1.2, IRAK1.3, IRAK1.4, IRAK4.1, IRAK4.2, NAIP.1, NAIP.2, NFKB1.2, NFKBIA.1, NLRC4.1, NLRC4.2, NLRC4.3, NLRC4.4, NLRP1.1, NLRP1.2, NLRP1.3, NLRP1.4, NLRP1.5, NLRP12.1, NLRP12.2, NLRP12.3, NLRP12.4, NLRP12.5, NLRP12.6, NLRP12.7, NLRP3.1, NLRP3.2, NLRP3.3, NLRP3.4, NLRP3.5, NLRP3.6, NLRP6.1, NLRP6.2, RELA.1, RELA.2, RELA.3, RELA.4, TAB2.1, TAB2.2, TLR4.1, TLR4.2, TLR4.3, TRAF6.1	49
PRODB_00121	N	N	Y	Lm_B5_dup_F3X1T_00039	Leuconostoc mesenteroides	IS30 family transposase ISLpl1	Y	203123.OEOE_0356	5.76E-218	603	COG2826@1|root,COG2826@2|Bacteria,1TRSF@1239|Firmicutes,4HTRR@91061|Bacilli,4AYZK@81850|Leuconostocaceae	91061|Bacilli	L	Integrase core domain	-	-	-	-	-	-	-	-	-	-	-	-	HTH_38,rve	AIM2.1, IKBKB.2, IKBKB.3, IKBKB.4, IRAK1.1, IRAK1.2, IRAK1.3, IRAK1.4, IRAK4.1, IRAK4.2, NAIP.1, NAIP.2, NFKB1.2, NFKBIA.1, NLRC4.1, NLRC4.2, NLRC4.3, NLRC4.4, NLRP1.1, NLRP1.2, NLRP1.3, NLRP1.4, NLRP1.5, NLRP12.1, NLRP12.2, NLRP12.3, NLRP12.4, NLRP12.5, NLRP12.6, NLRP12.7, NLRP3.1, NLRP3.2, NLRP3.3, NLRP3.4, NLRP3.5, NLRP3.6, NLRP6.1, NLRP6.2, RELA.1, RELA.2, RELA.3, RELA.4, TAB2.1, TAB2.2, TLR4.1, TLR4.2, TLR4.3, TRAF6.1	48
PRODB_00122	N	N	Y	Ef_BE33_02170	Enterococcus faecalis	hypothetical protein	Y	1158604.I591_01168	3.73E-124	385	COG4485@1|root,COG4485@2|Bacteria,1UZCF@1239|Firmicutes,4HDPY@91061|Bacilli,4B6PH@81852|Enterococcaceae	91061|Bacilli	S	Bacterial membrane protein, YfhO	-	-	-	-	-	-	-	-	-	-	-	-	-	AIM2.1, IKBKB.3, IRAK1.1, IRAK1.2, IRAK1.3, IRAK1.4, IRAK4.1, IRAK4.2, NAIP.1, NAIP.2, NFKB1.2, NLRC4.1, NLRC4.2, NLRC4.3, NLRC4.4, NLRP1.1, NLRP1.2, NLRP1.3, NLRP1.4, NLRP1.5, NLRP12.1, NLRP12.2, NLRP12.3, NLRP12.4, NLRP12.5, NLRP12.6, NLRP12.7, NLRP3.1, NLRP3.2, NLRP3.3, NLRP3.4, NLRP3.5, NLRP3.6, NLRP6.1, NLRP6.2, RELA.1, RELA.2, RELA.3, RELA.4, TAB2.1, TAB2.2, TLR4.1, TLR4.2, TLR4.3, TRAF6.1	45
PRODB_00123	N	Y	Y	Ef_N23-3408_01547	Enterococcus faecalis	hypothetical protein	Y	1260356.D920_02753	1.38E-307	863	COG4886@1|root,COG4886@2|Bacteria,1TYXX@1239|Firmicutes,4I846@91061|Bacilli,4B1IR@81852|Enterococcaceae	91061|Bacilli	S	Leucine-rich repeat (LRR) protein	-	-	-	-	-	-	-	-	-	-	-	-	-	AIM2.1, IRAK1.1, IRAK1.2, IRAK1.3, IRAK1.4, IRAK4.1, NFKB1.2, NLRC4.4, NLRP1.1, NLRP12.5, NLRP12.6, NLRP3.1, NLRP3.2, NLRP3.3, NLRP3.5, NLRP3.6, TAB2.1, TAB2.2, TRAF6.1	19
PRODB_00124	Y	Y	Y	Ef_Symbioflor_1_02657	Enterococcus faecalis	hypothetical protein	Y	387093.SUN_2432	3.58E-24	107	arCOG12551@1|root,2Z9WJ@2|Bacteria,1R6MT@1224|Proteobacteria,42VPP@68525|delta/epsilon subdivisions,2YS60@29547|Epsilonproteobacteria	29547|Epsilonproteobacteria	S	Putative  PD-(D/E)XK family member, (DUF4420)	-	-	-	-	-	-	-	-	-	-	-	-	DUF4420	AIM2.1, IKBKB.3, IRAK1.1, IRAK1.2, IRAK1.3, IRAK1.4, IRAK4.1, IRAK4.2, NAIP.1, NAIP.2, NFKB1.2, NFKBIA.1, NLRC4.1, NLRC4.2, NLRC4.3, NLRC4.4, NLRP1.1, NLRP1.2, NLRP1.3, NLRP1.4, NLRP1.5, NLRP12.1, NLRP12.2, NLRP12.3, NLRP12.4, NLRP12.5, NLRP12.6, NLRP12.7, NLRP3.1, NLRP3.2, NLRP3.3, NLRP3.4, NLRP3.5, NLRP3.6, NLRP6.1, NLRP6.2, RELA.1, RELA.2, RELA.3, RELA.4, TAB2.1, TAB2.2, TLR4.1, TLR4.2, TLR4.3, TRAF6.1	46
PRODB_00125	Y	N	Y	Ef_Symbioflor_1_02658	Enterococcus faecalis	hypothetical protein	Y	1449338.JQLU01000005_gene1035	5.75E-274	776	COG1100@1|root,COG1100@2|Bacteria,1TR11@1239|Firmicutes,4HDF4@91061|Bacilli	91061|Bacilli	L	Z1 domain	-	-	-	-	-	-	-	-	-	-	-	-	ResIII,Z1	IRAK1.1, IRAK1.2, IRAK1.3, IRAK1.4, IRAK4.1, NAIP.1, NAIP.2, NFKB1.2, NLRC4.3, NLRC4.4, NLRP12.5, NLRP3.1, NLRP3.2, NLRP3.3, NLRP3.4, NLRP3.5, NLRP3.6, RELA.1, RELA.2, RELA.3, RELA.4, TAB2.1, TAB2.2	23
PRODB_00126	Y	N	Y	Ef_R5_00482	Enterococcus faecalis	hypothetical protein	N	-	-	-	-	-	-	-	-	-	-	-	-	-	-	-	-	-	-	-	-	AIM2.1, IKBKB.1, IKBKB.2, IKBKB.3, IKBKB.4, IRAK1.1, IRAK1.2, IRAK1.3, IRAK1.4, IRAK4.1, IRAK4.2, NAIP.1, NAIP.2, NFKB1.2, NFKBIA.1, NLRC4.1, NLRC4.2, NLRC4.3, NLRC4.4, NLRP1.1, NLRP1.2, NLRP1.3, NLRP1.4, NLRP1.5, NLRP12.1, NLRP12.2, NLRP12.3, NLRP12.4, NLRP12.5, NLRP12.6, NLRP12.7, NLRP3.1, NLRP3.2, NLRP3.3, NLRP3.4, NLRP3.5, NLRP3.6, NLRP6.1, NLRP6.2, RELA.1, RELA.2, RELA.3, RELA.4, TAB2.1, TAB2.2, TLR4.1, TLR4.2, TLR4.3, TRAF6.1	49
PRODB_00127	Y	N	Y	Ef_PartL-Efaecalis-RM8376_00404	Enterococcus faecalis	hypothetical protein	N	-	-	-	-	-	-	-	-	-	-	-	-	-	-	-	-	-	-	-	-	AIM2.1, IKBKB.3, IRAK1.1, IRAK1.2, IRAK1.3, IRAK1.4, IRAK4.1, IRAK4.2, NAIP.1, NAIP.2, NFKB1.2, NFKBIA.1, NLRC4.1, NLRC4.2, NLRC4.3, NLRC4.4, NLRP1.1, NLRP1.2, NLRP1.3, NLRP1.4, NLRP1.5, NLRP12.1, NLRP12.2, NLRP12.3, NLRP12.4, NLRP12.5, NLRP12.6, NLRP12.7, NLRP3.1, NLRP3.2, NLRP3.3, NLRP3.4, NLRP3.5, NLRP3.6, NLRP6.1, NLRP6.2, RELA.1, RELA.2, RELA.3, RELA.4, TAB2.1, TAB2.2, TLR4.1, TLR4.2, TLR4.3, TRAF6.1	46
PRODB_00128	Y	N	Y	Ef_N775_PC7_02478	Enterococcus faecalis	hypothetical protein	Y	673832.D2IYS5_9CAUD	5.62E-75	224	4QAQV@10239|Viruses,4QUPK@35237|dsDNA viruses  no RNA stage,4QPCB@28883|Caudovirales,4QKM5@10699|Siphoviridae	10699|Siphoviridae	S	sequence-specific DNA binding	-	GO:0001047,GO:0001067,GO:0003674,GO:0003676,GO:0003677,GO:0005488,GO:0005515,GO:0005575,GO:0006355,GO:0008150,GO:0009889,GO:0009890,GO:0009892,GO:0010468,GO:0010556,GO:0010558,GO:0010605,GO:0010629,GO:0010944,GO:0016032,GO:0019012,GO:0019042,GO:0019044,GO:0019219,GO:0019222,GO:0031323,GO:0031324,GO:0031326,GO:0031327,GO:0042802,GO:0043900,GO:0043902,GO:0043903,GO:0044212,GO:0044403,GO:0044419,GO:0045892,GO:0045934,GO:0046782,GO:0048518,GO:0048519,GO:0048523,GO:0048524,GO:0050434,GO:0050789,GO:0050792,GO:0050794,GO:0051171,GO:0051172,GO:0051252,GO:0051253,GO:0051704,GO:0060255,GO:0065007,GO:0080090,GO:0097159,GO:1901363,GO:1902679,GO:1903506,GO:1903507,GO:2000112,GO:2000113,GO:2001141	-	-	-	-	-	-	-	-	-	-	-	AIM2.1, IKBKB.1, IKBKB.2, IKBKB.4, IRAK1.1, IRAK1.2, IRAK1.3, IRAK1.4, IRAK4.1, NAIP.1, NAIP.2, NFKB1.2, NFKBIA.1, NLRC4.1, NLRC4.2, NLRC4.3, NLRC4.4, NLRP1.1, NLRP1.2, NLRP1.3, NLRP1.4, NLRP1.5, NLRP12.1, NLRP12.2, NLRP12.3, NLRP12.4, NLRP12.5, NLRP12.6, NLRP12.7, NLRP3.1, NLRP3.2, NLRP3.3, NLRP3.4, NLRP3.5, NLRP3.6, NLRP6.1, NLRP6.2, RELA.1, RELA.2, RELA.3, RELA.4, TAB2.1, TAB2.2, TLR4.1, TLR4.2, TLR4.3, TRAF6.1	47
PRODB_00129	N	N	Y	Ef_R5_00481	Enterococcus faecalis	hypothetical protein	Y	926692.AZYG01000097_gene2313	1.04E-34	143	28N10@1|root,2ZB78@2|Bacteria,1UZHD@1239|Firmicutes,24DCA@186801|Clostridia	186801|Clostridia	-	-	-	-	-	-	-	-	-	-	-	-	-	-	-	AIM2.1, IKBKB.3, IRAK1.1, IRAK1.2, IRAK1.3, IRAK1.4, IRAK4.1, NAIP.1, NAIP.2, NFKB1.2, NFKBIA.1, NLRC4.1, NLRC4.2, NLRC4.3, NLRC4.4, NLRP1.1, NLRP1.2, NLRP1.3, NLRP1.4, NLRP1.5, NLRP12.1, NLRP12.2, NLRP12.3, NLRP12.4, NLRP12.5, NLRP12.6, NLRP12.7, NLRP3.1, NLRP3.2, NLRP3.3, NLRP3.4, NLRP3.5, NLRP3.6, NLRP6.1, NLRP6.2, RELA.1, RELA.2, RELA.3, RELA.4, TAB2.1, TAB2.2, TLR4.1, TLR4.2, TLR4.3, TRAF6.1	45
PRODB_00130	N	N	Y	Ef_CVM_N48037F_00285	Enterococcus faecalis	hypothetical protein	N	-	-	-	-	-	-	-	-	-	-	-	-	-	-	-	-	-	-	-	-	AIM2.1, IKBKB.3, IRAK1.1, IRAK1.2, IRAK1.3, IRAK1.4, IRAK4.1, IRAK4.2, NAIP.1, NAIP.2, NFKB1.2, NFKBIA.1, NLRC4.1, NLRC4.2, NLRC4.3, NLRC4.4, NLRP1.1, NLRP1.2, NLRP1.3, NLRP1.4, NLRP1.5, NLRP12.1, NLRP12.2, NLRP12.3, NLRP12.4, NLRP12.5, NLRP12.6, NLRP12.7, NLRP3.1, NLRP3.2, NLRP3.3, NLRP3.4, NLRP3.5, NLRP3.6, NLRP6.1, NLRP6.2, RELA.1, RELA.2, RELA.3, RELA.4, TAB2.1, TAB2.2, TLR4.1, TLR4.2, TLR4.3, TRAF6.1	46
PRODB_00131	N	N	Y	Ef_Symbioflor_1_00400	Enterococcus faecalis	hypothetical protein	N	-	-	-	-	-	-	-	-	-	-	-	-	-	-	-	-	-	-	-	-	AIM2.1, IKBKB.1, IKBKB.2, IKBKB.3, IKBKB.4, IRAK1.1, IRAK1.2, IRAK1.3, IRAK1.4, IRAK4.1, IRAK4.2, NAIP.1, NAIP.2, NFKB1.2, NFKBIA.1, NLRC4.1, NLRC4.2, NLRC4.3, NLRC4.4, NLRP1.1, NLRP1.2, NLRP1.3, NLRP1.4, NLRP1.5, NLRP12.1, NLRP12.2, NLRP12.3, NLRP12.4, NLRP12.5, NLRP12.6, NLRP12.7, NLRP3.1, NLRP3.2, NLRP3.3, NLRP3.4, NLRP3.5, NLRP3.6, NLRP6.1, NLRP6.2, RELA.1, RELA.2, RELA.3, RELA.4, TAB2.1, TAB2.2, TLR4.1, TLR4.2, TLR4.3, TRAF6.1	49
PRODB_00132	N	N	Y	Ef_FDAARGOS_324_00143	Enterococcus faecalis	hypothetical protein	Y	1449338.JQLU01000005_gene1036	1.49E-264	734	COG0323@1|root,COG0323@2|Bacteria,1TSQN@1239|Firmicutes,4HFAD@91061|Bacilli	91061|Bacilli	L	Histidine kinase-, DNA gyrase B-, and HSP90-like ATPase	-	-	-	-	-	-	-	-	-	-	-	-	HATPase_c_3	AIM2.1, IRAK1.1, IRAK1.2, IRAK1.3, IRAK1.4, NAIP.1, NAIP.2, NFKB1.2, NLRC4.3, NLRC4.4, NLRP1.1, NLRP1.2, NLRP1.3, NLRP1.4, NLRP12.5, NLRP3.1, NLRP3.2, NLRP3.3, NLRP3.4, NLRP3.5, NLRP3.6, RELA.1, RELA.2, RELA.3, RELA.4, TAB2.1, TAB2.2	27
PRODB_00133	N	N	Y	Ef_E006xJH2-2-TC1_02710	Enterococcus faecalis	hypothetical protein	Y	1140003.I573_00605	5.03E-108	350	arCOG06613@1|root,2Z7VT@2|Bacteria,1TT61@1239|Firmicutes,4HBG0@91061|Bacilli	91061|Bacilli	S	AIPR protein	-	-	-	-	-	-	-	-	-	-	-	-	AIPR	NFKB1.2	1
PRODB_00134	N	N	Y	Ef_43-2_02885	Enterococcus faecalis	hypothetical protein	Y	1140003.I573_00604	8.65E-109	333	COG0270@1|root,COG0270@2|Bacteria,1UED5@1239|Firmicutes,4IQ47@91061|Bacilli	91061|Bacilli	H	C-5 cytosine-specific DNA methylase	-	-	2.1.1.37	ko:K00558	ko00270,ko01100,ko05206,map00270,map01100,map05206	M00035	R04858	RC00003,RC00332	ko00000,ko00001,ko00002,ko01000,ko02048,ko03032,ko03036	-	-	-	DNA_methylase	IRAK1.2, NFKB1.2, NLRP3.1, NLRP3.5, TAB2.1, TAB2.2	6
PRODB_00135	N	N	Y	Ef_EFS108_02145	Enterococcus faecalis	hypothetical protein	Y	1260356.D920_00326	7.66E-16	73.6	2AX67@1|root,30RR1@2|Bacteria,1U24B@1239|Firmicutes,4IBMY@91061|Bacilli,4B3JV@81852|Enterococcaceae	91061|Bacilli	-	-	-	-	-	-	-	-	-	-	-	-	-	-	-	AIM2.1, IKBKB.1, IKBKB.2, IKBKB.3, IKBKB.4, IRAK1.1, IRAK1.2, IRAK1.3, IRAK1.4, IRAK4.1, IRAK4.2, NAIP.1, NAIP.2, NFKB1.2, NFKBIA.1, NLRC4.1, NLRC4.2, NLRC4.3, NLRC4.4, NLRP1.1, NLRP1.2, NLRP1.3, NLRP1.4, NLRP1.5, NLRP12.1, NLRP12.2, NLRP12.3, NLRP12.4, NLRP12.5, NLRP12.6, NLRP12.7, NLRP3.1, NLRP3.2, NLRP3.3, NLRP3.4, NLRP3.5, NLRP3.6, NLRP6.1, NLRP6.2, RELA.1, RELA.2, RELA.3, RELA.4, TAB2.1, TAB2.2, TLR4.1, TLR4.2, TLR4.3, TRAF6.1	49
PRODB_00136	Y	N	Y	Ef_R5_00098	Enterococcus faecalis	hypothetical protein	N	-	-	-	-	-	-	-	-	-	-	-	-	-	-	-	-	-	-	-	-	AIM2.1, IKBKB.1, IKBKB.2, IKBKB.3, IKBKB.4, IRAK1.1, IRAK1.2, IRAK1.3, IRAK1.4, IRAK4.1, IRAK4.2, NAIP.1, NAIP.2, NFKB1.2, NFKBIA.1, NLRC4.1, NLRC4.2, NLRC4.3, NLRC4.4, NLRP1.1, NLRP1.2, NLRP1.3, NLRP1.4, NLRP1.5, NLRP12.1, NLRP12.2, NLRP12.3, NLRP12.4, NLRP12.5, NLRP12.6, NLRP12.7, NLRP3.1, NLRP3.2, NLRP3.3, NLRP3.4, NLRP3.5, NLRP3.6, NLRP6.1, NLRP6.2, RELA.1, RELA.2, RELA.3, RELA.4, TAB2.1, TAB2.2, TLR4.1, TLR4.2, TLR4.3, TRAF6.1	49
PRODB_00137	N	Y	Y	Ef_EfsC116_02389	Enterococcus faecalis	hypothetical protein	Y	1201292.DR75_1657	2.32E-113	324	2DM3A@1|root,31IKE@2|Bacteria,1VUTA@1239|Firmicutes,4HVIW@91061|Bacilli,4B2CG@81852|Enterococcaceae	91061|Bacilli	S	Protein of unknown function (DUF1064)	-	-	-	-	-	-	-	-	-	-	-	-	DUF1064	AIM2.1, IKBKB.1, IKBKB.2, IKBKB.3, IKBKB.4, IRAK1.1, IRAK1.2, IRAK1.3, IRAK1.4, IRAK4.1, IRAK4.2, NAIP.1, NAIP.2, NFKB1.2, NFKBIA.1, NLRC4.1, NLRC4.2, NLRC4.3, NLRC4.4, NLRP1.1, NLRP1.2, NLRP1.3, NLRP1.4, NLRP1.5, NLRP12.1, NLRP12.2, NLRP12.3, NLRP12.4, NLRP12.5, NLRP12.6, NLRP12.7, NLRP3.1, NLRP3.2, NLRP3.3, NLRP3.4, NLRP3.5, NLRP3.6, NLRP6.1, NLRP6.2, RELA.1, RELA.2, RELA.3, RELA.4, TAB2.1, TAB2.2, TLR4.1, TLR4.2, TLR4.3, TRAF6.1	49
PRODB_00138	N	N	Y	Ef_N775_PC7_02476	Enterococcus faecalis	hypothetical protein	N	-	-	-	-	-	-	-	-	-	-	-	-	-	-	-	-	-	-	-	-	AIM2.1, IKBKB.1, IKBKB.2, IKBKB.3, IKBKB.4, IRAK1.1, IRAK1.2, IRAK1.3, IRAK1.4, IRAK4.1, IRAK4.2, NAIP.1, NAIP.2, NFKB1.2, NFKBIA.1, NLRC4.1, NLRC4.2, NLRC4.3, NLRC4.4, NLRP1.1, NLRP1.2, NLRP1.3, NLRP1.4, NLRP1.5, NLRP12.1, NLRP12.2, NLRP12.3, NLRP12.4, NLRP12.5, NLRP12.6, NLRP12.7, NLRP3.1, NLRP3.2, NLRP3.3, NLRP3.4, NLRP3.5, NLRP3.6, NLRP6.1, NLRP6.2, RELA.1, RELA.2, RELA.3, RELA.4, TAB2.1, TAB2.2, TLR4.1, TLR4.2, TLR4.3, TRAF6.1	49
PRODB_00139	N	N	Y	Ef_PartL-Efaecalis-RM8376_00405	Enterococcus faecalis	hypothetical protein	Y	1201292.DR75_1676	0.00E+00	885	COG1961@1|root,COG1961@2|Bacteria,1TPUG@1239|Firmicutes,4HB3H@91061|Bacilli	91061|Bacilli	L	COG1961 Site-specific recombinases, DNA invertase Pin homologs	-	-	-	-	-	-	-	-	-	-	-	-	Recombinase,Resolvase,Zn_ribbon_recom	AIM2.1, IRAK1.1, IRAK1.2, IRAK1.3, IRAK1.4, IRAK4.1, NAIP.1, NAIP.2, NFKB1.2, NFKBIA.1, NLRC4.3, NLRC4.4, NLRP1.1, NLRP1.2, NLRP1.4, NLRP12.2, NLRP12.5, NLRP3.1, NLRP3.2, NLRP3.3, NLRP3.4, NLRP3.5, NLRP3.6, RELA.1, RELA.2, RELA.3, RELA.4, TAB2.1, TAB2.2, TLR4.1, TLR4.2	31
PRODB_00140	N	N	Y	Ef_AT40b_01629	Enterococcus faecalis	hypothetical protein	N	-	-	-	-	-	-	-	-	-	-	-	-	-	-	-	-	-	-	-	-	AIM2.1, IRAK1.1, IRAK1.2, IRAK1.3, IRAK1.4, IRAK4.1, NFKB1.2, NLRC4.3, NLRC4.4, NLRP3.3, NLRP3.6, RELA.1, RELA.2, RELA.3, RELA.4, TAB2.1, TAB2.2	17
PRODB_00141	N	N	Y	Ef_3143_dup_XTOGA_02147	Enterococcus faecalis	IS982 family transposase ISEfm1	Y	1104325.M7W_1117	4.78E-218	601	COG3039@1|root,COG3039@2|Bacteria,1UZVA@1239|Firmicutes,4HH09@91061|Bacilli,4B17C@81852|Enterococcaceae	91061|Bacilli	L	Transposase DDE domain	-	-	-	-	-	-	-	-	-	-	-	-	DDE_Tnp_1,DDE_Tnp_1_3	AIM2.1, IKBKB.3, IRAK1.1, IRAK1.2, IRAK1.3, IRAK1.4, IRAK4.1, NAIP.1, NAIP.2, NFKB1.2, NFKBIA.1, NLRC4.1, NLRC4.2, NLRC4.3, NLRC4.4, NLRP1.1, NLRP1.2, NLRP1.3, NLRP1.4, NLRP1.5, NLRP12.1, NLRP12.2, NLRP12.3, NLRP12.4, NLRP12.5, NLRP12.6, NLRP12.7, NLRP3.1, NLRP3.2, NLRP3.3, NLRP3.4, NLRP3.5, NLRP3.6, NLRP6.1, NLRP6.2, RELA.1, RELA.2, RELA.3, RELA.4, TAB2.1, TAB2.2, TLR4.1, TLR4.3, TRAF6.1	44
PRODB_00142	N	N	Y	Ef_IDRL-9065_01662	Enterococcus faecalis	hypothetical protein	Y	226185.EF_2794	3.33E-79	262	2DQSR@1|root,338EM@2|Bacteria,1VAQX@1239|Firmicutes,4HM5B@91061|Bacilli,4B4C5@81852|Enterococcaceae	91061|Bacilli	-	-	-	-	-	-	-	-	-	-	-	-	-	-	PMT_2	AIM2.1, IKBKB.3, IRAK1.1, IRAK1.2, IRAK1.3, IRAK1.4, IRAK4.1, IRAK4.2, NAIP.1, NAIP.2, NFKB1.2, NFKBIA.1, NLRC4.1, NLRC4.2, NLRC4.3, NLRC4.4, NLRP1.1, NLRP1.2, NLRP1.3, NLRP1.4, NLRP1.5, NLRP12.1, NLRP12.2, NLRP12.3, NLRP12.4, NLRP12.5, NLRP12.6, NLRP12.7, NLRP3.1, NLRP3.2, NLRP3.3, NLRP3.4, NLRP3.5, NLRP3.6, NLRP6.1, NLRP6.2, RELA.1, RELA.2, RELA.3, RELA.4, TAB2.1, TAB2.2, TLR4.1, TLR4.2, TLR4.3, TRAF6.1	46
PRODB_00143	N	N	Y	Ll_CHLLm1_02289	Leuconostoc lactis	hypothetical protein	Y	114416.Q8LTQ8_9CAUD	3.43E-181	507	4QG0U@10239|Viruses,4QXSQ@35237|dsDNA viruses  no RNA stage,4QUB2@28883|Caudovirales,4QM9J@10699|Siphoviridae	10699|Siphoviridae	-	-	-	-	-	-	-	-	-	-	-	-	-	-	-	AIM2.1, IRAK1.1, IRAK1.2, IRAK1.3, IRAK1.4, NFKB1.2, NLRC4.3, NLRC4.4, NLRP3.1, NLRP3.2, NLRP3.3, NLRP3.4, NLRP3.5, NLRP3.6, TAB2.1, TAB2.2	16
PRODB_00144	N	N	Y	Ef_J-5_01571	Enterococcus faecalis	hypothetical protein	N	-	-	-	-	-	-	-	-	-	-	-	-	-	-	-	-	-	-	-	-	AIM2.1, IKBKB.1, IKBKB.2, IKBKB.3, IKBKB.4, IRAK1.1, IRAK1.2, IRAK1.3, IRAK1.4, IRAK4.1, IRAK4.2, NAIP.1, NAIP.2, NFKB1.2, NFKBIA.1, NLRC4.1, NLRC4.2, NLRC4.3, NLRC4.4, NLRP1.1, NLRP1.2, NLRP1.3, NLRP1.4, NLRP1.5, NLRP12.1, NLRP12.2, NLRP12.3, NLRP12.4, NLRP12.5, NLRP12.6, NLRP12.7, NLRP3.1, NLRP3.2, NLRP3.3, NLRP3.4, NLRP3.5, NLRP3.6, NLRP6.1, NLRP6.2, RELA.1, RELA.2, RELA.3, RELA.4, TAB2.1, TAB2.2, TLR4.1, TLR4.2, TLR4.3, TRAF6.1	49
PRODB_00145	N	N	Y	Ef_J-5_01572	Enterococcus faecalis	hypothetical protein	N	-	-	-	-	-	-	-	-	-	-	-	-	-	-	-	-	-	-	-	-	AIM2.1, IKBKB.1, IKBKB.2, IKBKB.3, IKBKB.4, IRAK1.1, IRAK1.2, IRAK1.3, IRAK1.4, IRAK4.1, IRAK4.2, NAIP.1, NAIP.2, NFKB1.2, NFKBIA.1, NLRC4.1, NLRC4.2, NLRC4.3, NLRC4.4, NLRP1.1, NLRP1.2, NLRP1.3, NLRP1.4, NLRP1.5, NLRP12.1, NLRP12.2, NLRP12.3, NLRP12.4, NLRP12.5, NLRP12.6, NLRP12.7, NLRP3.1, NLRP3.2, NLRP3.3, NLRP3.4, NLRP3.5, NLRP3.6, NLRP6.1, NLRP6.2, RELA.1, RELA.2, RELA.3, RELA.4, TAB2.1, TAB2.2, TLR4.1, TLR4.2, TLR4.3, TRAF6.1	49
PRODB_00146	N	N	Y	Ef_JF3A-4314_01785	Enterococcus faecalis	hypothetical protein	N	-	-	-	-	-	-	-	-	-	-	-	-	-	-	-	-	-	-	-	-	AIM2.1, IKBKB.1, IKBKB.2, IKBKB.3, IKBKB.4, IRAK1.1, IRAK1.2, IRAK1.3, IRAK1.4, IRAK4.1, IRAK4.2, NAIP.1, NAIP.2, NFKB1.2, NFKBIA.1, NLRC4.1, NLRC4.2, NLRC4.3, NLRC4.4, NLRP1.1, NLRP1.2, NLRP1.3, NLRP1.4, NLRP1.5, NLRP12.1, NLRP12.2, NLRP12.3, NLRP12.4, NLRP12.5, NLRP12.6, NLRP12.7, NLRP3.1, NLRP3.2, NLRP3.3, NLRP3.4, NLRP3.5, NLRP3.6, NLRP6.1, NLRP6.2, RELA.1, RELA.2, RELA.3, RELA.4, TAB2.1, TAB2.2, TLR4.1, TLR4.2, TLR4.3, TRAF6.1	49
PRODB_00147	N	N	Y	Ef_CF3A-343_02522	Enterococcus faecalis	hypothetical protein	N	-	-	-	-	-	-	-	-	-	-	-	-	-	-	-	-	-	-	-	-	IRAK1.2, NFKB1.2, RELA.4, TAB2.1, TAB2.2	5
PRODB_00148	N	N	Y	Ef_K80-2b_01677	Enterococcus faecalis	hypothetical protein	Y	226185.EF_2174	0.00E+00	1013	COG3757@1|root,COG3757@2|Bacteria,1V8XG@1239|Firmicutes,4HJI1@91061|Bacilli,4B631@81852|Enterococcaceae	91061|Bacilli	M	Glycosyl hydrolases family 25	-	-	-	-	-	-	-	-	-	-	-	-	Glyco_hydro_25	AIM2.1, IKBKB.2, IKBKB.3, IKBKB.4, IRAK1.1, IRAK1.2, IRAK1.3, IRAK1.4, IRAK4.1, IRAK4.2, NAIP.1, NAIP.2, NFKB1.2, NFKBIA.1, NLRC4.1, NLRC4.2, NLRC4.3, NLRC4.4, NLRP1.1, NLRP1.2, NLRP1.3, NLRP1.4, NLRP1.5, NLRP12.1, NLRP12.2, NLRP12.3, NLRP12.4, NLRP12.5, NLRP12.6, NLRP12.7, NLRP3.1, NLRP3.2, NLRP3.3, NLRP3.4, NLRP3.5, NLRP3.6, NLRP6.1, NLRP6.2, RELA.1, RELA.2, RELA.3, RELA.4, TAB2.1, TAB2.2, TLR4.1, TLR4.2, TLR4.3, TRAF6.1	48
PRODB_00149	N	N	Y	Ef_62_00822	Enterococcus faecalis	IS30 family transposase ISEnfa364	Y	1158601.I585_02746	9.09E-125	367	COG2826@1|root,COG2826@2|Bacteria,1TRSF@1239|Firmicutes,4HDM3@91061|Bacilli,4B3J9@81852|Enterococcaceae	91061|Bacilli	L	Integrase core domain	-	-	-	ko:K07482	-	-	-	-	ko00000	-	-	-	HTH_38,rve	NFKB1.2, TAB2.1, TAB2.2	3
PRODB_00150	N	N	Y	Ef_62_00821	Enterococcus faecalis	hypothetical protein	Y	1158604.I591_01226	6.10E-62	194	COG2135@1|root,COG2135@2|Bacteria,1TRRV@1239|Firmicutes,4HHE2@91061|Bacilli,4B2P2@81852|Enterococcaceae	91061|Bacilli	S	SOS response associated peptidase (SRAP)	-	-	-	-	-	-	-	-	-	-	-	-	SRAP	AIM2.1, IKBKB.3, IRAK1.1, IRAK1.2, IRAK1.3, IRAK1.4, IRAK4.1, IRAK4.2, NAIP.1, NAIP.2, NFKB1.2, NFKBIA.1, NLRC4.2, NLRC4.3, NLRC4.4, NLRP1.1, NLRP1.2, NLRP1.3, NLRP1.4, NLRP1.5, NLRP12.1, NLRP12.2, NLRP12.3, NLRP12.4, NLRP12.5, NLRP12.6, NLRP12.7, NLRP3.1, NLRP3.2, NLRP3.3, NLRP3.4, NLRP3.5, NLRP3.6, RELA.1, RELA.2, RELA.3, RELA.4, TAB2.1, TAB2.2, TLR4.1, TLR4.2, TLR4.3, TRAF6.1	43
PRODB_00151	N	N	Y	Ef_R5_00544	Enterococcus faecalis	hypothetical protein	N	-	-	-	-	-	-	-	-	-	-	-	-	-	-	-	-	-	-	-	-	AIM2.1, IKBKB.1, IKBKB.2, IKBKB.3, IKBKB.4, IRAK1.1, IRAK1.2, IRAK1.3, IRAK1.4, IRAK4.1, IRAK4.2, NAIP.1, NAIP.2, NFKB1.2, NFKBIA.1, NLRC4.1, NLRC4.2, NLRC4.3, NLRC4.4, NLRP1.1, NLRP1.2, NLRP1.3, NLRP1.4, NLRP1.5, NLRP12.1, NLRP12.2, NLRP12.3, NLRP12.4, NLRP12.5, NLRP12.6, NLRP12.7, NLRP3.1, NLRP3.2, NLRP3.3, NLRP3.4, NLRP3.5, NLRP3.6, NLRP6.1, NLRP6.2, RELA.1, RELA.2, RELA.3, RELA.4, TAB2.1, TAB2.2, TLR4.1, TLR4.2, TLR4.3, TRAF6.1	49
PRODB_00152	N	N	Y	Ef_BE13_00430	Enterococcus faecalis	Chromosome partitioning protein ParA	Y	888064.HMPREF9088_2350	7.44E-177	497	COG1192@1|root,COG1192@2|Bacteria,1TP8S@1239|Firmicutes,4HAYM@91061|Bacilli,4B0PZ@81852|Enterococcaceae	91061|Bacilli	D	AAA domain	-	-	-	-	-	-	-	-	-	-	-	-	AAA_31	IRAK1.1, IRAK1.2, IRAK1.3, IRAK1.4, NFKB1.2, NLRP3.1, NLRP3.5, NLRP3.6, RELA.1, RELA.2, RELA.4, TAB2.1, TAB2.2	13
PRODB_00153	N	Y	Y	Ef_R5_00065	Enterococcus faecalis	hypothetical protein	N	-	-	-	-	-	-	-	-	-	-	-	-	-	-	-	-	-	-	-	-	AIM2.1, IKBKB.1, IKBKB.2, IKBKB.3, IKBKB.4, IRAK1.1, IRAK1.2, IRAK1.3, IRAK1.4, IRAK4.1, IRAK4.2, NAIP.1, NAIP.2, NFKB1.2, NFKBIA.1, NLRC4.1, NLRC4.2, NLRC4.3, NLRC4.4, NLRP1.1, NLRP1.2, NLRP1.3, NLRP1.4, NLRP1.5, NLRP12.1, NLRP12.2, NLRP12.3, NLRP12.4, NLRP12.5, NLRP12.6, NLRP12.7, NLRP3.1, NLRP3.2, NLRP3.3, NLRP3.4, NLRP3.5, NLRP3.6, NLRP6.1, NLRP6.2, RELA.1, RELA.2, RELA.3, RELA.4, TAB2.1, TAB2.2, TLR4.1, TLR4.2, TLR4.3, TRAF6.1	49
PRODB_00154	N	N	Y	Ef_BE13_01844	Enterococcus faecalis	hypothetical protein	Y	1476973.JMMB01000007_gene712	8.12E-72	242	28IXV@1|root,2Z8VR@2|Bacteria,1UBD2@1239|Firmicutes,250P9@186801|Clostridia	186801|Clostridia	-	-	-	-	-	-	-	-	-	-	-	-	-	-	-	AIM2.1, IRAK1.1, IRAK1.2, IRAK1.3, IRAK1.4, IRAK4.1, NFKB1.2, NLRC4.2, NLRC4.3, NLRC4.4, NLRP1.1, NLRP1.2, NLRP1.3, NLRP1.4, NLRP1.5, NLRP12.1, NLRP12.2, NLRP12.5, NLRP12.6, NLRP12.7, NLRP3.1, NLRP3.2, NLRP3.3, NLRP3.4, NLRP3.5, NLRP3.6, NLRP6.2, RELA.1, RELA.2, RELA.3, RELA.4, TAB2.1, TAB2.2, TLR4.3, TRAF6.1	35
PRODB_00155	N	N	Y	Ef_SGAir0397_02197	Enterococcus faecalis	D-alanyl-D-alanine carboxypeptidase	Y	1201292.DR75_1552	1.37E-159	448	COG1876@1|root,COG1876@2|Bacteria,1V9M2@1239|Firmicutes,4HWR0@91061|Bacilli	91061|Bacilli	M	D-alanyl-D-alanine carboxypeptidase	-	-	3.4.17.14	ko:K07260	ko00550,ko01100,ko01502,ko02020,map00550,map01100,map01502,map02020	M00651	-	-	ko00000,ko00001,ko00002,ko01000,ko01002,ko01011,ko01504	-	-	-	VanY	AIM2.1, IKBKB.3, IRAK1.1, IRAK1.2, IRAK1.3, IRAK1.4, IRAK4.1, NAIP.1, NAIP.2, NFKB1.2, NFKBIA.1, NLRC4.2, NLRC4.3, NLRC4.4, NLRP1.1, NLRP1.2, NLRP1.3, NLRP1.4, NLRP1.5, NLRP12.1, NLRP12.2, NLRP12.3, NLRP12.4, NLRP12.5, NLRP12.6, NLRP12.7, NLRP3.1, NLRP3.2, NLRP3.3, NLRP3.4, NLRP3.5, NLRP3.6, NLRP6.1, NLRP6.2, RELA.1, RELA.2, RELA.3, RELA.4, TAB2.1, TAB2.2, TLR4.1, TLR4.2, TLR4.3, TRAF6.1	44
PRODB_00156	N	N	Y	Ef_C54_02308	Enterococcus faecalis	Transcriptional regulatory protein WalR	Y	1201292.DR75_1554	2.40E-168	470	COG0745@1|root,COG0745@2|Bacteria,1TP9M@1239|Firmicutes,4HB3T@91061|Bacilli,4B1WJ@81852|Enterococcaceae	91061|Bacilli	K	Transcriptional regulatory protein, C terminal	-	-	-	ko:K18349	ko01502,ko02020,map01502,map02020	M00652,M00657	-	-	ko00000,ko00001,ko00002,ko01504,ko02022	-	-	-	Response_reg,Trans_reg_C	AIM2.1, IRAK1.1, IRAK1.2, IRAK1.4, NFKB1.2, NFKBIA.1, NLRC4.3, NLRC4.4, NLRP3.1, NLRP3.2, NLRP3.3, NLRP3.4, NLRP3.5, NLRP3.6, RELA.4, TAB2.1, TAB2.2	17
PRODB_00157	N	N	Y	Ef_C54_02307	Enterococcus faecalis	hypothetical protein	Y	1201292.DR75_1553	6.07E-253	695	COG5002@1|root,COG5002@2|Bacteria,1TPB6@1239|Firmicutes,4IU19@91061|Bacilli,4B62Q@81852|Enterococcaceae	91061|Bacilli	T	His Kinase A (phosphoacceptor) domain	-	-	2.7.13.3	ko:K18350	ko01502,ko02020,map01502,map02020	M00652,M00657	-	-	ko00000,ko00001,ko00002,ko01000,ko01001,ko01504,ko02022	-	-	-	HATPase_c,HisKA	AIM2.1, IRAK1.1, IRAK1.2, IRAK1.3, IRAK1.4, IRAK4.1, NAIP.1, NAIP.2, NFKB1.2, NFKBIA.1, NLRC4.1, NLRC4.2, NLRC4.3, NLRC4.4, NLRP1.1, NLRP1.2, NLRP1.3, NLRP1.4, NLRP1.5, NLRP12.1, NLRP12.2, NLRP12.5, NLRP12.6, NLRP12.7, NLRP3.1, NLRP3.2, NLRP3.3, NLRP3.4, NLRP3.5, NLRP3.6, NLRP6.1, NLRP6.2, RELA.1, RELA.2, RELA.3, RELA.4, TAB2.1, TAB2.2, TLR4.1, TLR4.2, TLR4.3, TRAF6.1	42
PRODB_00158	N	N	Y	Lg_IPLA_31405_00059	Lactococcus garvieae	Putative transposon Tn552 DNA-invertase bin3	Y	1231377.C426_2015	7.86E-121	348	COG1961@1|root,COG1961@2|Bacteria,1UYJG@1239|Firmicutes,4HFDN@91061|Bacilli,1YCQ6@1357|Lactococcus	91061|Bacilli	L	Resolvase, N terminal domain	tnpR	-	-	-	-	-	-	-	-	-	-	-	HTH_23,HTH_7,Resolvase	AIM2.1, IKBKB.3, IRAK1.1, IRAK1.2, IRAK1.3, IRAK1.4, IRAK4.1, IRAK4.2, NAIP.1, NAIP.2, NFKB1.2, NFKBIA.1, NLRC4.1, NLRC4.2, NLRC4.3, NLRC4.4, NLRP1.1, NLRP1.2, NLRP1.3, NLRP1.4, NLRP1.5, NLRP12.1, NLRP12.2, NLRP12.3, NLRP12.4, NLRP12.5, NLRP12.6, NLRP12.7, NLRP3.1, NLRP3.2, NLRP3.3, NLRP3.4, NLRP3.5, NLRP3.6, NLRP6.1, NLRP6.2, RELA.1, RELA.2, RELA.3, RELA.4, TAB2.1, TAB2.2, TLR4.1, TLR4.2, TLR4.3, TRAF6.1	46
PRODB_00159	N	N	Y	Ef_ES-397_02534	Enterococcus faecalis	hypothetical protein	Y	226185.EF_2839	5.63E-150	426	COG2188@1|root,COG3935@1|root,COG2188@2|Bacteria,COG3935@2|Bacteria,1V99B@1239|Firmicutes,4HK5M@91061|Bacilli,4B2HR@81852|Enterococcaceae	91061|Bacilli	L	DnaD domain protein	-	-	-	-	-	-	-	-	-	-	-	-	DnaB_2	AIM2.1, IKBKB.1, IKBKB.2, IKBKB.3, IKBKB.4, IRAK1.1, IRAK1.2, IRAK1.3, IRAK1.4, IRAK4.1, IRAK4.2, NAIP.1, NAIP.2, NFKB1.2, NFKBIA.1, NLRC4.1, NLRC4.2, NLRC4.3, NLRC4.4, NLRP1.1, NLRP1.2, NLRP1.3, NLRP1.4, NLRP1.5, NLRP12.1, NLRP12.2, NLRP12.3, NLRP12.4, NLRP12.5, NLRP12.6, NLRP12.7, NLRP3.1, NLRP3.2, NLRP3.3, NLRP3.4, NLRP3.5, NLRP3.6, NLRP6.1, NLRP6.2, RELA.1, RELA.2, RELA.3, RELA.4, TAB2.1, TAB2.2, TLR4.1, TLR4.2, TLR4.3, TRAF6.1	49
PRODB_00160	N	N	Y	Ec_2017.03.04CC_01914	Escherichia coli	Curli assembly protein CsgC	Y	155864.EDL933_1618	2.90E-68	207	2CHEZ@1|root,32UJP@2|Bacteria,1N2IV@1224|Proteobacteria,1S8D1@1236|Gammaproteobacteria,3XQ36@561|Escherichia	1236|Gammaproteobacteria	M	Curli assembly protein	csgC	-	-	ko:K04336	ko02026,map02026	-	-	-	ko00000,ko00001,ko02044	-	-	-	Tafi-CsgC	AIM2.1, IKBKB.1, IKBKB.2, IKBKB.3, IKBKB.4, IRAK1.1, IRAK1.2, IRAK1.3, IRAK1.4, IRAK4.1, IRAK4.2, NAIP.1, NAIP.2, NFKB1.2, NFKBIA.1, NLRC4.1, NLRC4.2, NLRC4.3, NLRC4.4, NLRP1.1, NLRP1.2, NLRP1.3, NLRP1.4, NLRP1.5, NLRP12.1, NLRP12.2, NLRP12.3, NLRP12.4, NLRP12.5, NLRP12.6, NLRP12.7, NLRP3.1, NLRP3.2, NLRP3.3, NLRP3.4, NLRP3.5, NLRP3.6, NLRP6.1, NLRP6.2, RELA.1, RELA.2, RELA.3, RELA.4, TAB2.1, TAB2.2, TLR4.1, TLR4.2, TLR4.3, TRAF6.1	49
PRODB_00161	N	N	Y	Ef_DM86_01214	Enterococcus faecalis	hypothetical protein	Y	565664.EFXG_02651	8.42E-77	238	COG4722@1|root,COG4722@2|Bacteria,1TZ1W@1239|Firmicutes,4I88G@91061|Bacilli,4B1ZZ@81852|Enterococcaceae	91061|Bacilli	S	phage tail	-	-	-	-	-	-	-	-	-	-	-	-	-	AIM2.1, IRAK1.1, IRAK1.2, IRAK1.3, IRAK1.4, NFKB1.2, NLRC4.3, NLRC4.4, NLRP1.1, NLRP1.4, NLRP3.1, NLRP3.3, NLRP3.5, RELA.1, RELA.2, RELA.3, RELA.4, TAB2.1, TAB2.2	19
PRODB_00162	N	N	Y	Ef_142-1_02724	Enterococcus faecalis	hypothetical protein	Y	226185.EF_2811	4.57E-231	683	COG4926@1|root,COG4926@2|Bacteria,1V2Q6@1239|Firmicutes,4HM5Y@91061|Bacilli,4B0NZ@81852|Enterococcaceae	91061|Bacilli	M	Prophage endopeptidase tail	-	-	-	-	-	-	-	-	-	-	-	-	CHAP,Prophage_tail	AIM2.1, IRAK1.1, IRAK1.2, IRAK1.3, IRAK1.4, NAIP.1, NAIP.2, NFKB1.2, NLRC4.3, NLRC4.4, NLRP1.1, NLRP1.2, NLRP1.3, NLRP1.4, NLRP12.5, NLRP12.6, NLRP3.1, NLRP3.2, NLRP3.3, NLRP3.4, NLRP3.5, NLRP3.6, RELA.1, RELA.2, RELA.3, RELA.4, TAB2.1, TAB2.2, TRAF6.1	29
PRODB_00163	N	N	Y	Ec_ECNIH2_01790	Escherichia coli	Major curlin subunit	Y	1115515.EV102420_15_00130	8.75E-26	102	29Z81@1|root,30M63@2|Bacteria,1RECY@1224|Proteobacteria,1S5Q8@1236|Gammaproteobacteria,3XPAD@561|Escherichia	1236|Gammaproteobacteria	S	Curli are coiled surface structures that assemble preferentially at growth temperatures below 37 degrees Celsius. Curli can bind to fibronectin	csgA	GO:0003674,GO:0005488,GO:0005515,GO:0005575,GO:0005623,GO:0006807,GO:0007155,GO:0008150,GO:0008152,GO:0009289,GO:0009987,GO:0016043,GO:0019538,GO:0022610,GO:0042710,GO:0042802,GO:0042995,GO:0043170,GO:0044010,GO:0044238,GO:0044464,GO:0044764,GO:0051704,GO:0071704,GO:0071840,GO:0097435,GO:1901564,GO:1990000	-	ko:K04334	ko02026,map02026	-	-	-	ko00000,ko00001,ko02044	-	-	-	Curlin_rpt	AIM2.1, IRAK1.1, IRAK1.2, IRAK1.3, IRAK1.4, NFKB1.2, NLRC4.4, NLRP1.1, NLRP1.2, NLRP1.4, NLRP3.1, NLRP3.2, NLRP3.5, NLRP3.6, RELA.1, RELA.2, RELA.4, TAB2.1, TAB2.2, TRAF6.1	20
PRODB_00164	N	N	Y	Ef_HRH46_02475	Enterococcus faecalis	hypothetical protein	Y	1300150.EMQU_0782	9.92E-17	77	2BPFP@1|root,32I7X@2|Bacteria,1U106@1239|Firmicutes,4IAGF@91061|Bacilli,4B5HP@81852|Enterococcaceae	91061|Bacilli	-	-	-	-	-	-	-	-	-	-	-	-	-	-	-	AIM2.1, IRAK1.2, IRAK4.1, NFKB1.2, NLRC4.4, NLRP1.1, NLRP1.2, NLRP1.4, NLRP3.3, TAB2.1, TAB2.2	11
PRODB_00165	N	N	Y	Ef_K190-1_00113	Enterococcus faecalis	hypothetical protein	Y	1158601.I585_01146	0.00E+00	959	COG4926@1|root,COG4926@2|Bacteria,1V2Q6@1239|Firmicutes,4HG40@91061|Bacilli,4B3A1@81852|Enterococcaceae	91061|Bacilli	L	Prophage endopeptidase tail	-	-	-	-	-	-	-	-	-	-	-	-	CHAP,Peptidase_M23,Peptidase_S74,Prophage_tail	AIM2.1, NFKB1.2, NLRC4.3, NLRC4.4, NLRP12.5, NLRP3.1, NLRP3.2, NLRP3.3, NLRP3.4, NLRP3.5, NLRP3.6, TAB2.1, TAB2.2	13
PRODB_00166	N	N	Y	Ef_HRH55_00099	Enterococcus faecalis	hypothetical protein	Y	1158601.I585_01153	6.90E-57	178	2E6YN@1|root,331HX@2|Bacteria,1VFG9@1239|Firmicutes,4HPEN@91061|Bacilli,4B2M8@81852|Enterococcaceae	91061|Bacilli	S	Minor capsid protein	-	-	-	-	-	-	-	-	-	-	-	-	Minor_capsid_2	AIM2.1, IKBKB.1, IKBKB.2, IKBKB.3, IKBKB.4, IRAK1.1, IRAK1.2, IRAK1.3, IRAK1.4, IRAK4.1, IRAK4.2, NAIP.1, NAIP.2, NFKB1.2, NFKBIA.1, NLRC4.1, NLRC4.2, NLRC4.3, NLRC4.4, NLRP1.1, NLRP1.2, NLRP1.3, NLRP1.4, NLRP1.5, NLRP12.1, NLRP12.2, NLRP12.3, NLRP12.4, NLRP12.5, NLRP12.6, NLRP12.7, NLRP3.1, NLRP3.2, NLRP3.3, NLRP3.4, NLRP3.5, NLRP3.6, NLRP6.1, NLRP6.2, RELA.1, RELA.2, RELA.3, RELA.4, TAB2.1, TAB2.2, TLR4.1, TLR4.2, TLR4.3, TRAF6.1	49
PRODB_00167	N	N	Y	Ef_HRH55_00098	Enterococcus faecalis	hypothetical protein	Y	768486.EHR_02605	4.56E-60	186	2DYV4@1|root,34B8E@2|Bacteria,1VZDA@1239|Firmicutes,4HYWF@91061|Bacilli,4B2MN@81852|Enterococcaceae	91061|Bacilli	S	Minor capsid protein	-	-	-	-	-	-	-	-	-	-	-	-	Minor_capsid_1	AIM2.1, IKBKB.1, IKBKB.2, IKBKB.3, IKBKB.4, IRAK1.1, IRAK1.2, IRAK1.3, IRAK1.4, IRAK4.1, IRAK4.2, NAIP.1, NAIP.2, NFKB1.2, NFKBIA.1, NLRC4.1, NLRC4.2, NLRC4.3, NLRC4.4, NLRP1.1, NLRP1.2, NLRP1.3, NLRP1.4, NLRP1.5, NLRP12.1, NLRP12.2, NLRP12.3, NLRP12.4, NLRP12.5, NLRP12.6, NLRP12.7, NLRP3.1, NLRP3.2, NLRP3.3, NLRP3.4, NLRP3.5, NLRP3.6, NLRP6.1, NLRP6.2, RELA.1, RELA.2, RELA.3, RELA.4, TAB2.1, TAB2.2, TLR4.1, TLR4.2, TLR4.3, TRAF6.1	49
PRODB_00168	N	N	Y	Ef_UAMS_EL56_00247	Enterococcus faecalis	hypothetical protein	Y	768486.EHR_02625	1.50E-66	209	2DPCU@1|root,331IS@2|Bacteria,1VFIK@1239|Firmicutes,4HPAM@91061|Bacilli,4B1D8@81852|Enterococcaceae	91061|Bacilli	S	Phage minor structural protein GP20	-	-	-	-	-	-	-	-	-	-	-	-	Phage_GP20	AIM2.1, IKBKB.3, IRAK1.1, IRAK1.2, IRAK1.3, IRAK1.4, IRAK4.1, IRAK4.2, NAIP.1, NAIP.2, NFKB1.2, NFKBIA.1, NLRC4.1, NLRC4.2, NLRC4.3, NLRC4.4, NLRP1.1, NLRP1.2, NLRP1.3, NLRP1.4, NLRP1.5, NLRP12.1, NLRP12.2, NLRP12.3, NLRP12.4, NLRP12.5, NLRP12.6, NLRP12.7, NLRP3.1, NLRP3.2, NLRP3.3, NLRP3.4, NLRP3.5, NLRP3.6, NLRP6.1, NLRP6.2, RELA.1, RELA.2, RELA.3, RELA.4, TAB2.1, TAB2.2, TLR4.3, TRAF6.1	44
PRODB_00169	N	N	Y	Ef_UAMS_EL56_00250	Enterococcus faecalis	hypothetical protein	Y	1158601.I585_01160	3.03E-286	790	2BX0Z@1|root,2Z88Q@2|Bacteria,1UYMH@1239|Firmicutes,4HC7J@91061|Bacilli,4B0J2@81852|Enterococcaceae	91061|Bacilli	S	Phage portal protein, SPP1 Gp6-like	-	-	-	-	-	-	-	-	-	-	-	-	Phage_prot_Gp6	AIM2.1, IRAK1.1, IRAK1.2, IRAK1.3, IRAK1.4, IRAK4.1, NAIP.1, NAIP.2, NFKB1.2, NLRC4.1, NLRC4.3, NLRC4.4, NLRP1.1, NLRP1.2, NLRP1.4, NLRP12.1, NLRP12.2, NLRP12.3, NLRP12.5, NLRP12.6, NLRP12.7, NLRP3.1, NLRP3.2, NLRP3.3, NLRP3.4, NLRP3.5, NLRP3.6, NLRP6.1, NLRP6.2, RELA.1, RELA.2, RELA.3, RELA.4, TAB2.1, TAB2.2, TLR4.3, TRAF6.1	37
PRODB_00170	N	N	Y	Ef_142-1_00096	Enterococcus faecalis	hypothetical protein	Y	1234679.BN424_2621	3.78E-64	198	2E8VS@1|root,33361@2|Bacteria,1VHVM@1239|Firmicutes,4HPPP@91061|Bacilli	91061|Bacilli	-	-	-	-	-	-	-	-	-	-	-	-	-	-	-	AIM2.1, IKBKB.1, IKBKB.2, IKBKB.3, IKBKB.4, IRAK1.1, IRAK1.2, IRAK1.3, IRAK1.4, IRAK4.1, IRAK4.2, NAIP.1, NAIP.2, NFKB1.2, NFKBIA.1, NLRC4.1, NLRC4.2, NLRC4.3, NLRC4.4, NLRP1.1, NLRP1.2, NLRP1.3, NLRP1.4, NLRP1.5, NLRP12.1, NLRP12.2, NLRP12.3, NLRP12.4, NLRP12.5, NLRP12.6, NLRP12.7, NLRP3.1, NLRP3.2, NLRP3.3, NLRP3.4, NLRP3.5, NLRP3.6, NLRP6.1, NLRP6.2, RELA.1, RELA.2, RELA.3, RELA.4, TAB2.1, TAB2.2, TLR4.1, TLR4.2, TLR4.3, TRAF6.1	49
PRODB_00171	N	N	Y	Ef_HRH55_00102	Enterococcus faecalis	hypothetical protein	Y	1486428.A0A097BY60_9CAUD	2.33E-66	205	4QAK6@10239|Viruses,4QUP9@35237|dsDNA viruses  no RNA stage,4QPBY@28883|Caudovirales,4QKP8@10699|Siphoviridae	10699|Siphoviridae	S	peptidase activity	-	GO:0003674,GO:0003824,GO:0005575,GO:0006508,GO:0006807,GO:0008150,GO:0008152,GO:0008233,GO:0016787,GO:0019012,GO:0019538,GO:0043170,GO:0044238,GO:0071704,GO:0140096,GO:1901564	-	-	-	-	-	-	-	-	-	-	-	AIM2.1, IKBKB.1, IKBKB.2, IKBKB.3, IKBKB.4, IRAK1.1, IRAK1.2, IRAK1.3, IRAK1.4, IRAK4.1, IRAK4.2, NAIP.1, NAIP.2, NFKB1.2, NFKBIA.1, NLRC4.1, NLRC4.2, NLRC4.3, NLRC4.4, NLRP1.1, NLRP1.2, NLRP1.3, NLRP1.4, NLRP1.5, NLRP12.1, NLRP12.2, NLRP12.3, NLRP12.4, NLRP12.5, NLRP12.6, NLRP12.7, NLRP3.1, NLRP3.2, NLRP3.3, NLRP3.4, NLRP3.5, NLRP3.6, NLRP6.1, NLRP6.2, RELA.1, RELA.2, RELA.3, RELA.4, TAB2.1, TAB2.2, TLR4.1, TLR4.2, TLR4.3, TRAF6.1	49
PRODB_00172	N	N	Y	Ef_732_00109	Enterococcus faecalis	hypothetical protein	Y	1158601.I585_01147	1.78E-116	339	COG4722@1|root,COG4722@2|Bacteria,1VVGS@1239|Firmicutes,4IA54@91061|Bacilli,4B545@81852|Enterococcaceae	91061|Bacilli	S	phage tail	-	-	-	-	-	-	-	-	-	-	-	-	-	AIM2.1, IRAK1.1, IRAK1.2, IRAK1.3, IRAK1.4, IRAK4.1, NAIP.1, NAIP.2, NFKB1.2, NFKBIA.1, NLRC4.1, NLRC4.2, NLRC4.3, NLRC4.4, NLRP1.1, NLRP1.2, NLRP1.3, NLRP1.4, NLRP1.5, NLRP12.1, NLRP12.2, NLRP12.3, NLRP12.4, NLRP12.5, NLRP12.6, NLRP12.7, NLRP3.1, NLRP3.2, NLRP3.3, NLRP3.4, NLRP3.5, NLRP3.6, RELA.1, RELA.2, RELA.3, RELA.4, TAB2.1, TAB2.2, TLR4.1, TLR4.2, TLR4.3, TRAF6.1	42
PRODB_00173	N	N	Y	Ef_EfsC61_00393	Enterococcus faecalis	hypothetical protein	Y	226185.EF_0482	2.70E-09	55.1	COG1595@1|root,COG1595@2|Bacteria,1V2HF@1239|Firmicutes,4HQIX@91061|Bacilli,4B24G@81852|Enterococcaceae	91061|Bacilli	K	to GB X04470, GB X04503, GB X04502, SP P03973, PID 28639, PID 338233, PID 36491, and PID 758101	-	-	-	-	-	-	-	-	-	-	-	-	Sigma70_r4_2	AIM2.1, IKBKB.3, IKBKB.4, IRAK1.1, IRAK1.2, IRAK1.3, IRAK1.4, IRAK4.1, IRAK4.2, NAIP.1, NAIP.2, NFKB1.2, NFKBIA.1, NLRC4.1, NLRC4.2, NLRC4.3, NLRC4.4, NLRP1.1, NLRP1.2, NLRP1.3, NLRP1.4, NLRP1.5, NLRP12.1, NLRP12.2, NLRP12.3, NLRP12.4, NLRP12.5, NLRP12.6, NLRP12.7, NLRP3.1, NLRP3.2, NLRP3.3, NLRP3.4, NLRP3.5, NLRP3.6, NLRP6.1, NLRP6.2, RELA.1, RELA.2, RELA.3, RELA.4, TAB2.1, TAB2.2, TLR4.1, TLR4.2, TLR4.3, TRAF6.1	47
PRODB_00174	N	N	Y	Ef_AT41_01648	Enterococcus faecalis	putative glycosyltransferase	Y	1201292.DR75_1002	1.53E-211	587	COG0463@1|root,COG0463@2|Bacteria,1TPR3@1239|Firmicutes,4HC2Z@91061|Bacilli,4B1VV@81852|Enterococcaceae	91061|Bacilli	M	Glycosyltransferase like family 2	-	-	-	ko:K20534	-	-	-	-	ko00000,ko01000,ko01005,ko02000	4.D.2.1.9	GT2	-	Glycos_transf_2	AIM2.1, IRAK1.1, IRAK1.2, IRAK1.3, IRAK1.4, NFKB1.2, NLRC4.3, NLRC4.4, NLRP1.1, NLRP1.2, NLRP1.3, NLRP1.4, NLRP3.1, NLRP3.2, NLRP3.3, NLRP3.4, NLRP3.5, NLRP3.6, RELA.1, RELA.2, RELA.3, RELA.4, TAB2.1, TAB2.2	24
PRODB_00175	N	N	Y	Ef_J-5_01530	Enterococcus faecalis	hypothetical protein	Y	1158601.I585_01152	4.17E-67	206	2DRGS@1|root,33BP3@2|Bacteria,1VM7V@1239|Firmicutes,4HRJN@91061|Bacilli,4B3VH@81852|Enterococcaceae	91061|Bacilli	S	Minor capsid protein from bacteriophage	-	-	-	-	-	-	-	-	-	-	-	-	Minor_capsid_3	AIM2.1, IRAK1.1, IRAK1.2, IRAK1.3, IRAK1.4, IRAK4.1, NAIP.1, NAIP.2, NFKB1.2, NFKBIA.1, NLRC4.1, NLRC4.2, NLRC4.3, NLRC4.4, NLRP1.1, NLRP1.2, NLRP1.3, NLRP1.4, NLRP1.5, NLRP12.1, NLRP12.2, NLRP12.3, NLRP12.4, NLRP12.5, NLRP12.6, NLRP12.7, NLRP3.1, NLRP3.2, NLRP3.3, NLRP3.4, NLRP3.5, NLRP3.6, NLRP6.1, NLRP6.2, RELA.1, RELA.2, RELA.3, RELA.4, TAB2.1, TAB2.2, TLR4.3, TRAF6.1	42
PRODB_00176	N	N	Y	Ef_N23-3408_00084	Enterococcus faecalis	hypothetical protein	Y	1229517.AMFD01000018_gene188	4.87E-208	587	COG1783@1|root,COG1783@2|Bacteria,1TT2C@1239|Firmicutes,4HE0H@91061|Bacilli	91061|Bacilli	S	Phage terminase, large subunit, PBSX family	-	-	-	-	-	-	-	-	-	-	-	-	Terminase_6	AIM2.1, IRAK1.2, NFKB1.2, NLRC4.4, NLRP3.1, NLRP3.3, NLRP3.6, RELA.1, RELA.2, RELA.3, RELA.4, TAB2.1, TAB2.2	13
PRODB_00177	N	N	Y	Ef_UAMS_EL56_00249	Enterococcus faecalis	hypothetical protein	Y	1158601.I585_01158	1.81E-241	667	COG2369@1|root,COG2369@2|Bacteria,1UZ30@1239|Firmicutes,4HBNN@91061|Bacilli,4B5Z0@81852|Enterococcaceae	91061|Bacilli	S	Phage minor capsid protein 2	-	-	-	-	-	-	-	-	-	-	-	-	Ntox50,Phage_min_cap2	AIM2.1, IRAK1.1, IRAK1.2, IRAK1.3, IRAK1.4, IRAK4.1, NAIP.1, NAIP.2, NFKB1.2, NFKBIA.1, NLRC4.2, NLRC4.3, NLRC4.4, NLRP1.1, NLRP1.2, NLRP1.3, NLRP1.4, NLRP1.5, NLRP12.1, NLRP12.2, NLRP12.3, NLRP12.4, NLRP12.5, NLRP12.6, NLRP12.7, NLRP3.1, NLRP3.2, NLRP3.3, NLRP3.4, NLRP3.5, NLRP3.6, RELA.1, RELA.2, RELA.3, RELA.4, TAB2.1, TAB2.2, TLR4.3, TRAF6.1	39
PRODB_00178	N	N	Y	Ef_142-1_01540	Enterococcus faecalis	hypothetical protein	Y	1201292.DR75_1526	1.03E-87	257	2BPQS@1|root,32II0@2|Bacteria,1U141@1239|Firmicutes,4IEMT@91061|Bacilli,4B3YG@81852|Enterococcaceae	91061|Bacilli	S	YopX protein	-	-	-	-	-	-	-	-	-	-	-	-	YopX	AIM2.1, IKBKB.1, IKBKB.2, IKBKB.3, IKBKB.4, IRAK1.1, IRAK1.2, IRAK1.3, IRAK1.4, IRAK4.1, IRAK4.2, NAIP.1, NAIP.2, NFKB1.2, NFKBIA.1, NLRC4.1, NLRC4.2, NLRC4.3, NLRC4.4, NLRP1.1, NLRP1.2, NLRP1.3, NLRP1.4, NLRP1.5, NLRP12.1, NLRP12.2, NLRP12.3, NLRP12.4, NLRP12.5, NLRP12.6, NLRP12.7, NLRP3.1, NLRP3.2, NLRP3.3, NLRP3.4, NLRP3.5, NLRP3.6, NLRP6.1, NLRP6.2, RELA.1, RELA.2, RELA.3, RELA.4, TAB2.1, TAB2.2, TLR4.1, TLR4.2, TLR4.3, TRAF6.1	49
PRODB_00179	N	N	Y	Ef_JF1A-4353_00551	Enterococcus faecalis	hypothetical protein	N	-	-	-	-	-	-	-	-	-	-	-	-	-	-	-	-	-	-	-	-	AIM2.1, IKBKB.3, IRAK1.1, IRAK1.2, IRAK1.3, IRAK1.4, IRAK4.1, NAIP.1, NAIP.2, NFKB1.2, NFKBIA.1, NLRC4.1, NLRC4.2, NLRC4.3, NLRC4.4, NLRP1.1, NLRP1.2, NLRP1.3, NLRP1.4, NLRP1.5, NLRP12.1, NLRP12.2, NLRP12.3, NLRP12.4, NLRP12.5, NLRP12.6, NLRP12.7, NLRP3.1, NLRP3.2, NLRP3.3, NLRP3.4, NLRP3.5, NLRP3.6, NLRP6.1, NLRP6.2, RELA.1, RELA.2, RELA.3, RELA.4, TAB2.1, TAB2.2, TLR4.1, TLR4.2, TLR4.3, TRAF6.1	45
PRODB_00180	N	N	Y	Ec_KE48_00196	Escherichia coli	hypothetical protein	Y	199310.c1259	1.32E-96	281	28I71@1|root,2Z89X@2|Bacteria,1R925@1224|Proteobacteria,1S0AV@1236|Gammaproteobacteria,3XQRB@561|Escherichia	1236|Gammaproteobacteria	-	-	-	-	-	-	-	-	-	-	-	-	-	-	-	AIM2.1, IKBKB.1, IKBKB.2, IKBKB.3, IKBKB.4, IRAK1.1, IRAK1.2, IRAK1.3, IRAK1.4, IRAK4.1, IRAK4.2, NAIP.1, NAIP.2, NFKB1.2, NFKBIA.1, NLRC4.1, NLRC4.2, NLRC4.3, NLRC4.4, NLRP1.1, NLRP1.2, NLRP1.3, NLRP1.4, NLRP1.5, NLRP12.1, NLRP12.2, NLRP12.3, NLRP12.4, NLRP12.5, NLRP12.6, NLRP12.7, NLRP3.1, NLRP3.2, NLRP3.3, NLRP3.4, NLRP3.5, NLRP3.6, NLRP6.1, NLRP6.2, RELA.1, RELA.2, RELA.3, RELA.4, TAB2.1, TAB2.2, TLR4.1, TLR4.2, TLR4.3, TRAF6.1	49
PRODB_00181	N	N	Y	Ef_UAMS_EL56_00806	Enterococcus faecalis	hypothetical protein	Y	226185.EF_2853	7.86E-77	229	COG2856@1|root,COG2856@2|Bacteria	2|Bacteria	E	Zn peptidase	-	-	-	-	-	-	-	-	-	-	-	-	Peptidase_M78	AIM2.1, IKBKB.3, IRAK1.1, IRAK1.2, IRAK1.3, IRAK1.4, IRAK4.1, IRAK4.2, NAIP.1, NAIP.2, NFKB1.2, NFKBIA.1, NLRC4.1, NLRC4.2, NLRC4.3, NLRC4.4, NLRP1.1, NLRP1.2, NLRP1.3, NLRP1.4, NLRP1.5, NLRP12.1, NLRP12.2, NLRP12.3, NLRP12.4, NLRP12.5, NLRP12.6, NLRP12.7, NLRP3.1, NLRP3.2, NLRP3.3, NLRP3.4, NLRP3.5, NLRP3.6, RELA.1, RELA.2, RELA.3, RELA.4, TAB2.1, TAB2.2, TLR4.1, TLR4.2, TLR4.3, TRAF6.1	44
PRODB_00182	N	N	Y	Ef_B594_03133	Enterococcus faecalis	hypothetical protein	Y	1201292.DR75_2929	6.59E-135	383	2DNFF@1|root,32X8K@2|Bacteria,1VDM9@1239|Firmicutes,4HNCS@91061|Bacilli,4B3MB@81852|Enterococcaceae	91061|Bacilli	-	-	-	-	-	-	-	-	-	-	-	-	-	-	-	AIM2.1, IKBKB.3, IRAK1.1, IRAK1.2, IRAK1.3, IRAK1.4, IRAK4.1, IRAK4.2, NAIP.1, NAIP.2, NFKB1.2, NFKBIA.1, NLRC4.1, NLRC4.2, NLRC4.3, NLRC4.4, NLRP1.1, NLRP1.2, NLRP1.3, NLRP1.4, NLRP1.5, NLRP12.1, NLRP12.2, NLRP12.3, NLRP12.4, NLRP12.5, NLRP12.6, NLRP12.7, NLRP3.1, NLRP3.2, NLRP3.3, NLRP3.4, NLRP3.5, NLRP3.6, NLRP6.1, NLRP6.2, RELA.1, RELA.2, RELA.3, RELA.4, TAB2.1, TAB2.2, TLR4.1, TLR4.2, TLR4.3, TRAF6.1	46
PRODB_00183	N	N	Y	Ef_ES-397_03109	Enterococcus faecalis	hypothetical protein	Y	1201292.DR75_2921	6.00E-84	249	2E7RC@1|root,3326P@2|Bacteria,1VG6U@1239|Firmicutes,4HQ4N@91061|Bacilli,4B58N@81852|Enterococcaceae	91061|Bacilli	-	-	-	-	-	-	-	-	-	-	-	-	-	-	-	AIM2.1, IKBKB.1, IKBKB.2, IKBKB.3, IKBKB.4, IRAK1.1, IRAK1.2, IRAK1.3, IRAK1.4, IRAK4.1, IRAK4.2, NAIP.1, NAIP.2, NFKB1.2, NFKBIA.1, NLRC4.1, NLRC4.2, NLRC4.3, NLRC4.4, NLRP1.1, NLRP1.2, NLRP1.3, NLRP1.4, NLRP1.5, NLRP12.1, NLRP12.2, NLRP12.3, NLRP12.4, NLRP12.5, NLRP12.6, NLRP12.7, NLRP3.1, NLRP3.2, NLRP3.3, NLRP3.4, NLRP3.5, NLRP3.6, NLRP6.1, NLRP6.2, RELA.1, RELA.2, RELA.3, RELA.4, TAB2.1, TAB2.2, TLR4.1, TLR4.2, TLR4.3, TRAF6.1	49
PRODB_00184	N	N	Y	Ef_IDRL-9065_02362	Enterococcus faecalis	hypothetical protein	Y	1201292.DR75_2925	1.90E-74	223	29KZM@1|root,307X3@2|Bacteria,1U2CW@1239|Firmicutes,4IBYF@91061|Bacilli,4B4D4@81852|Enterococcaceae	91061|Bacilli	-	-	-	-	-	-	-	-	-	-	-	-	-	-	-	AIM2.1, IRAK1.1, IRAK1.2, IRAK1.3, IRAK1.4, IRAK4.1, NAIP.1, NAIP.2, NFKB1.2, NFKBIA.1, NLRC4.1, NLRC4.2, NLRC4.3, NLRC4.4, NLRP1.1, NLRP1.2, NLRP1.3, NLRP1.4, NLRP1.5, NLRP12.1, NLRP12.2, NLRP12.4, NLRP12.5, NLRP12.6, NLRP12.7, NLRP3.1, NLRP3.2, NLRP3.3, NLRP3.4, NLRP3.5, NLRP3.6, NLRP6.1, NLRP6.2, RELA.1, RELA.2, RELA.3, RELA.4, TAB2.1, TAB2.2, TLR4.1, TLR4.2, TLR4.3, TRAF6.1	43
PRODB_00185	N	N	Y	Ef_HRH55_02640	Enterococcus faecalis	hypothetical protein	N	-	-	-	-	-	-	-	-	-	-	-	-	-	-	-	-	-	-	-	-	AIM2.1, IKBKB.3, IKBKB.4, IRAK1.1, IRAK1.2, IRAK1.3, IRAK1.4, IRAK4.1, IRAK4.2, NAIP.1, NAIP.2, NFKB1.2, NFKBIA.1, NLRC4.1, NLRC4.2, NLRC4.3, NLRC4.4, NLRP1.1, NLRP1.2, NLRP1.3, NLRP1.4, NLRP1.5, NLRP12.1, NLRP12.2, NLRP12.3, NLRP12.4, NLRP12.5, NLRP12.6, NLRP12.7, NLRP3.1, NLRP3.2, NLRP3.3, NLRP3.4, NLRP3.5, NLRP3.6, NLRP6.1, NLRP6.2, RELA.1, RELA.2, RELA.3, RELA.4, TAB2.1, TAB2.2, TLR4.1, TLR4.2, TLR4.3, TRAF6.1	47
PRODB_00186	N	N	Y	Ef_ES-1276_02932	Enterococcus faecalis	hypothetical protein	Y	1158602.I590_04166	9.33E-38	142	2DITZ@1|root,3044D@2|Bacteria,1TW0F@1239|Firmicutes,4I4P5@91061|Bacilli,4B4B1@81852|Enterococcaceae	91061|Bacilli	-	-	-	-	-	-	-	-	-	-	-	-	-	-	-	AIM2.1, IRAK1.1, IRAK1.2, IRAK1.3, IRAK1.4, IRAK4.1, NAIP.1, NAIP.2, NFKB1.2, NFKBIA.1, NLRC4.1, NLRC4.2, NLRC4.3, NLRC4.4, NLRP1.1, NLRP1.2, NLRP1.3, NLRP1.4, NLRP1.5, NLRP12.1, NLRP12.2, NLRP12.3, NLRP12.4, NLRP12.5, NLRP12.6, NLRP12.7, NLRP3.1, NLRP3.2, NLRP3.3, NLRP3.4, NLRP3.5, NLRP3.6, RELA.1, RELA.2, RELA.3, RELA.4, TAB2.1, TAB2.2, TLR4.3, TRAF6.1	40
PRODB_00187	N	N	Y	Ef_GENOMIC22-006_03184	Enterococcus faecalis	hypothetical protein	Y	1201292.DR75_2924	5.78E-176	492	2EFFF@1|root,33986@2|Bacteria,1VY42@1239|Firmicutes,4HMPN@91061|Bacilli,4B416@81852|Enterococcaceae	91061|Bacilli	-	-	XK27_00555	-	-	-	-	-	-	-	-	-	-	-	TrbL	AIM2.1, IRAK1.1, IRAK1.2, IRAK1.3, IRAK1.4, NFKB1.2, NFKBIA.1, NLRC4.4, NLRP1.1, NLRP1.2, NLRP1.3, NLRP1.4, NLRP3.1, NLRP3.2, NLRP3.3, NLRP3.4, NLRP3.5, NLRP3.6, RELA.1, RELA.2, RELA.3, RELA.4, TAB2.1, TAB2.2, TRAF6.1	25
PRODB_00188	N	N	Y	Se_Z1323CSL0016_04171	Salmonella enterica	Minor curlin subunit	Y	90371.CY43_05835	1.71E-38	135	2DRE1@1|root,33BC9@2|Bacteria,1NGYJ@1224|Proteobacteria,1SH6W@1236|Gammaproteobacteria,3ZJRS@590|Salmonella	1236|Gammaproteobacteria	S	Curlin associated repeat	csgB	GO:0003674,GO:0005488,GO:0005515,GO:0005575,GO:0005623,GO:0006807,GO:0007155,GO:0008150,GO:0008152,GO:0009279,GO:0009289,GO:0009987,GO:0016020,GO:0016043,GO:0019538,GO:0019867,GO:0022610,GO:0030312,GO:0030313,GO:0031975,GO:0042710,GO:0042802,GO:0042995,GO:0043170,GO:0044010,GO:0044238,GO:0044462,GO:0044464,GO:0044764,GO:0051704,GO:0071704,GO:0071840,GO:0071944,GO:0097435,GO:1901564,GO:1990000	-	ko:K04335	ko02026,map02026	-	-	-	ko00000,ko00001,ko02044	-	-	-	Curlin_rpt	AIM2.1, IRAK1.1, IRAK1.2, IRAK1.3, IRAK1.4, IRAK4.1, IRAK4.2, NAIP.1, NAIP.2, NFKB1.2, NFKBIA.1, NLRC4.2, NLRC4.3, NLRC4.4, NLRP1.1, NLRP1.2, NLRP1.3, NLRP1.4, NLRP1.5, NLRP12.1, NLRP12.2, NLRP12.3, NLRP12.4, NLRP12.5, NLRP12.6, NLRP12.7, NLRP3.1, NLRP3.2, NLRP3.3, NLRP3.4, NLRP3.5, NLRP3.6, RELA.1, RELA.2, RELA.3, RELA.4, TAB2.1, TAB2.2, TLR4.3, TRAF6.1	40
PRODB_00189	N	N	Y	Ef_732_02636	Enterococcus faecalis	hypothetical protein	Y	592027.CLG_B1342	4.09E-127	380	COG0732@1|root,COG0732@2|Bacteria,1TP5N@1239|Firmicutes,24DRR@186801|Clostridia,36H37@31979|Clostridiaceae	186801|Clostridia	V	PFAM restriction modification system DNA specificity domain	-	-	3.1.21.3	ko:K01154	-	-	-	-	ko00000,ko01000,ko02048	-	-	-	Methylase_S	AIM2.1, IKBKB.3, IRAK1.1, IRAK1.2, IRAK1.3, IRAK1.4, IRAK4.1, NAIP.1, NAIP.2, NFKB1.2, NFKBIA.1, NLRC4.1, NLRC4.2, NLRC4.3, NLRC4.4, NLRP1.1, NLRP1.2, NLRP1.3, NLRP1.4, NLRP1.5, NLRP12.1, NLRP12.2, NLRP12.4, NLRP12.5, NLRP12.6, NLRP12.7, NLRP3.1, NLRP3.2, NLRP3.3, NLRP3.4, NLRP3.5, NLRP3.6, NLRP6.1, NLRP6.2, RELA.1, RELA.2, RELA.3, RELA.4, TAB2.1, TAB2.2, TLR4.1, TLR4.2, TLR4.3, TRAF6.1	44
PRODB_00190	N	N	Y	Ef_R5_02700	Enterococcus faecalis	hypothetical protein	Y	1158614.I592_03783	6.25E-121	363	COG0732@1|root,COG0732@2|Bacteria,1TP5N@1239|Firmicutes,4HFAV@91061|Bacilli,4B379@81852|Enterococcaceae	91061|Bacilli	V	Type I restriction modification DNA specificity domain	-	-	3.1.21.3	ko:K01154	-	-	-	-	ko00000,ko01000,ko02048	-	-	-	Methylase_S	AIM2.1, IKBKB.3, IRAK1.1, IRAK1.2, IRAK1.3, IRAK1.4, IRAK4.1, NAIP.1, NAIP.2, NFKB1.2, NLRC4.3, NLRC4.4, NLRP1.1, NLRP1.2, NLRP1.3, NLRP1.4, NLRP1.5, NLRP12.5, NLRP12.6, NLRP3.1, NLRP3.2, NLRP3.3, NLRP3.4, NLRP3.5, NLRP3.6, NLRP6.1, NLRP6.2, RELA.1, RELA.2, RELA.3, RELA.4, TAB2.1, TAB2.2, TLR4.3, TRAF6.1	35
PRODB_00191	N	N	Y	Ef_ES-397_03108	Enterococcus faecalis	hypothetical protein	Y	1201292.DR75_2922	2.28E-40	134	2BUR8@1|root,32Q2D@2|Bacteria,1U38I@1239|Firmicutes,4ID0C@91061|Bacilli,4B5S9@81852|Enterococcaceae	91061|Bacilli	-	-	-	-	-	-	-	-	-	-	-	-	-	-	-	AIM2.1, IKBKB.1, IKBKB.2, IKBKB.3, IKBKB.4, IRAK1.1, IRAK1.2, IRAK1.3, IRAK1.4, IRAK4.1, IRAK4.2, NAIP.1, NAIP.2, NFKB1.2, NFKBIA.1, NLRC4.1, NLRC4.2, NLRC4.3, NLRC4.4, NLRP1.1, NLRP1.2, NLRP1.3, NLRP1.4, NLRP1.5, NLRP12.1, NLRP12.2, NLRP12.3, NLRP12.4, NLRP12.5, NLRP12.6, NLRP12.7, NLRP3.1, NLRP3.2, NLRP3.3, NLRP3.4, NLRP3.5, NLRP3.6, NLRP6.1, NLRP6.2, RELA.1, RELA.2, RELA.3, RELA.4, TAB2.1, TAB2.2, TLR4.1, TLR4.2, TLR4.3, TRAF6.1	49
PRODB_00192	N	N	Y	Ef_SF28073_01657	Enterococcus faecalis	hypothetical protein	Y	1201292.DR75_1499	7.57E-55	172	2DSKS@1|root,33GJ2@2|Bacteria,1W1R3@1239|Firmicutes,4HZX3@91061|Bacilli,4B49J@81852|Enterococcaceae	91061|Bacilli	-	-	-	-	-	-	-	-	-	-	-	-	-	-	-	AIM2.1, IKBKB.2, IKBKB.3, IKBKB.4, IRAK1.1, IRAK1.2, IRAK1.3, IRAK1.4, IRAK4.1, IRAK4.2, NAIP.1, NAIP.2, NFKB1.2, NFKBIA.1, NLRC4.1, NLRC4.2, NLRC4.3, NLRC4.4, NLRP1.1, NLRP1.2, NLRP1.3, NLRP1.4, NLRP1.5, NLRP12.1, NLRP12.2, NLRP12.3, NLRP12.4, NLRP12.5, NLRP12.6, NLRP12.7, NLRP3.1, NLRP3.2, NLRP3.3, NLRP3.4, NLRP3.5, NLRP3.6, NLRP6.1, NLRP6.2, RELA.1, RELA.2, RELA.3, RELA.4, TAB2.1, TAB2.2, TLR4.1, TLR4.2, TLR4.3, TRAF6.1	48
PRODB_00193	N	N	Y	Ef_M61_02834	Enterococcus faecalis	hypothetical protein	Y	1201292.DR75_2918	2.02E-73	233	COG3468@1|root,COG3468@2|Bacteria	2|Bacteria	MU	cell adhesion	-	-	-	ko:K06236	ko04151,ko04510,ko04512,ko04611,ko04926,ko04933,ko04974,ko05146,ko05165,map04151,map04510,map04512,map04611,map04926,map04933,map04974,map05146,map05165	-	-	-	ko00000,ko00001,ko00536,ko04516	-	-	-	Gram_pos_anchor	AIM2.1, IRAK1.1, IRAK1.2, IRAK1.3, IRAK1.4, IRAK4.1, NAIP.1, NAIP.2, NFKB1.2, NFKBIA.1, NLRC4.2, NLRC4.3, NLRC4.4, NLRP1.1, NLRP1.2, NLRP1.3, NLRP1.4, NLRP1.5, NLRP12.1, NLRP12.2, NLRP12.4, NLRP12.5, NLRP12.6, NLRP12.7, NLRP3.1, NLRP3.2, NLRP3.3, NLRP3.4, NLRP3.5, NLRP3.6, RELA.1, RELA.2, RELA.3, RELA.4, TAB2.1, TAB2.2, TLR4.1, TLR4.2, TLR4.3, TRAF6.1	40
PRODB_00194	N	N	Y	Ef_C25_dup_XZHY9_01033	Enterococcus faecalis	hypothetical protein	Y	226185.EF_2813	0.00E+00	1032	COG5280@1|root,COG5412@1|root,COG5280@2|Bacteria,COG5412@2|Bacteria,1TQ28@1239|Firmicutes,4HGP4@91061|Bacilli,4B1AH@81852|Enterococcaceae	91061|Bacilli	S	Phage-related minor tail protein	-	-	-	-	-	-	-	-	-	-	-	-	PhageMin_Tail	AIM2.1, IKBKB.3, IRAK1.1, IRAK1.2, IRAK1.3, IRAK1.4, IRAK4.1, NAIP.1, NAIP.2, NFKB1.2, NFKBIA.1, NLRC4.1, NLRC4.2, NLRC4.3, NLRC4.4, NLRP1.1, NLRP1.2, NLRP1.3, NLRP1.4, NLRP1.5, NLRP12.1, NLRP12.2, NLRP12.3, NLRP12.4, NLRP12.5, NLRP12.6, NLRP12.7, NLRP3.1, NLRP3.2, NLRP3.3, NLRP3.4, NLRP3.5, NLRP3.6, NLRP6.1, NLRP6.2, RELA.1, RELA.2, RELA.3, RELA.4, TAB2.1, TAB2.2, TLR4.2, TLR4.3, TRAF6.1	44
PRODB_00195	N	N	Y	Ef_EfsPF24-2_02898	Enterococcus faecalis	hypothetical protein	N	-	-	-	-	-	-	-	-	-	-	-	-	-	-	-	-	-	-	-	-	AIM2.1, IKBKB.1, IKBKB.2, IKBKB.3, IKBKB.4, IRAK1.1, IRAK1.2, IRAK1.3, IRAK1.4, IRAK4.1, IRAK4.2, NAIP.1, NAIP.2, NFKB1.2, NFKBIA.1, NLRC4.1, NLRC4.2, NLRC4.3, NLRC4.4, NLRP1.1, NLRP1.2, NLRP1.3, NLRP1.4, NLRP1.5, NLRP12.1, NLRP12.2, NLRP12.3, NLRP12.4, NLRP12.5, NLRP12.6, NLRP12.7, NLRP3.1, NLRP3.2, NLRP3.3, NLRP3.4, NLRP3.5, NLRP3.6, NLRP6.1, NLRP6.2, RELA.1, RELA.2, RELA.3, RELA.4, TAB2.1, TAB2.2, TLR4.1, TLR4.2, TLR4.3, TRAF6.1	49
PRODB_00196	N	N	Y	Ec_ABW_A19_01697	Escherichia coli	Curli production assembly/transport component CsgE	Y	155864.EDL933_1613	3.82E-91	266	2C2E6@1|root,2ZPXX@2|Bacteria,1N6U8@1224|Proteobacteria,1S46H@1236|Gammaproteobacteria,3XPJH@561|Escherichia	1236|Gammaproteobacteria	S	May be involved in the biogenesis of curli organelles	csgE	GO:0003674,GO:0005488,GO:0005515,GO:0005575,GO:0005623,GO:0006810,GO:0008104,GO:0008150,GO:0009279,GO:0009987,GO:0015031,GO:0015833,GO:0016020,GO:0019867,GO:0022610,GO:0030288,GO:0030312,GO:0030313,GO:0031975,GO:0033036,GO:0042597,GO:0042710,GO:0042802,GO:0042886,GO:0044010,GO:0044462,GO:0044464,GO:0044764,GO:0045184,GO:0051179,GO:0051234,GO:0051704,GO:0055085,GO:0071702,GO:0071705,GO:0071806,GO:0071944	-	ko:K04337	-	-	-	-	ko00000,ko02044	-	-	-	CsgE	AIM2.1, IKBKB.2, IKBKB.3, IKBKB.4, IRAK1.1, IRAK1.2, IRAK1.3, IRAK1.4, IRAK4.1, IRAK4.2, NAIP.1, NAIP.2, NFKB1.2, NFKBIA.1, NLRC4.1, NLRC4.2, NLRC4.3, NLRC4.4, NLRP1.1, NLRP1.2, NLRP1.3, NLRP1.4, NLRP1.5, NLRP12.1, NLRP12.2, NLRP12.3, NLRP12.4, NLRP12.5, NLRP12.6, NLRP12.7, NLRP3.1, NLRP3.2, NLRP3.3, NLRP3.4, NLRP3.5, NLRP3.6, NLRP6.1, NLRP6.2, RELA.1, RELA.2, RELA.3, RELA.4, TAB2.1, TAB2.2, TLR4.1, TLR4.2, TLR4.3, TRAF6.1	48
PRODB_00197	N	N	Y	Ec_AVS0889_01748	Escherichia coli	Curli production assembly/transport component CsgF	Y	716541.ECL_02602	4.19E-92	269	2DEP1@1|root,32U3R@2|Bacteria,1N4PQ@1224|Proteobacteria,1SBR1@1236|Gammaproteobacteria,3X28M@547|Enterobacter	1236|Gammaproteobacteria	S	Type VIII secretion system (T8SS), CsgF protein	csgF	GO:0005575,GO:0005623,GO:0008150,GO:0009279,GO:0009987,GO:0016020,GO:0019867,GO:0022610,GO:0030312,GO:0030313,GO:0031975,GO:0042710,GO:0044010,GO:0044462,GO:0044464,GO:0044764,GO:0051704,GO:0071944	-	ko:K04338	-	-	-	-	ko00000,ko02044	-	-	-	CsgF	AIM2.1, IKBKB.2, IKBKB.3, IKBKB.4, IRAK1.1, IRAK1.2, IRAK1.3, IRAK1.4, IRAK4.1, IRAK4.2, NAIP.1, NAIP.2, NFKB1.2, NFKBIA.1, NLRC4.1, NLRC4.2, NLRC4.3, NLRC4.4, NLRP1.1, NLRP1.2, NLRP1.3, NLRP1.4, NLRP1.5, NLRP12.1, NLRP12.2, NLRP12.3, NLRP12.4, NLRP12.5, NLRP12.6, NLRP12.7, NLRP3.1, NLRP3.2, NLRP3.3, NLRP3.4, NLRP3.5, NLRP3.6, NLRP6.1, NLRP6.2, RELA.1, RELA.2, RELA.3, RELA.4, TAB2.1, TAB2.2, TLR4.1, TLR4.2, TLR4.3, TRAF6.1	48
PRODB_00198	N	N	Y	Ef_3143_dup_XTOGA_00519	Enterococcus faecalis	hypothetical protein	Y	1201292.DR75_2926	0.00E+00	1530	COG3451@1|root,COG3451@2|Bacteria,1TPDR@1239|Firmicutes,4HC47@91061|Bacilli,4B6CE@81852|Enterococcaceae	91061|Bacilli	U	AAA-like domain	-	-	-	-	-	-	-	-	-	-	-	-	AAA_10,DUF87	AIM2.1, IRAK1.1, IRAK1.2, IRAK1.3, IRAK1.4, IRAK4.1, NFKB1.2, NLRC4.3, NLRC4.4, NLRP1.1, NLRP1.2, NLRP1.3, NLRP1.4, NLRP1.5, NLRP12.5, NLRP3.1, NLRP3.2, NLRP3.3, NLRP3.4, NLRP3.5, NLRP3.6, RELA.1, RELA.2, RELA.3, RELA.4, TAB2.1, TAB2.2, TRAF6.1	28
PRODB_00199	N	N	Y	Ef_GENOMIC22-006_03187	Enterococcus faecalis	hypothetical protein	Y	1201292.DR75_2928	0.00E+00	1577	COG3942@1|root,COG3942@2|Bacteria,1VPFZ@1239|Firmicutes,4HFGV@91061|Bacilli	91061|Bacilli	M	CHAP domain protein	XK27_00530	-	-	-	-	-	-	-	-	-	-	-	CHAP,Peptidase_M23	AIM2.1, IRAK1.1, IRAK1.2, IRAK1.3, IRAK1.4, IRAK4.1, NAIP.1, NAIP.2, NFKB1.2, NLRC4.3, NLRC4.4, NLRP1.1, NLRP1.4, NLRP12.2, NLRP12.5, NLRP3.1, NLRP3.2, NLRP3.3, NLRP3.4, NLRP3.5, NLRP3.6, RELA.1, RELA.2, RELA.3, RELA.4, TAB2.1, TAB2.2, TRAF6.1	28
PRODB_00200	N	N	Y	Ec_1000C-3_01623	Escherichia coli	CsgBAC operon transcriptional regulatory protein	Y	316407.4063	5.06E-152	427	COG2197@1|root,COG2197@2|Bacteria,1MXI3@1224|Proteobacteria,1RNEY@1236|Gammaproteobacteria,3XMP9@561|Escherichia	1236|Gammaproteobacteria	K	necessary for transcription of the csgBAC ymdA operon. Plays a positive role in biofilm formation. May have the capability to respond to starvation and or high cell density by activating csgBA transcription. Low-level constitutive expression confers an adherent curli fimbriae-expressing phenotype, up- regulates 10 genes and down-regulates 14 others	csgD	GO:0000976,GO:0000984,GO:0000986,GO:0000987,GO:0001017,GO:0001067,GO:0001130,GO:0001216,GO:0001217,GO:0003674,GO:0003676,GO:0003677,GO:0003690,GO:0003700,GO:0005488,GO:0005575,GO:0006355,GO:0008150,GO:0009889,GO:0009890,GO:0009891,GO:0009892,GO:0009893,GO:0010468,GO:0010556,GO:0010557,GO:0010558,GO:0010604,GO:0010605,GO:0010628,GO:0010629,GO:0019219,GO:0019222,GO:0031323,GO:0031324,GO:0031325,GO:0031326,GO:0031327,GO:0031328,GO:0031334,GO:0032991,GO:0032993,GO:0043254,GO:0043565,GO:0043900,GO:0044087,GO:0044089,GO:0044212,GO:0045892,GO:0045893,GO:0045934,GO:0045935,GO:0048518,GO:0048519,GO:0048522,GO:0048523,GO:0050789,GO:0050794,GO:0051128,GO:0051130,GO:0051171,GO:0051172,GO:0051173,GO:0051252,GO:0051253,GO:0051254,GO:0060255,GO:0065007,GO:0080090,GO:0097159,GO:0140110,GO:1900190,GO:1901363,GO:1902679,GO:1902680,GO:1903506,GO:1903507,GO:1903508,GO:1990837,GO:2000112,GO:2000113,GO:2000142,GO:2000144,GO:2001141	-	ko:K04333,ko:K20918	ko02026,ko05111,map02026,map05111	-	-	-	ko00000,ko00001,ko03000	-	-	-	GerE	AIM2.1, IKBKB.1, IKBKB.2, IKBKB.3, IKBKB.4, IRAK1.1, IRAK1.2, IRAK1.3, IRAK1.4, IRAK4.1, IRAK4.2, NAIP.1, NAIP.2, NFKB1.2, NFKBIA.1, NLRC4.1, NLRC4.2, NLRC4.3, NLRC4.4, NLRP1.1, NLRP1.2, NLRP1.3, NLRP1.4, NLRP1.5, NLRP12.1, NLRP12.2, NLRP12.3, NLRP12.4, NLRP12.5, NLRP12.6, NLRP12.7, NLRP3.1, NLRP3.2, NLRP3.3, NLRP3.4, NLRP3.5, NLRP3.6, NLRP6.1, NLRP6.2, RELA.1, RELA.2, RELA.3, RELA.4, TAB2.1, TAB2.2, TLR4.1, TLR4.2, TLR4.3, TRAF6.1	49
PRODB_00201	N	N	Y	Ec_111_03285	Escherichia coli	Curli production assembly/transport component CsgG	Y	155864.EDL933_1611	6.89E-194	538	COG1462@1|root,COG1462@2|Bacteria,1MVZM@1224|Proteobacteria,1RQ5F@1236|Gammaproteobacteria,3XNNF@561|Escherichia	1236|Gammaproteobacteria	M	Curli production assembly transport component CsgG	csgG	GO:0003674,GO:0005488,GO:0005515,GO:0005575,GO:0005623,GO:0006810,GO:0008104,GO:0008150,GO:0009279,GO:0009987,GO:0015031,GO:0015833,GO:0016020,GO:0019867,GO:0022610,GO:0030288,GO:0030312,GO:0030313,GO:0031224,GO:0031230,GO:0031241,GO:0031246,GO:0031975,GO:0033036,GO:0042597,GO:0042710,GO:0042802,GO:0042886,GO:0044010,GO:0044425,GO:0044462,GO:0044464,GO:0044764,GO:0045184,GO:0051179,GO:0051234,GO:0051704,GO:0055085,GO:0071702,GO:0071705,GO:0071806,GO:0071944,GO:0098552	-	ko:K06214	-	-	-	-	ko00000,ko02044	-	-	-	CsgG	AIM2.1, IKBKB.3, IRAK1.1, IRAK1.2, IRAK1.3, IRAK1.4, IRAK4.1, NAIP.1, NAIP.2, NFKB1.2, NFKBIA.1, NLRC4.1, NLRC4.2, NLRC4.3, NLRC4.4, NLRP1.1, NLRP1.2, NLRP1.3, NLRP1.4, NLRP1.5, NLRP12.1, NLRP12.2, NLRP12.3, NLRP12.4, NLRP12.5, NLRP12.6, NLRP12.7, NLRP3.1, NLRP3.2, NLRP3.3, NLRP3.4, NLRP3.5, NLRP3.6, RELA.1, RELA.2, RELA.3, RELA.4, TAB2.1, TAB2.2, TLR4.1, TLR4.2, TLR4.3, TRAF6.1	43
PRODB_00202	N	N	Y	Ef_CVM_N48037F_00289	Enterococcus faecalis	hypothetical protein	Y	416870.llmg_1386	4.59E-12	72	2F9Y3@1|root,3427C@2|Bacteria,1VXPY@1239|Firmicutes,4HXA1@91061|Bacilli	91061|Bacilli	-	-	-	-	-	-	-	-	-	-	-	-	-	-	-	AIM2.1, IKBKB.3, IRAK1.1, IRAK1.2, IRAK1.3, IRAK1.4, IRAK4.1, NAIP.1, NAIP.2, NFKB1.2, NFKBIA.1, NLRC4.2, NLRC4.3, NLRC4.4, NLRP1.1, NLRP1.2, NLRP1.3, NLRP1.4, NLRP1.5, NLRP12.1, NLRP12.2, NLRP12.3, NLRP12.4, NLRP12.5, NLRP12.6, NLRP12.7, NLRP3.1, NLRP3.2, NLRP3.3, NLRP3.4, NLRP3.5, NLRP3.6, NLRP6.1, NLRP6.2, RELA.1, RELA.2, RELA.3, RELA.4, TAB2.1, TAB2.2, TLR4.1, TLR4.2, TLR4.3, TRAF6.1	44
PRODB_00203	N	N	Y	Ef_BE17_00944	Enterococcus faecalis	hypothetical protein	Y	272626.lin0173	4.93E-06	50.1	2DSKS@1|root,33GJ2@2|Bacteria,1W1R3@1239|Firmicutes,4HZX3@91061|Bacilli,26KJ6@186820|Listeriaceae	91061|Bacilli	-	-	-	-	-	-	-	-	-	-	-	-	-	-	-	AIM2.1, IKBKB.3, IRAK1.1, IRAK1.2, IRAK1.3, IRAK1.4, IRAK4.1, NAIP.1, NAIP.2, NFKB1.2, NFKBIA.1, NLRC4.3, NLRC4.4, NLRP1.1, NLRP1.2, NLRP1.3, NLRP1.4, NLRP1.5, NLRP12.2, NLRP12.4, NLRP12.5, NLRP12.6, NLRP3.1, NLRP3.2, NLRP3.3, NLRP3.4, NLRP3.5, NLRP3.6, RELA.1, RELA.2, RELA.3, RELA.4, TAB2.1, TAB2.2, TLR4.3, TRAF6.1	36
PRODB_00204	N	N	Y	Ef_EfsC61_00913	Enterococcus faecalis	hypothetical protein	Y	673832.D2IYT0_9CAUD	1.44E-143	407	4QAPV@10239|Viruses,4QV7H@35237|dsDNA viruses  no RNA stage,4QPC3@28883|Caudovirales,4QKMY@10699|Siphoviridae	10699|Siphoviridae	S	DNA binding	-	-	-	-	-	-	-	-	-	-	-	-	-	AIM2.1, IRAK1.1, IRAK1.2, IRAK1.3, IRAK1.4, IRAK4.1, NAIP.1, NFKB1.2, NFKBIA.1, NLRC4.3, NLRC4.4, NLRP1.1, NLRP1.2, NLRP1.3, NLRP1.4, NLRP1.5, NLRP12.2, NLRP3.1, NLRP3.2, NLRP3.3, NLRP3.4, NLRP3.5, NLRP3.6, RELA.1, RELA.2, RELA.4, TAB2.1, TAB2.2, TRAF6.1	29
PRODB_00205	N	N	Y	Ef_B594_02572	Enterococcus faecalis	hypothetical protein	Y	226185.EF_2816	5.40E-80	237	29N3D@1|root,30914@2|Bacteria,1U49Q@1239|Firmicutes,4HZJW@91061|Bacilli,4B2YI@81852|Enterococcaceae	91061|Bacilli	S	Bacteriophage HK97-gp10, putative tail-component	-	-	-	-	-	-	-	-	-	-	-	-	HK97-gp10_like	AIM2.1, IKBKB.1, IKBKB.2, IKBKB.3, IKBKB.4, IRAK1.1, IRAK1.2, IRAK1.3, IRAK1.4, IRAK4.1, IRAK4.2, NAIP.1, NAIP.2, NFKB1.2, NFKBIA.1, NLRC4.1, NLRC4.2, NLRC4.3, NLRC4.4, NLRP1.1, NLRP1.2, NLRP1.3, NLRP1.4, NLRP1.5, NLRP12.1, NLRP12.2, NLRP12.3, NLRP12.4, NLRP12.5, NLRP12.6, NLRP12.7, NLRP3.1, NLRP3.2, NLRP3.3, NLRP3.4, NLRP3.5, NLRP3.6, NLRP6.1, NLRP6.2, RELA.1, RELA.2, RELA.3, RELA.4, TAB2.1, TAB2.2, TLR4.1, TLR4.2, TLR4.3, TRAF6.1	49
PRODB_00206	N	N	Y	Ef_B594_02573	Enterococcus faecalis	hypothetical protein	Y	226185.EF_2817	1.37E-76	228	28SFR@1|root,2ZES9@2|Bacteria,1W5S0@1239|Firmicutes,4HZGB@91061|Bacilli,4B3CC@81852|Enterococcaceae	91061|Bacilli	-	-	-	-	-	-	-	-	-	-	-	-	-	-	-	AIM2.1, IRAK1.1, IRAK1.2, IRAK1.3, IRAK1.4, NFKB1.2, NLRC4.4, NLRP1.1, NLRP3.1, NLRP3.3, NLRP3.5, NLRP3.6, RELA.1, RELA.2, RELA.3, RELA.4, TAB2.1, TAB2.2	18
PRODB_00207	N	N	Y	Ef_EfsC129_02545	Enterococcus faecalis	hypothetical protein	Y	226185.EF_2815	3.32E-129	369	2FEHG@1|root,346H0@2|Bacteria,1VYX6@1239|Firmicutes,4HYYE@91061|Bacilli,4B1TJ@81852|Enterococcaceae	91061|Bacilli	-	-	-	-	-	-	-	-	-	-	-	-	-	-	-	IRAK1.1, IRAK1.2, NFKB1.2, NLRP3.1, NLRP3.5, NLRP3.6, TAB2.1, TAB2.2	8
PRODB_00208	N	N	Y	Ef_143-1_02468	Enterococcus faecalis	hypothetical protein	Y	226185.EF_2814	1.01E-83	249	2A34E@1|root,30RJH@2|Bacteria,1TZAR@1239|Firmicutes,4I8IE@91061|Bacilli,4B2PQ@81852|Enterococcaceae	91061|Bacilli	-	-	-	-	-	-	-	-	-	-	-	-	-	-	-	AIM2.1, IKBKB.1, IKBKB.2, IKBKB.3, IKBKB.4, IRAK1.1, IRAK1.2, IRAK1.3, IRAK1.4, IRAK4.1, IRAK4.2, NAIP.1, NAIP.2, NFKB1.2, NFKBIA.1, NLRC4.1, NLRC4.2, NLRC4.3, NLRC4.4, NLRP1.1, NLRP1.2, NLRP1.3, NLRP1.4, NLRP1.5, NLRP12.1, NLRP12.2, NLRP12.3, NLRP12.4, NLRP12.5, NLRP12.6, NLRP12.7, NLRP3.1, NLRP3.2, NLRP3.3, NLRP3.4, NLRP3.5, NLRP3.6, NLRP6.1, NLRP6.2, RELA.1, RELA.2, RELA.3, RELA.4, TAB2.1, TAB2.2, TLR4.1, TLR4.2, TLR4.3, TRAF6.1	49
PRODB_00209	N	N	Y	Ef_JF4H-114_02281	Enterococcus faecalis	hypothetical protein	Y	1201292.DR75_1666	3.36E-46	148	2BSHG@1|root,32MJR@2|Bacteria,1U2AZ@1239|Firmicutes,4IBVX@91061|Bacilli,4B46H@81852|Enterococcaceae	91061|Bacilli	-	-	-	-	-	-	-	-	-	-	-	-	-	-	-	AIM2.1, IKBKB.1, IKBKB.2, IKBKB.3, IKBKB.4, IRAK1.1, IRAK1.2, IRAK1.3, IRAK1.4, IRAK4.1, IRAK4.2, NAIP.1, NAIP.2, NFKB1.2, NFKBIA.1, NLRC4.1, NLRC4.2, NLRC4.3, NLRC4.4, NLRP1.1, NLRP1.2, NLRP1.3, NLRP1.4, NLRP1.5, NLRP12.1, NLRP12.2, NLRP12.3, NLRP12.4, NLRP12.5, NLRP12.6, NLRP12.7, NLRP3.1, NLRP3.2, NLRP3.3, NLRP3.4, NLRP3.5, NLRP3.6, NLRP6.1, NLRP6.2, RELA.1, RELA.2, RELA.3, RELA.4, TAB2.1, TAB2.2, TLR4.1, TLR4.2, TLR4.3, TRAF6.1	49
PRODB_00210	N	N	Y	Ef_BE16_01691	Enterococcus faecalis	hypothetical protein	Y	226185.EF_1768	8.37E-171	476	COG3910@1|root,COG3910@2|Bacteria,1TSWP@1239|Firmicutes,4HBQT@91061|Bacilli,4B0DS@81852|Enterococcaceae	91061|Bacilli	S	AAA ATPase domain	cysA1	-	-	-	-	-	-	-	-	-	-	-	AAA_21,AAA_23	AIM2.1, IKBKB.2, IKBKB.3, IKBKB.4, IRAK1.1, IRAK1.2, IRAK1.3, IRAK1.4, IRAK4.1, IRAK4.2, NAIP.1, NAIP.2, NFKB1.2, NFKBIA.1, NLRC4.1, NLRC4.2, NLRC4.3, NLRC4.4, NLRP1.1, NLRP1.2, NLRP1.3, NLRP1.4, NLRP1.5, NLRP12.1, NLRP12.2, NLRP12.3, NLRP12.4, NLRP12.5, NLRP12.6, NLRP12.7, NLRP3.1, NLRP3.2, NLRP3.3, NLRP3.4, NLRP3.5, NLRP3.6, NLRP6.1, NLRP6.2, RELA.1, RELA.2, RELA.3, RELA.4, TAB2.1, TAB2.2, TLR4.1, TLR4.2, TLR4.3, TRAF6.1	48
PRODB_00211	N	N	Y	Ef_E006xJH2-2-TC1_00404	Enterococcus faecalis	hypothetical protein	Y	1158602.I590_03478	8.71E-04	39.7	29JT6@1|root,306QH@2|Bacteria,1U066@1239|Firmicutes,4I9GS@91061|Bacilli,4B492@81852|Enterococcaceae	91061|Bacilli	-	-	-	-	-	-	-	-	-	-	-	-	-	-	-	AIM2.1, IKBKB.1, IKBKB.2, IKBKB.3, IKBKB.4, IRAK1.1, IRAK1.2, IRAK1.3, IRAK1.4, IRAK4.1, IRAK4.2, NAIP.1, NAIP.2, NFKB1.2, NFKBIA.1, NLRC4.1, NLRC4.2, NLRC4.3, NLRC4.4, NLRP1.1, NLRP1.2, NLRP1.3, NLRP1.4, NLRP1.5, NLRP12.1, NLRP12.2, NLRP12.3, NLRP12.4, NLRP12.5, NLRP12.6, NLRP12.7, NLRP3.1, NLRP3.2, NLRP3.3, NLRP3.4, NLRP3.5, NLRP3.6, NLRP6.1, NLRP6.2, RELA.1, RELA.2, RELA.3, RELA.4, TAB2.1, TAB2.2, TLR4.1, TLR4.2, TLR4.3, TRAF6.1	49
PRODB_00212	N	N	Y	Ef_ES-108-1_02606	Enterococcus faecalis	hypothetical protein	Y	226185.EF_2835	7.94E-124	354	2DMCY@1|root,32N1T@2|Bacteria,1V9KA@1239|Firmicutes,4HJY5@91061|Bacilli,4B0Y6@81852|Enterococcaceae	91061|Bacilli	-	-	-	-	-	-	-	-	-	-	-	-	-	-	-	AIM2.1, IRAK1.1, IRAK1.2, IRAK1.3, IRAK1.4, IRAK4.1, NAIP.2, NFKB1.2, NLRC4.3, NLRC4.4, NLRP12.2, NLRP12.5, NLRP3.1, RELA.2, RELA.4, TAB2.1, TAB2.2	17
PRODB_00213	N	N	Y	Ef_HRH55_00659	Enterococcus faecalis	hypothetical protein	Y	1201292.DR75_1639	1.54E-131	373	COG3740@1|root,COG3740@2|Bacteria,1VBG3@1239|Firmicutes,4HKWZ@91061|Bacilli,4B0YE@81852|Enterococcaceae	91061|Bacilli	S	Caudovirus prohead serine protease	-	-	-	ko:K06904	-	-	-	-	ko00000	-	-	-	Peptidase_S78	AIM2.1, IRAK1.1, IRAK1.2, IRAK1.3, IRAK1.4, IRAK4.1, NAIP.1, NAIP.2, NFKB1.2, NFKBIA.1, NLRC4.2, NLRC4.3, NLRC4.4, NLRP1.1, NLRP1.2, NLRP1.3, NLRP1.4, NLRP12.2, NLRP12.5, NLRP3.1, NLRP3.2, NLRP3.3, NLRP3.4, NLRP3.5, NLRP3.6, RELA.1, RELA.2, RELA.3, RELA.4, TAB2.1, TAB2.2, TLR4.3, TRAF6.1	33
PRODB_00214	N	N	Y	Ef_ES-397_02515	Enterococcus faecalis	hypothetical protein	Y	1201292.DR75_1642	1.30E-99	289	2F8BN@1|root,340QQ@2|Bacteria,1VWU6@1239|Firmicutes,4HXFG@91061|Bacilli,4B2BK@81852|Enterococcaceae	91061|Bacilli	-	-	-	-	-	-	-	-	-	-	-	-	-	-	-	AIM2.1, IRAK1.1, IRAK1.2, IRAK1.3, IRAK1.4, IRAK4.1, NAIP.1, NAIP.2, NFKB1.2, NFKBIA.1, NLRC4.2, NLRC4.4, NLRP1.1, NLRP1.2, NLRP1.3, NLRP1.4, NLRP1.5, NLRP12.1, NLRP12.2, NLRP12.4, NLRP12.5, NLRP12.6, NLRP12.7, NLRP3.1, NLRP3.2, NLRP3.3, NLRP3.4, NLRP3.5, NLRP3.6, RELA.1, RELA.2, RELA.3, RELA.4, TAB2.1, TAB2.2, TLR4.1, TLR4.2, TLR4.3, TRAF6.1	39
PRODB_00215	N	N	Y	Ef_UAMS_EL56_00837	Enterococcus faecalis	hypothetical protein	Y	1201292.DR75_1637	1.20E-59	184	2EMHD@1|root,33F60@2|Bacteria,1VM4U@1239|Firmicutes,4HSNK@91061|Bacilli,4B2Z9@81852|Enterococcaceae	91061|Bacilli	S	Phage gp6-like head-tail connector protein	-	-	-	-	-	-	-	-	-	-	-	-	Phage_connect_1	AIM2.1, IKBKB.1, IKBKB.2, IKBKB.3, IKBKB.4, IRAK1.1, IRAK1.2, IRAK1.3, IRAK1.4, IRAK4.1, IRAK4.2, NAIP.1, NAIP.2, NFKB1.2, NFKBIA.1, NLRC4.1, NLRC4.2, NLRC4.3, NLRC4.4, NLRP1.1, NLRP1.2, NLRP1.3, NLRP1.4, NLRP1.5, NLRP12.1, NLRP12.2, NLRP12.3, NLRP12.4, NLRP12.5, NLRP12.6, NLRP12.7, NLRP3.1, NLRP3.2, NLRP3.3, NLRP3.4, NLRP3.5, NLRP3.6, NLRP6.1, NLRP6.2, RELA.1, RELA.2, RELA.3, RELA.4, TAB2.1, TAB2.2, TLR4.1, TLR4.2, TLR4.3, TRAF6.1	49
PRODB_00216	N	N	Y	Ef_SN21-3_02453	Enterococcus faecalis	hypothetical protein	Y	1201292.DR75_1640	6.85E-276	756	COG4695@1|root,COG4695@2|Bacteria,1V0PF@1239|Firmicutes,4HF18@91061|Bacilli,4B23S@81852|Enterococcaceae	91061|Bacilli	S	Phage portal protein	-	-	-	-	-	-	-	-	-	-	-	-	Phage_portal	AIM2.1, IRAK1.1, IRAK1.2, IRAK1.3, IRAK1.4, IRAK4.1, NAIP.1, NAIP.2, NFKB1.2, NFKBIA.1, NLRC4.2, NLRC4.3, NLRC4.4, NLRP1.1, NLRP1.2, NLRP1.3, NLRP1.4, NLRP1.5, NLRP12.1, NLRP12.2, NLRP12.3, NLRP12.4, NLRP12.5, NLRP12.6, NLRP12.7, NLRP3.1, NLRP3.2, NLRP3.3, NLRP3.4, NLRP3.5, NLRP3.6, NLRP6.1, NLRP6.2, RELA.1, RELA.2, RELA.3, RELA.4, TAB2.1, TAB2.2, TLR4.2, TLR4.3, TRAF6.1	42
PRODB_00217	N	N	Y	Ef_PartL-Efaecalis-RM8376_00371	Enterococcus faecalis	hypothetical protein	Y	1201292.DR75_1636	6.90E-57	178	2CBTS@1|root,347GG@2|Bacteria,1VZW7@1239|Firmicutes,4HZBB@91061|Bacilli,4B36U@81852|Enterococcaceae	91061|Bacilli	S	Phage head-tail joining protein	-	-	-	-	-	-	-	-	-	-	-	-	Phage_H_T_join	AIM2.1, IRAK1.1, IRAK1.2, IRAK1.3, IRAK1.4, IRAK4.1, NAIP.1, NAIP.2, NFKB1.2, NLRC4.1, NLRC4.2, NLRC4.3, NLRC4.4, NLRP1.1, NLRP1.2, NLRP1.3, NLRP1.4, NLRP1.5, NLRP12.1, NLRP12.2, NLRP12.4, NLRP12.5, NLRP12.6, NLRP12.7, NLRP3.1, NLRP3.2, NLRP3.3, NLRP3.4, NLRP3.5, NLRP3.6, RELA.1, RELA.2, RELA.3, RELA.4, TAB2.1, TAB2.2, TLR4.1, TLR4.2, TLR4.3, TRAF6.1	40
PRODB_00218	N	N	Y	Ef_SN21-3_02454	Enterococcus faecalis	hypothetical protein	Y	226185.EF_2823	0.00E+00	1157	COG4626@1|root,COG4626@2|Bacteria,1TPU1@1239|Firmicutes,4HT54@91061|Bacilli,4B6G0@81852|Enterococcaceae	91061|Bacilli	S	Phage Terminase	-	-	-	-	-	-	-	-	-	-	-	-	Terminase_1	AIM2.1, IRAK1.1, IRAK1.2, IRAK1.3, IRAK1.4, NAIP.1, NAIP.2, NFKB1.2, NLRC4.3, NLRC4.4, NLRP1.1, NLRP1.2, NLRP12.2, NLRP12.4, NLRP12.6, NLRP3.1, NLRP3.2, NLRP3.3, NLRP3.4, NLRP3.5, NLRP3.6, RELA.1, RELA.2, RELA.3, RELA.4, TAB2.1, TAB2.2, TLR4.3	28
PRODB_00219	N	N	Y	Ef_CQHZJ21-185_01715	Enterococcus faecalis	hypothetical protein	Y	226185.EF_2820	8.73E-242	674	COG4653@1|root,COG4653@2|Bacteria,1TS6A@1239|Firmicutes,4HFI7@91061|Bacilli,4B0TQ@81852|Enterococcaceae	91061|Bacilli	S	Phage capsid family	-	-	-	-	-	-	-	-	-	-	-	-	Phage_capsid	AIM2.1, IRAK1.1, IRAK1.2, IRAK1.4, IRAK4.1, NAIP.2, NFKB1.2, NLRC4.3, NLRC4.4, NLRP1.4, NLRP12.2, NLRP12.3, NLRP12.4, NLRP12.6, NLRP3.1, NLRP3.2, NLRP3.3, NLRP3.4, NLRP3.5, NLRP3.6, RELA.1, RELA.2, RELA.3, RELA.4, TAB2.1, TAB2.2, TRAF6.1	27
PRODB_00220	N	N	Y	Ef_V583_02715	Enterococcus faecalis	hypothetical protein	Y	226185.EF_2828	1.83E-106	307	2BJ4A@1|root,32DDB@2|Bacteria,1TZ5C@1239|Firmicutes,4I8CF@91061|Bacilli,4B2AH@81852|Enterococcaceae	91061|Bacilli	-	-	-	-	-	-	-	-	-	-	-	-	-	-	-	AIM2.1, IKBKB.3, IRAK1.1, IRAK1.2, IRAK1.3, IRAK1.4, IRAK4.1, IRAK4.2, NAIP.1, NAIP.2, NFKB1.2, NFKBIA.1, NLRC4.1, NLRC4.2, NLRC4.3, NLRC4.4, NLRP1.1, NLRP1.2, NLRP1.3, NLRP1.4, NLRP1.5, NLRP12.1, NLRP12.2, NLRP12.3, NLRP12.4, NLRP12.5, NLRP12.6, NLRP12.7, NLRP3.1, NLRP3.2, NLRP3.3, NLRP3.4, NLRP3.5, NLRP3.6, NLRP6.1, NLRP6.2, RELA.1, RELA.2, RELA.3, RELA.4, TAB2.1, TAB2.2, TLR4.1, TLR4.2, TLR4.3, TRAF6.1	46
PRODB_00221	N	N	Y	Ef_ESC1_01468	Enterococcus faecalis	hypothetical protein	Y	226185.EF_2838	1.04E-190	530	COG1484@1|root,COG1484@2|Bacteria,1V36Z@1239|Firmicutes,4HG44@91061|Bacilli,4AZR0@81852|Enterococcaceae	91061|Bacilli	L	IstB-like ATP binding protein	-	-	-	ko:K02315	-	-	-	-	ko00000,ko03032	-	-	-	IstB_IS21	AIM2.1, IKBKB.3, IRAK1.1, IRAK1.2, IRAK1.3, IRAK1.4, IRAK4.1, IRAK4.2, NAIP.1, NAIP.2, NFKB1.2, NFKBIA.1, NLRC4.1, NLRC4.2, NLRC4.3, NLRC4.4, NLRP1.1, NLRP1.2, NLRP1.3, NLRP1.4, NLRP1.5, NLRP12.1, NLRP12.2, NLRP12.3, NLRP12.4, NLRP12.5, NLRP12.6, NLRP12.7, NLRP3.1, NLRP3.2, NLRP3.3, NLRP3.4, NLRP3.5, NLRP3.6, NLRP6.1, NLRP6.2, RELA.1, RELA.2, RELA.3, RELA.4, TAB2.1, TAB2.2, TLR4.1, TLR4.2, TLR4.3, TRAF6.1	46
PRODB_00222	N	N	Y	Ef_CF3A-343_02489	Enterococcus faecalis	hypothetical protein	Y	1201292.DR75_1661	1.97E-190	529	COG1074@1|root,COG1074@2|Bacteria,1V1UQ@1239|Firmicutes,4HGSG@91061|Bacilli,4B0PM@81852|Enterococcaceae	91061|Bacilli	L	PDDEXK-like domain of unknown function (DUF3799)	pi112	-	-	-	-	-	-	-	-	-	-	-	DUF3799	AIM2.1, IRAK1.1, IRAK1.2, IRAK1.3, IRAK1.4, IRAK4.1, NAIP.1, NAIP.2, NFKB1.2, NLRC4.3, NLRC4.4, NLRP12.2, NLRP12.5, NLRP12.6, NLRP3.1, NLRP3.2, NLRP3.3, NLRP3.4, NLRP3.5, NLRP3.6, RELA.1, RELA.2, RELA.3, RELA.4, TAB2.1, TAB2.2, TRAF6.1	27
PRODB_00223	N	N	Y	Ll_BIGb0220_01722	Leuconostoc lactis	IS3 family transposase ISSag5	Y	1229517.AMFD01000039_gene1463	7.94E-53	166	COG2963@1|root,COG2963@2|Bacteria,1VEWG@1239|Firmicutes,4HX6Y@91061|Bacilli,1YCPZ@1357|Lactococcus	91061|Bacilli	L	Transposase	-	-	-	-	-	-	-	-	-	-	-	-	HTH_Tnp_1	AIM2.1, IKBKB.1, IKBKB.2, IKBKB.3, IKBKB.4, IRAK1.1, IRAK1.2, IRAK1.3, IRAK1.4, IRAK4.1, IRAK4.2, NAIP.1, NAIP.2, NFKB1.2, NFKBIA.1, NLRC4.1, NLRC4.2, NLRC4.3, NLRC4.4, NLRP1.1, NLRP1.2, NLRP1.3, NLRP1.4, NLRP1.5, NLRP12.1, NLRP12.2, NLRP12.3, NLRP12.4, NLRP12.5, NLRP12.6, NLRP12.7, NLRP3.1, NLRP3.2, NLRP3.3, NLRP3.4, NLRP3.5, NLRP3.6, NLRP6.1, NLRP6.2, RELA.1, RELA.2, RELA.3, RELA.4, TAB2.1, TAB2.2, TLR4.1, TLR4.2, TLR4.3, TRAF6.1	49
PRODB_00224	N	N	Y	Ef_K-4_01488	Enterococcus faecalis	hypothetical protein	Y	1260356.D920_00195	5.84E-10	56.2	29JV0@1|root,306SA@2|Bacteria,1U09K@1239|Firmicutes,4I9KP@91061|Bacilli,4B4F1@81852|Enterococcaceae	91061|Bacilli	-	-	-	-	-	-	-	-	-	-	-	-	-	-	-	AIM2.1, IKBKB.1, IKBKB.2, IKBKB.3, IKBKB.4, IRAK1.1, IRAK1.2, IRAK1.3, IRAK1.4, IRAK4.1, IRAK4.2, NAIP.1, NAIP.2, NFKB1.2, NFKBIA.1, NLRC4.1, NLRC4.2, NLRC4.3, NLRC4.4, NLRP1.1, NLRP1.2, NLRP1.3, NLRP1.4, NLRP1.5, NLRP12.1, NLRP12.2, NLRP12.3, NLRP12.4, NLRP12.5, NLRP12.6, NLRP12.7, NLRP3.1, NLRP3.2, NLRP3.3, NLRP3.4, NLRP3.5, NLRP3.6, NLRP6.1, NLRP6.2, RELA.1, RELA.2, RELA.3, RELA.4, TAB2.1, TAB2.2, TLR4.1, TLR4.2, TLR4.3, TRAF6.1	49
PRODB_00225	N	N	Y	La_AM102-112_00219	Lactobacillus acidophilus	Elongation factor Tu	Y	272621.LBA0845	2.01E-287	785	COG0050@1|root,COG0050@2|Bacteria,1TPKC@1239|Firmicutes,4HAEH@91061|Bacilli,3F3ZP@33958|Lactobacillaceae	91061|Bacilli	J	This protein promotes the GTP-dependent binding of aminoacyl-tRNA to the A-site of ribosomes during protein biosynthesis	tuf	GO:0001817,GO:0001819,GO:0002791,GO:0002793,GO:0005575,GO:0005618,GO:0005622,GO:0005623,GO:0005737,GO:0005886,GO:0008150,GO:0009274,GO:0009275,GO:0009986,GO:0010339,GO:0016020,GO:0022610,GO:0030312,GO:0032677,GO:0032757,GO:0032879,GO:0032880,GO:0035821,GO:0044003,GO:0044068,GO:0044403,GO:0044406,GO:0044419,GO:0044424,GO:0044426,GO:0044462,GO:0044464,GO:0044650,GO:0044651,GO:0048518,GO:0048522,GO:0050707,GO:0050708,GO:0050714,GO:0050715,GO:0050789,GO:0050794,GO:0051046,GO:0051047,GO:0051049,GO:0051050,GO:0051222,GO:0051223,GO:0051239,GO:0051240,GO:0051701,GO:0051704,GO:0051817,GO:0065007,GO:0070201,GO:0071944,GO:0090087,GO:1903530,GO:1903532,GO:1904951,GO:2000482,GO:2000484	-	ko:K02358,ko:K15771	ko02010,map02010	M00491	-	-	ko00000,ko00001,ko00002,ko02000,ko03012,ko03029,ko04147	3.A.1.1.16,3.A.1.1.2	-	-	GTP_EFTU,GTP_EFTU_D2,GTP_EFTU_D3	NLRC4.3, NLRC4.4, NLRP3.1, NLRP3.3, RELA.1, RELA.4, TLR4.3	7
PRODB_00226	N	N	Y	Ef_119-2_01768	Enterococcus faecalis	hypothetical protein	Y	1201292.DR75_1671	3.52E-32	112	2DJYZ@1|root,307X1@2|Bacteria,1U2CS@1239|Firmicutes,4IBYB@91061|Bacilli,4B4CU@81852|Enterococcaceae	91061|Bacilli	-	-	-	-	-	-	-	-	-	-	-	-	-	-	-	AIM2.1, IKBKB.1, IKBKB.2, IKBKB.3, IKBKB.4, IRAK1.1, IRAK1.2, IRAK1.3, IRAK1.4, IRAK4.1, IRAK4.2, NAIP.1, NAIP.2, NFKB1.2, NFKBIA.1, NLRC4.1, NLRC4.2, NLRC4.3, NLRC4.4, NLRP1.1, NLRP1.2, NLRP1.3, NLRP1.4, NLRP1.5, NLRP12.1, NLRP12.2, NLRP12.3, NLRP12.4, NLRP12.5, NLRP12.6, NLRP12.7, NLRP3.1, NLRP3.2, NLRP3.3, NLRP3.4, NLRP3.5, NLRP3.6, NLRP6.1, NLRP6.2, RELA.1, RELA.2, RELA.3, RELA.4, TAB2.1, TAB2.2, TLR4.1, TLR4.2, TLR4.3, TRAF6.1	49
PRODB_00227	N	N	Y	Ef_AT46a_01713	Enterococcus faecalis	UDP-Glc:alpha-D-GlcNAc-diphosphoundecaprenol beta-1,3-glucosyltransferase WfgD	Y	226185.EF_2176	2.22E-182	507	COG0463@1|root,COG0463@2|Bacteria,1UIZ1@1239|Firmicutes,4ISXU@91061|Bacilli,4B5XM@81852|Enterococcaceae	91061|Bacilli	M	Glycosyltransferase like family 2	-	-	-	-	-	-	-	-	-	-	-	-	Glycos_transf_2	AIM2.1, IKBKB.1, IKBKB.2, IKBKB.3, IKBKB.4, IRAK1.1, IRAK1.2, IRAK1.3, IRAK1.4, IRAK4.1, IRAK4.2, NAIP.1, NAIP.2, NFKB1.2, NFKBIA.1, NLRC4.1, NLRC4.2, NLRC4.3, NLRC4.4, NLRP1.1, NLRP1.2, NLRP1.3, NLRP1.4, NLRP1.5, NLRP12.1, NLRP12.2, NLRP12.3, NLRP12.4, NLRP12.5, NLRP12.6, NLRP12.7, NLRP3.1, NLRP3.2, NLRP3.3, NLRP3.4, NLRP3.5, NLRP3.6, NLRP6.1, NLRP6.2, RELA.1, RELA.2, RELA.3, RELA.4, TAB2.1, TAB2.2, TLR4.1, TLR4.2, TLR4.3, TRAF6.1	49
PRODB_00228	N	N	Y	Ef_SN21-3_00793	Enterococcus faecalis	hypothetical protein	N	-	-	-	-	-	-	-	-	-	-	-	-	-	-	-	-	-	-	-	-	AIM2.1, IKBKB.1, IKBKB.2, IKBKB.3, IKBKB.4, IRAK1.1, IRAK1.2, IRAK1.3, IRAK1.4, IRAK4.1, IRAK4.2, NAIP.1, NAIP.2, NFKB1.2, NFKBIA.1, NLRC4.1, NLRC4.2, NLRC4.3, NLRC4.4, NLRP1.1, NLRP1.2, NLRP1.3, NLRP1.4, NLRP1.5, NLRP12.1, NLRP12.2, NLRP12.3, NLRP12.4, NLRP12.5, NLRP12.6, NLRP12.7, NLRP3.1, NLRP3.2, NLRP3.3, NLRP3.4, NLRP3.5, NLRP3.6, NLRP6.1, NLRP6.2, RELA.1, RELA.2, RELA.3, RELA.4, TAB2.1, TAB2.2, TLR4.1, TLR4.2, TLR4.3, TRAF6.1	49
PRODB_00229	N	Y	Y	Ef_SN21-3_00795	Enterococcus faecalis	hypothetical protein	Y	1235801.C822_00013	1.50E-13	71.6	2EWQJ@1|root,33Q2C@2|Bacteria,1VSX4@1239|Firmicutes,4HUVP@91061|Bacilli,3F978@33958|Lactobacillaceae	91061|Bacilli	S	Lipase (class 3)	-	-	-	-	-	-	-	-	-	-	-	-	Cutinase,Lipase_3	AIM2.1, IKBKB.1, IKBKB.2, IKBKB.3, IKBKB.4, IRAK1.1, IRAK1.2, IRAK1.3, IRAK1.4, IRAK4.1, IRAK4.2, NAIP.1, NAIP.2, NFKB1.2, NFKBIA.1, NLRC4.1, NLRC4.2, NLRC4.3, NLRC4.4, NLRP1.1, NLRP1.2, NLRP1.3, NLRP1.4, NLRP1.5, NLRP12.1, NLRP12.2, NLRP12.3, NLRP12.4, NLRP12.5, NLRP12.6, NLRP12.7, NLRP3.1, NLRP3.2, NLRP3.3, NLRP3.4, NLRP3.5, NLRP3.6, NLRP6.1, NLRP6.2, RELA.1, RELA.2, RELA.3, RELA.4, TAB2.1, TAB2.2, TLR4.1, TLR4.2, TLR4.3, TRAF6.1	49
PRODB_00230	N	Y	Y	Ef_PartL-Efaecalis-RM8376_02650	Enterococcus faecalis	hypothetical protein	Y	663241.C9E2J2_9CAUD	2.07E-64	196	4QBKB@10239|Viruses,4QXKD@35237|dsDNA viruses  no RNA stage,4QPGN@28883|Caudovirales,4QMMK@10699|Siphoviridae	10699|Siphoviridae	-	-	-	-	-	-	-	-	-	-	-	-	-	-	-	AIM2.1, IKBKB.3, IRAK1.1, IRAK1.2, IRAK1.3, IRAK1.4, IRAK4.1, IRAK4.2, NAIP.1, NAIP.2, NFKB1.2, NFKBIA.1, NLRC4.1, NLRC4.2, NLRC4.3, NLRC4.4, NLRP1.1, NLRP1.2, NLRP1.3, NLRP1.4, NLRP1.5, NLRP12.1, NLRP12.2, NLRP12.3, NLRP12.4, NLRP12.5, NLRP12.6, NLRP12.7, NLRP3.1, NLRP3.2, NLRP3.3, NLRP3.4, NLRP3.5, NLRP3.6, NLRP6.1, NLRP6.2, RELA.1, RELA.2, RELA.3, RELA.4, TAB2.1, TAB2.2, TLR4.1, TLR4.2, TLR4.3, TRAF6.1	46
PRODB_00231	N	N	Y	Ef_PartL-Efaecalis-RM8376_02651	Enterococcus faecalis	hypothetical protein	N	-	-	-	-	-	-	-	-	-	-	-	-	-	-	-	-	-	-	-	-	AIM2.1, IKBKB.3, IRAK1.1, IRAK1.2, IRAK1.3, IRAK1.4, IRAK4.1, NAIP.1, NAIP.2, NFKB1.2, NFKBIA.1, NLRC4.2, NLRC4.4, NLRP1.1, NLRP1.2, NLRP1.3, NLRP1.4, NLRP12.2, NLRP12.5, NLRP3.1, NLRP3.2, NLRP3.3, NLRP3.4, NLRP3.5, NLRP3.6, RELA.1, RELA.2, RELA.3, RELA.4, TAB2.1, TAB2.2, TLR4.3, TRAF6.1	33
PRODB_00232	N	Y	Y	Ec_NissleGFP_pZE21_04737	Escherichia coli	Antitoxin RelB	Y	1122212.AULO01000006_gene1620	4.78E-33	115	COG3077@1|root,COG3077@2|Bacteria,1N8G2@1224|Proteobacteria,1SCQI@1236|Gammaproteobacteria,1XQNY@135619|Oceanospirillales	135619|Oceanospirillales	L	RelB antitoxin	-	-	-	-	-	-	-	-	-	-	-	-	RelB	AIM2.1, IKBKB.3, IKBKB.4, IRAK1.1, IRAK1.2, IRAK1.3, IRAK1.4, IRAK4.1, IRAK4.2, NAIP.1, NAIP.2, NFKB1.2, NFKBIA.1, NLRC4.1, NLRC4.2, NLRC4.3, NLRC4.4, NLRP1.1, NLRP1.2, NLRP1.3, NLRP1.4, NLRP1.5, NLRP12.1, NLRP12.2, NLRP12.3, NLRP12.4, NLRP12.5, NLRP12.6, NLRP12.7, NLRP3.1, NLRP3.2, NLRP3.3, NLRP3.4, NLRP3.5, NLRP3.6, NLRP6.1, NLRP6.2, RELA.1, RELA.2, RELA.3, RELA.4, TAB2.1, TAB2.2, TLR4.1, TLR4.2, TLR4.3, TRAF6.1	47
PRODB_00233	N	Y	Y	Ec_NissleGFP_pZE21_04735	Escherichia coli	DNA relaxase MbeA	Y	1225785.CM001983_gene3570	2.35E-176	511	2AQWX@1|root,31G5F@2|Bacteria,1N36S@1224|Proteobacteria,1S9CB@1236|Gammaproteobacteria	1236|Gammaproteobacteria	S	Relaxase/Mobilisation nuclease domain	-	-	-	-	-	-	-	-	-	-	-	-	Relaxase	NFKB1.2, NLRP3.1, NLRP3.5, TAB2.1, TAB2.2	5
PRODB_00234	N	N	Y	Ec_NissleGFP_pZE21_04736	Escherichia coli	mRNA interferase toxin RelE	Y	1443113.LC20_03092	8.67E-40	134	COG2026@1|root,COG2026@2|Bacteria,1MZ76@1224|Proteobacteria,1S8RR@1236|Gammaproteobacteria,41HG1@629|Yersinia	1236|Gammaproteobacteria	DJ	ParE-like toxin of type II bacterial toxin-antitoxin system	relE	-	-	ko:K06218	-	-	-	-	ko00000,ko02048	-	-	-	ParE_toxin	AIM2.1, IRAK1.1, IRAK1.2, IRAK1.3, IRAK1.4, IRAK4.1, IRAK4.2, NAIP.1, NAIP.2, NFKB1.2, NFKBIA.1, NLRC4.1, NLRC4.2, NLRC4.3, NLRC4.4, NLRP1.1, NLRP1.2, NLRP1.3, NLRP1.4, NLRP1.5, NLRP12.1, NLRP12.2, NLRP12.3, NLRP12.4, NLRP12.5, NLRP12.6, NLRP12.7, NLRP3.1, NLRP3.2, NLRP3.3, NLRP3.4, NLRP3.5, NLRP3.6, NLRP6.1, NLRP6.2, RELA.1, RELA.2, RELA.3, RELA.4, TAB2.1, TAB2.2, TLR4.1, TLR4.2, TLR4.3, TRAF6.1	45
PRODB_00235	N	N	Y	Ec_NissleGFP_pZE21_04734	Escherichia coli	Mobilization protein MbeC	Y	1225785.CM001983_gene3571	1.08E-44	147	2ANUK@1|root,31DV0@2|Bacteria,1QB5E@1224|Proteobacteria,1T6P7@1236|Gammaproteobacteria,2JF6Z@204037|Dickeya	1236|Gammaproteobacteria	S	Bacterial mobilisation protein (MobC)	-	-	-	-	-	-	-	-	-	-	-	-	MobC	AIM2.1, IKBKB.1, IKBKB.2, IKBKB.3, IKBKB.4, IRAK1.1, IRAK1.2, IRAK1.3, IRAK1.4, IRAK4.1, IRAK4.2, NAIP.1, NAIP.2, NFKB1.2, NFKBIA.1, NLRC4.1, NLRC4.2, NLRC4.3, NLRC4.4, NLRP1.1, NLRP1.2, NLRP1.3, NLRP1.4, NLRP1.5, NLRP12.1, NLRP12.2, NLRP12.3, NLRP12.4, NLRP12.5, NLRP12.6, NLRP12.7, NLRP3.1, NLRP3.2, NLRP3.3, NLRP3.4, NLRP3.5, NLRP3.6, NLRP6.1, NLRP6.2, RELA.1, RELA.2, RELA.3, RELA.4, TAB2.1, TAB2.2, TLR4.1, TLR4.2, TLR4.3, TRAF6.1	49
PRODB_00236	N	N	Y	Ec_NissleGFP_pZE21_04733	Escherichia coli	hypothetical protein	Y	1227352.C173_32251	5.49E-09	65.5	2DKMA@1|root,309WX@2|Bacteria,1UPTU@1239|Firmicutes	1239|Firmicutes	S	Domain of unknown function (DUF4868)	-	-	-	-	-	-	-	-	-	-	-	-	DUF4868	AIM2.1, IKBKB.3, IRAK1.1, IRAK1.2, IRAK1.3, IRAK1.4, IRAK4.1, IRAK4.2, NAIP.1, NAIP.2, NFKB1.2, NFKBIA.1, NLRC4.1, NLRC4.2, NLRC4.3, NLRC4.4, NLRP1.1, NLRP1.2, NLRP1.3, NLRP1.4, NLRP1.5, NLRP12.1, NLRP12.2, NLRP12.3, NLRP12.4, NLRP12.5, NLRP12.6, NLRP12.7, NLRP3.1, NLRP3.2, NLRP3.3, NLRP3.4, NLRP3.5, NLRP3.6, NLRP6.1, NLRP6.2, RELA.1, RELA.2, RELA.3, RELA.4, TAB2.1, TAB2.2, TLR4.1, TLR4.2, TLR4.3, TRAF6.1	46
PRODB_00237	N	N	Y	Ec_Nissle_1917_02010	Escherichia coli	hypothetical protein	Y	520999.PROVALCAL_02024	6.79E-29	113	2EDIP@1|root,337EK@2|Bacteria,1N9FX@1224|Proteobacteria,1SHUR@1236|Gammaproteobacteria	1236|Gammaproteobacteria	-	-	-	-	-	-	-	-	-	-	-	-	-	-	-	AIM2.1, IKBKB.1, IKBKB.2, IKBKB.3, IKBKB.4, IRAK1.1, IRAK1.2, IRAK1.3, IRAK1.4, IRAK4.1, IRAK4.2, NAIP.1, NAIP.2, NFKB1.2, NFKBIA.1, NLRC4.1, NLRC4.2, NLRC4.3, NLRC4.4, NLRP1.1, NLRP1.2, NLRP1.3, NLRP1.4, NLRP1.5, NLRP12.1, NLRP12.2, NLRP12.3, NLRP12.4, NLRP12.5, NLRP12.6, NLRP12.7, NLRP3.1, NLRP3.2, NLRP3.3, NLRP3.4, NLRP3.5, NLRP3.6, NLRP6.1, NLRP6.2, RELA.1, RELA.2, RELA.3, RELA.4, TAB2.1, TAB2.2, TLR4.1, TLR4.2, TLR4.3, TRAF6.1	49
PRODB_00238	N	N	Y	Ec_Nissle_1917_02009	Escherichia coli	hypothetical protein	N	-	-	-	-	-	-	-	-	-	-	-	-	-	-	-	-	-	-	-	-	AIM2.1, IKBKB.1, IKBKB.2, IKBKB.3, IKBKB.4, IRAK1.1, IRAK1.2, IRAK1.3, IRAK1.4, IRAK4.1, IRAK4.2, NAIP.1, NAIP.2, NFKB1.2, NFKBIA.1, NLRC4.1, NLRC4.2, NLRC4.3, NLRC4.4, NLRP1.1, NLRP1.2, NLRP1.3, NLRP1.4, NLRP1.5, NLRP12.1, NLRP12.2, NLRP12.3, NLRP12.4, NLRP12.5, NLRP12.6, NLRP12.7, NLRP3.1, NLRP3.2, NLRP3.3, NLRP3.4, NLRP3.5, NLRP3.6, NLRP6.1, NLRP6.2, RELA.1, RELA.2, RELA.3, RELA.4, TAB2.1, TAB2.2, TLR4.1, TLR4.2, TLR4.3, TRAF6.1	49
PRODB_00239	N	N	Y	Ec_ESM1.4_00432	Escherichia coli	hypothetical protein	Y	10713.M9NZE9_BPPH8	3.76E-160	450	4QBM5@10239|Viruses,4QVB3@35237|dsDNA viruses  no RNA stage,4QU56@28883|Caudovirales,4QM63@10699|Siphoviridae	10699|Siphoviridae	-	-	-	-	-	-	-	-	-	-	-	-	-	-	-	AIM2.1, IKBKB.3, IRAK1.1, IRAK1.2, IRAK1.3, IRAK1.4, IRAK4.1, IRAK4.2, NAIP.1, NAIP.2, NFKB1.2, NFKBIA.1, NLRC4.1, NLRC4.2, NLRC4.3, NLRC4.4, NLRP1.1, NLRP1.2, NLRP1.3, NLRP1.4, NLRP1.5, NLRP12.2, NLRP12.5, NLRP3.1, NLRP3.2, NLRP3.3, NLRP3.4, NLRP3.5, NLRP3.6, RELA.1, RELA.2, RELA.3, RELA.4, TAB2.1, TAB2.2, TLR4.1, TLR4.2, TLR4.3, TRAF6.1	39
PRODB_00240	N	N	Y	Ec_SSGNw1_00425	Escherichia coli	hypothetical protein	Y	701347.Entcl_1869	2.39E-35	122	2E4T0@1|root,32ZMD@2|Bacteria,1N8Z6@1224|Proteobacteria,1SDG9@1236|Gammaproteobacteria	1236|Gammaproteobacteria	S	ATP-binding sugar transporter from pro-phage	-	-	-	-	-	-	-	-	-	-	-	-	Gifsy-2	AIM2.1, IKBKB.1, IKBKB.2, IKBKB.3, IKBKB.4, IRAK1.1, IRAK1.2, IRAK1.3, IRAK1.4, IRAK4.1, IRAK4.2, NAIP.1, NAIP.2, NFKB1.2, NFKBIA.1, NLRC4.1, NLRC4.2, NLRC4.3, NLRC4.4, NLRP1.1, NLRP1.2, NLRP1.3, NLRP1.4, NLRP1.5, NLRP12.1, NLRP12.2, NLRP12.3, NLRP12.4, NLRP12.5, NLRP12.6, NLRP12.7, NLRP3.1, NLRP3.2, NLRP3.3, NLRP3.4, NLRP3.5, NLRP3.6, NLRP6.1, NLRP6.2, RELA.1, RELA.2, RELA.3, RELA.4, TAB2.1, TAB2.2, TLR4.1, TLR4.2, TLR4.3, TRAF6.1	49
PRODB_00241	N	N	Y	Ec_SSGNw1_00423	Escherichia coli	hypothetical protein	Y	1147149.K7PME6_9CAUD	7.61E-93	271	4QC9K@10239|Viruses,4QWAM@35237|dsDNA viruses  no RNA stage,4QPVX@28883|Caudovirales	28883|Caudovirales	S	Phage minor tail protein U	-	GO:0005575,GO:0018995,GO:0019012,GO:0030430,GO:0033643,GO:0033646,GO:0043656,GO:0043657,GO:0044215,GO:0044216,GO:0044217,GO:0044423,GO:0098015	-	-	-	-	-	-	-	-	-	-	-	AIM2.1, IRAK1.1, IRAK1.2, IRAK1.3, IRAK1.4, IRAK4.1, NAIP.1, NAIP.2, NFKB1.2, NFKBIA.1, NLRC4.3, NLRC4.4, NLRP1.1, NLRP1.2, NLRP1.3, NLRP1.4, NLRP1.5, NLRP12.5, NLRP3.1, NLRP3.2, NLRP3.3, NLRP3.4, NLRP3.5, NLRP3.6, RELA.1, RELA.2, RELA.3, RELA.4, TAB2.1, TAB2.2, TLR4.3, TRAF6.1	32
PRODB_00242	N	N	Y	Ef_PartL-Efaecalis-RM8376_02647	Enterococcus faecalis	hypothetical protein	Y	663241.C9E2J5_9CAUD	1.11E-236	651	4QB9S@10239|Viruses,4QUXK@35237|dsDNA viruses  no RNA stage,4QPW1@28883|Caudovirales,4QM6J@10699|Siphoviridae	10699|Siphoviridae	S	Phage major capsid protein E	-	GO:0005575,GO:0019012,GO:0019028,GO:0019030,GO:0039620,GO:0044423	-	-	-	-	-	-	-	-	-	-	-	AIM2.1, IKBKB.3, IKBKB.4, IRAK1.1, IRAK1.2, IRAK1.3, IRAK1.4, IRAK4.1, IRAK4.2, NAIP.1, NAIP.2, NFKB1.2, NFKBIA.1, NLRC4.1, NLRC4.2, NLRC4.3, NLRC4.4, NLRP1.1, NLRP1.2, NLRP1.3, NLRP1.4, NLRP1.5, NLRP12.1, NLRP12.2, NLRP12.3, NLRP12.4, NLRP12.5, NLRP12.6, NLRP12.7, NLRP3.1, NLRP3.2, NLRP3.3, NLRP3.4, NLRP3.5, NLRP3.6, NLRP6.1, NLRP6.2, RELA.1, RELA.2, RELA.3, RELA.4, TAB2.1, TAB2.2, TLR4.1, TLR4.2, TLR4.3, TRAF6.1	47
PRODB_00243	N	N	Y	Ef_SN21-3_01903	Enterococcus faecalis	hypothetical protein	Y	663241.C9E2Q0_9CAUD	4.92E-213	589	4QGH4@10239|Viruses,4QZ6H@35237|dsDNA viruses  no RNA stage,4QRDX@28883|Caudovirales,4QMIQ@10699|Siphoviridae	10699|Siphoviridae	-	-	-	-	-	-	-	-	-	-	-	-	-	-	-	NFKB1.2, NLRP3.1	2
PRODB_00244	N	N	Y	Ef_SN21-3_01902	Enterococcus faecalis	hypothetical protein	Y	673832.D2IYW0_9CAUD	1.40E-97	293	4QEER@10239|Viruses,4QV4C@35237|dsDNA viruses  no RNA stage,4QQRQ@28883|Caudovirales,4QMB8@10699|Siphoviridae	10699|Siphoviridae	S	DNA packaging	-	-	-	-	-	-	-	-	-	-	-	-	-	AIM2.1, IKBKB.1, IKBKB.2, IKBKB.3, IKBKB.4, IRAK1.1, IRAK1.2, IRAK1.3, IRAK1.4, IRAK4.1, IRAK4.2, NAIP.1, NAIP.2, NFKB1.2, NFKBIA.1, NLRC4.1, NLRC4.2, NLRC4.3, NLRC4.4, NLRP1.1, NLRP1.2, NLRP1.3, NLRP1.4, NLRP1.5, NLRP12.1, NLRP12.2, NLRP12.3, NLRP12.4, NLRP12.5, NLRP12.6, NLRP12.7, NLRP3.1, NLRP3.2, NLRP3.3, NLRP3.4, NLRP3.5, NLRP3.6, NLRP6.1, NLRP6.2, RELA.1, RELA.2, RELA.3, RELA.4, TAB2.1, TAB2.2, TLR4.1, TLR4.2, TLR4.3, TRAF6.1	49
PRODB_00245	N	N	Y	Ef_SN21-3_01901	Enterococcus faecalis	hypothetical protein	Y	663241.C9E2I7_9CAUD	0.00E+00	966	4QFE9@10239|Viruses,4QYP9@35237|dsDNA viruses  no RNA stage,4QQZT@28883|Caudovirales,4QMZ7@10699|Siphoviridae	10699|Siphoviridae	-	-	-	-	-	-	-	-	-	-	-	-	-	-	-	AIM2.1, IKBKB.3, IRAK1.1, IRAK1.2, IRAK1.3, IRAK1.4, IRAK4.1, NAIP.1, NAIP.2, NFKB1.2, NLRC4.1, NLRC4.3, NLRC4.4, NLRP1.1, NLRP1.2, NLRP1.3, NLRP1.4, NLRP12.1, NLRP12.2, NLRP12.3, NLRP12.4, NLRP12.5, NLRP12.6, NLRP12.7, NLRP3.1, NLRP3.2, NLRP3.3, NLRP3.4, NLRP3.5, NLRP3.6, RELA.1, RELA.2, RELA.3, RELA.4, TAB2.1, TAB2.2, TLR4.3, TRAF6.1	38
PRODB_00246	N	N	Y	Ec_ECNIH2_00474	Escherichia coli	hypothetical protein	Y	716541.ECL_01687	2.01E-39	131	2DPME@1|root,332NF@2|Bacteria,1NA5E@1224|Proteobacteria	1224|Proteobacteria	-	-	-	-	-	-	-	-	-	-	-	-	-	-	-	AIM2.1, IKBKB.1, IKBKB.2, IKBKB.3, IKBKB.4, IRAK1.1, IRAK1.2, IRAK1.3, IRAK1.4, IRAK4.1, IRAK4.2, NAIP.1, NAIP.2, NFKB1.2, NFKBIA.1, NLRC4.1, NLRC4.2, NLRC4.3, NLRC4.4, NLRP1.1, NLRP1.2, NLRP1.3, NLRP1.4, NLRP1.5, NLRP12.1, NLRP12.2, NLRP12.3, NLRP12.4, NLRP12.5, NLRP12.6, NLRP12.7, NLRP3.1, NLRP3.2, NLRP3.3, NLRP3.4, NLRP3.5, NLRP3.6, NLRP6.1, NLRP6.2, RELA.1, RELA.2, RELA.3, RELA.4, TAB2.1, TAB2.2, TLR4.1, TLR4.2, TLR4.3, TRAF6.1	49
PRODB_00247	N	N	Y	Ec_CZ862_02901	Escherichia coli	hypothetical protein	Y	1147149.K7PL02_9CAUD	3.56E-68	206	4QDB6@10239|Viruses,4QV5S@35237|dsDNA viruses  no RNA stage,4QSEG@28883|Caudovirales	28883|Caudovirales	S	Uncharacterized conserved protein (DUF2190)	-	-	-	-	-	-	-	-	-	-	-	-	-	AIM2.1, IRAK1.1, IRAK1.2, IRAK1.3, IRAK1.4, IRAK4.1, NFKB1.2, NLRC4.3, NLRC4.4, NLRP1.4, NLRP12.5, NLRP3.1, NLRP3.2, NLRP3.3, NLRP3.4, NLRP3.5, NLRP3.6, RELA.1, RELA.2, RELA.4, TAB2.1, TAB2.2, TRAF6.1	23
PRODB_00248	N	N	Y	Kp_DMC1097_03026	Klebsiella pneumoniae	hypothetical protein	Y	61647.LG71_19525	3.93E-110	319	295PD@1|root,2ZT0R@2|Bacteria,1R6UI@1224|Proteobacteria,1S10J@1236|Gammaproteobacteria	1236|Gammaproteobacteria	S	tail protein	-	-	-	-	-	-	-	-	-	-	-	-	Minor_tail_Z	AIM2.1, IRAK1.1, IRAK1.2, IRAK1.3, IRAK1.4, IRAK4.1, NAIP.1, NAIP.2, NFKB1.2, NFKBIA.1, NLRC4.1, NLRC4.2, NLRC4.3, NLRC4.4, NLRP1.1, NLRP1.2, NLRP1.3, NLRP1.4, NLRP12.1, NLRP12.2, NLRP12.5, NLRP12.6, NLRP12.7, NLRP3.1, NLRP3.2, NLRP3.3, NLRP3.4, NLRP3.5, NLRP3.6, RELA.1, RELA.2, RELA.3, RELA.4, TAB2.1, TAB2.2, TLR4.3, TRAF6.1	37
PRODB_00249	N	N	Y	Ef_K190-1_02023	Enterococcus faecalis	hypothetical protein	Y	663241.C9E2N2_9CAUD	1.22E-188	528	4QAX8@10239|Viruses,4QVB1@35237|dsDNA viruses  no RNA stage,4QPHH@28883|Caudovirales,4QKTJ@10699|Siphoviridae	10699|Siphoviridae	S	calcium ion binding	-	-	-	-	-	-	-	-	-	-	-	-	-	IRAK1.1, IRAK1.2, IRAK1.4, NFKB1.2, NLRC4.4, NLRP3.1, NLRP3.2, NLRP3.4, NLRP3.5, NLRP3.6, RELA.2, RELA.4, TAB2.1, TAB2.2	14
PRODB_00250	N	N	Y	Ef_SN21-3_01900	Enterococcus faecalis	hypothetical protein	Y	565664.EFXG_01159	2.31E-226	642	2DB9U@1|root,2Z7Z6@2|Bacteria,1TR67@1239|Firmicutes,4HCTZ@91061|Bacilli,4B260@81852|Enterococcaceae	91061|Bacilli	S	Phage portal protein, SPP1 Gp6-like	-	-	-	-	-	-	-	-	-	-	-	-	Phage_prot_Gp6	AIM2.1, IRAK1.1, IRAK1.2, IRAK1.3, IRAK1.4, NAIP.1, NAIP.2, NFKB1.2, NLRC4.3, NLRC4.4, NLRP1.1, NLRP1.2, NLRP1.4, NLRP12.4, NLRP12.6, NLRP3.1, NLRP3.2, NLRP3.3, NLRP3.4, NLRP3.5, NLRP3.6, RELA.1, RELA.3, RELA.4, TAB2.1, TAB2.2	26
PRODB_00251	N	N	Y	Ef_EfsC13_00510	Enterococcus faecalis	hypothetical protein	Y	565664.EFXG_01165	1.66E-52	175	2DNT1@1|root,32YZX@2|Bacteria,1VEET@1239|Firmicutes,4HQ00@91061|Bacilli	91061|Bacilli	S	Domain of unknown function (DUF4355)	-	-	-	-	-	-	-	-	-	-	-	-	DUF4355	NFKB1.2, NLRC4.4, NLRP3.1, TAB2.1, TAB2.2	5
PRODB_00252	N	N	Y	Ef_PartL-Efaecalis-RM8376_02646	Enterococcus faecalis	hypothetical protein	Y	1486428.A0A097BY55_9CAUD	4.82E-42	140	4QBCW@10239|Viruses,4QUN6@35237|dsDNA viruses  no RNA stage,4QPS7@28883|Caudovirales,4QKNA@10699|Siphoviridae	10699|Siphoviridae	S	Phage gp6-like head-tail connector protein	-	-	-	-	-	-	-	-	-	-	-	-	-	AIM2.1, IKBKB.1, IKBKB.2, IKBKB.3, IKBKB.4, IRAK1.1, IRAK1.2, IRAK1.3, IRAK1.4, IRAK4.1, IRAK4.2, NAIP.1, NAIP.2, NFKB1.2, NFKBIA.1, NLRC4.1, NLRC4.2, NLRC4.3, NLRC4.4, NLRP1.1, NLRP1.2, NLRP1.3, NLRP1.4, NLRP1.5, NLRP12.1, NLRP12.2, NLRP12.3, NLRP12.4, NLRP12.5, NLRP12.6, NLRP12.7, NLRP3.1, NLRP3.2, NLRP3.3, NLRP3.4, NLRP3.5, NLRP3.6, NLRP6.1, NLRP6.2, RELA.1, RELA.2, RELA.3, RELA.4, TAB2.1, TAB2.2, TLR4.1, TLR4.2, TLR4.3, TRAF6.1	49
PRODB_00253	N	N	Y	Ef_PartL-Efaecalis-RM8376_02648	Enterococcus faecalis	hypothetical protein	Y	663241.C9E2J4_9CAUD	2.01E-74	223	4QER8@10239|Viruses,4QZRY@35237|dsDNA viruses  no RNA stage,4QQFG@28883|Caudovirales,4QN5Q@10699|Siphoviridae	10699|Siphoviridae	-	-	-	-	-	-	-	-	-	-	-	-	-	-	-	AIM2.1, IKBKB.1, IKBKB.2, IKBKB.3, IKBKB.4, IRAK1.1, IRAK1.2, IRAK1.3, IRAK1.4, IRAK4.1, IRAK4.2, NAIP.1, NAIP.2, NFKB1.2, NFKBIA.1, NLRC4.1, NLRC4.2, NLRC4.3, NLRC4.4, NLRP1.1, NLRP1.2, NLRP1.3, NLRP1.4, NLRP1.5, NLRP12.1, NLRP12.2, NLRP12.3, NLRP12.4, NLRP12.5, NLRP12.6, NLRP12.7, NLRP3.1, NLRP3.2, NLRP3.3, NLRP3.4, NLRP3.5, NLRP3.6, NLRP6.1, NLRP6.2, RELA.1, RELA.2, RELA.3, RELA.4, TAB2.1, TAB2.2, TLR4.1, TLR4.2, TLR4.3, TRAF6.1	49
PRODB_00254	N	N	Y	Ef_R5_02144	Enterococcus faecalis	hypothetical protein	N	-	-	-	-	-	-	-	-	-	-	-	-	-	-	-	-	-	-	-	-	AIM2.1, IKBKB.1, IKBKB.2, IKBKB.3, IKBKB.4, IRAK1.1, IRAK1.2, IRAK1.3, IRAK1.4, IRAK4.1, IRAK4.2, NAIP.1, NAIP.2, NFKB1.2, NFKBIA.1, NLRC4.1, NLRC4.2, NLRC4.3, NLRC4.4, NLRP1.1, NLRP1.2, NLRP1.3, NLRP1.4, NLRP1.5, NLRP12.1, NLRP12.2, NLRP12.3, NLRP12.4, NLRP12.5, NLRP12.6, NLRP12.7, NLRP3.1, NLRP3.2, NLRP3.3, NLRP3.4, NLRP3.5, NLRP3.6, NLRP6.1, NLRP6.2, RELA.1, RELA.2, RELA.3, RELA.4, TAB2.1, TAB2.2, TLR4.1, TLR4.2, TLR4.3, TRAF6.1	49
PRODB_00255	N	N	Y	Kp_21080237_05598	Klebsiella pneumoniae	hypothetical protein	Y	469595.CSAG_00954	0.00E+00	1303	COG5525@1|root,COG5525@2|Bacteria,1MVS3@1224|Proteobacteria,1RRH5@1236|Gammaproteobacteria,3WYY1@544|Citrobacter	1236|Gammaproteobacteria	S	Phage terminase large subunit (GpA)	-	-	-	-	-	-	-	-	-	-	-	-	Terminase_GpA	AIM2.1, IRAK1.2, NFKB1.2, NLRP3.1, NLRP3.3, NLRP3.5, TAB2.1, TAB2.2	8
PRODB_00256	N	N	Y	Ec_ECNIH2_00472	Escherichia coli	hypothetical protein	Y	716541.ECL_01685	1.50E-98	288	28MTZ@1|root,2ZB20@2|Bacteria,1R7DT@1224|Proteobacteria,1S1TV@1236|Gammaproteobacteria	1236|Gammaproteobacteria	S	Protein of unknown function (DUF1441)	-	-	-	-	-	-	-	-	-	-	-	-	DUF1441	AIM2.1, IKBKB.1, IKBKB.2, IKBKB.3, IKBKB.4, IRAK1.1, IRAK1.2, IRAK1.3, IRAK1.4, IRAK4.1, IRAK4.2, NAIP.1, NAIP.2, NFKB1.2, NFKBIA.1, NLRC4.1, NLRC4.2, NLRC4.3, NLRC4.4, NLRP1.1, NLRP1.2, NLRP1.3, NLRP1.4, NLRP1.5, NLRP12.1, NLRP12.2, NLRP12.3, NLRP12.4, NLRP12.5, NLRP12.6, NLRP12.7, NLRP3.1, NLRP3.2, NLRP3.3, NLRP3.4, NLRP3.5, NLRP3.6, NLRP6.1, NLRP6.2, RELA.1, RELA.2, RELA.3, RELA.4, TAB2.1, TAB2.2, TLR4.1, TLR4.2, TLR4.3, TRAF6.1	49
PRODB_00257	N	N	Y	Kp_CRKP_45_03343	Klebsiella pneumoniae	hypothetical protein	Y	701347.Entcl_1867	0.00E+00	1154	COG0740@1|root,COG0740@2|Bacteria,1MUQ9@1224|Proteobacteria,1RRQA@1236|Gammaproteobacteria	1236|Gammaproteobacteria	OU	Belongs to the peptidase S14 family	clpP_2	-	-	-	-	-	-	-	-	-	-	-	CLP_protease,Mu-like_gpT	IRAK4.1, NFKB1.2, NLRC4.4, NLRP3.1, NLRP3.2, NLRP3.3, NLRP3.4, NLRP3.5, NLRP3.6, TAB2.1, TAB2.2	11
PRODB_00258	N	N	Y	Ef_SN21-3_00794	Enterococcus faecalis	hypothetical protein	Y	1201292.DR75_19	2.86E-10	60.1	2DEZK@1|root,2ZPWB@2|Bacteria,1W5XT@1239|Firmicutes,4I18F@91061|Bacilli,4B58P@81852|Enterococcaceae	91061|Bacilli	-	-	-	-	-	-	-	-	-	-	-	-	-	-	-	AIM2.1, IKBKB.1, IKBKB.2, IKBKB.3, IKBKB.4, IRAK1.1, IRAK1.2, IRAK1.3, IRAK1.4, IRAK4.1, IRAK4.2, NAIP.1, NAIP.2, NFKB1.2, NFKBIA.1, NLRC4.1, NLRC4.2, NLRC4.3, NLRC4.4, NLRP1.1, NLRP1.2, NLRP1.3, NLRP1.4, NLRP1.5, NLRP12.1, NLRP12.2, NLRP12.3, NLRP12.4, NLRP12.5, NLRP12.6, NLRP12.7, NLRP3.1, NLRP3.2, NLRP3.3, NLRP3.4, NLRP3.5, NLRP3.6, NLRP6.1, NLRP6.2, RELA.1, RELA.2, RELA.3, RELA.4, TAB2.1, TAB2.2, TLR4.1, TLR4.2, TLR4.3, TRAF6.1	49
PRODB_00259	N	N	Y	Ec_SSGNw1_04728	Escherichia coli	hypothetical protein	N	-	-	-	-	-	-	-	-	-	-	-	-	-	-	-	-	-	-	-	-	AIM2.1, IKBKB.1, IKBKB.2, IKBKB.3, IKBKB.4, IRAK1.1, IRAK1.2, IRAK1.3, IRAK1.4, IRAK4.1, IRAK4.2, NAIP.1, NAIP.2, NFKB1.2, NFKBIA.1, NLRC4.1, NLRC4.2, NLRC4.3, NLRC4.4, NLRP1.1, NLRP1.2, NLRP1.3, NLRP1.4, NLRP1.5, NLRP12.1, NLRP12.2, NLRP12.3, NLRP12.4, NLRP12.5, NLRP12.6, NLRP12.7, NLRP3.1, NLRP3.2, NLRP3.3, NLRP3.4, NLRP3.5, NLRP3.6, NLRP6.1, NLRP6.2, RELA.1, RELA.2, RELA.3, RELA.4, TAB2.1, TAB2.2, TLR4.1, TLR4.2, TLR4.3, TRAF6.1	49
PRODB_00260	N	N	Y	Ec_Nissle_1917_04993	Escherichia coli	hypothetical protein	Y	1217705.F900_00721	1.00E-34	124	2ECHK@1|root,336FU@2|Bacteria,1NECE@1224|Proteobacteria,1TFYW@1236|Gammaproteobacteria,3NQFW@468|Moraxellaceae	1236|Gammaproteobacteria	-	-	-	-	-	-	-	-	-	-	-	-	-	-	-	AIM2.1, IKBKB.1, IKBKB.2, IKBKB.3, IKBKB.4, IRAK1.1, IRAK1.2, IRAK1.3, IRAK1.4, IRAK4.1, IRAK4.2, NAIP.1, NAIP.2, NFKB1.2, NFKBIA.1, NLRC4.1, NLRC4.2, NLRC4.3, NLRC4.4, NLRP1.1, NLRP1.2, NLRP1.3, NLRP1.4, NLRP1.5, NLRP12.1, NLRP12.2, NLRP12.3, NLRP12.4, NLRP12.5, NLRP12.6, NLRP12.7, NLRP3.1, NLRP3.2, NLRP3.3, NLRP3.4, NLRP3.5, NLRP3.6, NLRP6.1, NLRP6.2, RELA.1, RELA.2, RELA.3, RELA.4, TAB2.1, TAB2.2, TLR4.1, TLR4.2, TLR4.3, TRAF6.1	49
PRODB_00261	N	N	Y	Ec_SSGNw1_04727	Escherichia coli	hypothetical protein	Y	666681.M301_2196	2.79E-10	62.4	COG1522@1|root,COG1522@2|Bacteria,1QZIT@1224|Proteobacteria,2WHNX@28216|Betaproteobacteria	28216|Betaproteobacteria	K	Helix-turn-helix domain	-	-	-	-	-	-	-	-	-	-	-	-	-	AIM2.1, IKBKB.2, IKBKB.3, IKBKB.4, IRAK1.1, IRAK1.2, IRAK1.3, IRAK1.4, IRAK4.1, IRAK4.2, NAIP.1, NAIP.2, NFKB1.2, NFKBIA.1, NLRC4.1, NLRC4.2, NLRC4.3, NLRC4.4, NLRP1.1, NLRP1.2, NLRP1.3, NLRP1.4, NLRP1.5, NLRP12.1, NLRP12.2, NLRP12.3, NLRP12.4, NLRP12.5, NLRP12.6, NLRP12.7, NLRP3.1, NLRP3.2, NLRP3.3, NLRP3.4, NLRP3.5, NLRP3.6, NLRP6.1, NLRP6.2, RELA.1, RELA.2, RELA.3, RELA.4, TAB2.1, TAB2.2, TLR4.1, TLR4.2, TLR4.3, TRAF6.1	48
PRODB_00262	N	N	Y	Ef_SN21-3_01933	Enterococcus faecalis	hypothetical protein	Y	1692.BMAGN_0801	6.70E-04	47.4	2B0Y6@1|root,31TB7@2|Bacteria	2|Bacteria	-	-	tcdC	-	-	-	-	-	-	-	-	-	-	-	-	AIM2.1, IKBKB.3, IKBKB.4, IRAK1.1, IRAK1.2, IRAK1.3, IRAK1.4, IRAK4.1, IRAK4.2, NAIP.1, NAIP.2, NFKB1.2, NFKBIA.1, NLRC4.1, NLRC4.2, NLRC4.3, NLRC4.4, NLRP1.1, NLRP1.2, NLRP1.3, NLRP1.4, NLRP1.5, NLRP12.1, NLRP12.2, NLRP12.3, NLRP12.4, NLRP12.5, NLRP12.6, NLRP12.7, NLRP3.1, NLRP3.2, NLRP3.3, NLRP3.4, NLRP3.5, NLRP3.6, NLRP6.1, NLRP6.2, RELA.1, RELA.2, RELA.3, RELA.4, TAB2.1, TAB2.2, TLR4.1, TLR4.2, TLR4.3, TRAF6.1	47
PRODB_00263	N	N	Y	Ef_BE5_01925	Enterococcus faecalis	hypothetical protein	Y	663241.C9E2N7_9CAUD	5.97E-96	279	4QAXV@10239|Viruses,4QV7S@35237|dsDNA viruses  no RNA stage,4QPCP@28883|Caudovirales,4QKP2@10699|Siphoviridae	10699|Siphoviridae	S	YopX protein	-	-	-	-	-	-	-	-	-	-	-	-	-	AIM2.1, IKBKB.3, IRAK1.1, IRAK1.2, IRAK1.3, IRAK1.4, IRAK4.1, NAIP.1, NAIP.2, NFKB1.2, NFKBIA.1, NLRC4.2, NLRC4.3, NLRC4.4, NLRP1.1, NLRP1.2, NLRP1.3, NLRP1.4, NLRP1.5, NLRP12.1, NLRP12.2, NLRP12.5, NLRP12.6, NLRP12.7, NLRP3.1, NLRP3.2, NLRP3.3, NLRP3.4, NLRP3.5, NLRP3.6, NLRP6.1, RELA.1, RELA.2, RELA.3, RELA.4, TAB2.1, TAB2.2, TLR4.3, TRAF6.1	39
PRODB_00264	N	N	Y	Ec_3090_04956	Escherichia coli	hypothetical protein	Y	1219375.CM002140_gene4213	6.81E-13	67.4	2E8NX@1|root,33304@2|Bacteria,1NEFP@1224|Proteobacteria,1SQTB@1236|Gammaproteobacteria	1236|Gammaproteobacteria	-	-	-	-	-	-	-	-	-	-	-	-	-	-	RHH_1	AIM2.1, IKBKB.1, IKBKB.2, IKBKB.3, IKBKB.4, IRAK1.1, IRAK1.2, IRAK1.3, IRAK1.4, IRAK4.1, IRAK4.2, NAIP.1, NAIP.2, NFKB1.2, NFKBIA.1, NLRC4.1, NLRC4.2, NLRC4.3, NLRC4.4, NLRP1.1, NLRP1.2, NLRP1.3, NLRP1.4, NLRP1.5, NLRP12.1, NLRP12.2, NLRP12.3, NLRP12.4, NLRP12.5, NLRP12.6, NLRP12.7, NLRP3.1, NLRP3.2, NLRP3.3, NLRP3.4, NLRP3.5, NLRP3.6, NLRP6.1, NLRP6.2, RELA.1, RELA.2, RELA.3, RELA.4, TAB2.1, TAB2.2, TLR4.1, TLR4.2, TLR4.3, TRAF6.1	49
PRODB_00265	N	N	Y	Lc_EPSC_00600	Lactobacillus crispatus	IS3 family transposase ISLla3	Y	1117379.BABA_24807	1.07E-201	557	COG2801@1|root,COG2801@2|Bacteria,1TQQY@1239|Firmicutes,4HBHG@91061|Bacilli,1ZQDY@1386|Bacillus	91061|Bacilli	L	HTH-like domain	-	-	-	ko:K07497	-	-	-	-	ko00000	-	-	-	HTH_21,rve,rve_2	AIM2.1, IKBKB.1, IKBKB.2, IKBKB.3, IKBKB.4, IRAK1.1, IRAK1.2, IRAK1.3, IRAK1.4, IRAK4.1, IRAK4.2, NAIP.1, NAIP.2, NFKB1.2, NFKBIA.1, NLRC4.1, NLRC4.2, NLRC4.3, NLRC4.4, NLRP1.1, NLRP1.2, NLRP1.3, NLRP1.4, NLRP1.5, NLRP12.1, NLRP12.2, NLRP12.3, NLRP12.4, NLRP12.5, NLRP12.6, NLRP12.7, NLRP3.1, NLRP3.2, NLRP3.3, NLRP3.4, NLRP3.5, NLRP3.6, NLRP6.1, NLRP6.2, RELA.1, RELA.2, RELA.3, RELA.4, TAB2.1, TAB2.2, TLR4.1, TLR4.2, TLR4.3, TRAF6.1	49
PRODB_00266	N	N	Y	Lc_UMNLC2_01685	Lactobacillus crispatus	IS256 family transposase IS1310	Y	525318.HMPREF0497_1456	1.56E-277	759	COG3328@1|root,COG3328@2|Bacteria,1TP4C@1239|Firmicutes,4HAXJ@91061|Bacilli,3F4RA@33958|Lactobacillaceae	91061|Bacilli	L	Transposase	B4168_4126	-	-	ko:K07493	-	-	-	-	ko00000	-	-	-	Transposase_mut	AIM2.1, IKBKB.3, IRAK1.1, IRAK1.2, IRAK1.3, IRAK1.4, IRAK4.1, IRAK4.2, NAIP.1, NAIP.2, NFKB1.2, NFKBIA.1, NLRC4.1, NLRC4.2, NLRC4.3, NLRC4.4, NLRP1.1, NLRP1.2, NLRP1.3, NLRP1.4, NLRP1.5, NLRP12.1, NLRP12.2, NLRP12.3, NLRP12.4, NLRP12.5, NLRP12.6, NLRP12.7, NLRP3.1, NLRP3.2, NLRP3.3, NLRP3.4, NLRP3.5, NLRP3.6, NLRP6.1, NLRP6.2, RELA.1, RELA.2, RELA.3, RELA.4, TAB2.1, TAB2.2, TLR4.1, TLR4.2, TLR4.3, TRAF6.1	46
PRODB_00267	N	N	Y	Ec_WCHEC020031_04525	Escherichia coli	Regulatory protein rop	Y	562743.JH976447_gene542	5.12E-30	107	2CGF4@1|root,32S3U@2|Bacteria,1VBR3@1239|Firmicutes,4HRZN@91061|Bacilli	91061|Bacilli	S	Rop protein	-	-	-	-	-	-	-	-	-	-	-	-	Rop	AIM2.1, IKBKB.2, IKBKB.3, IKBKB.4, IRAK1.1, IRAK1.2, IRAK1.3, IRAK1.4, IRAK4.1, IRAK4.2, NAIP.1, NAIP.2, NFKB1.2, NFKBIA.1, NLRC4.1, NLRC4.2, NLRC4.3, NLRC4.4, NLRP1.1, NLRP1.2, NLRP1.3, NLRP1.4, NLRP1.5, NLRP12.1, NLRP12.2, NLRP12.3, NLRP12.4, NLRP12.5, NLRP12.6, NLRP12.7, NLRP3.1, NLRP3.2, NLRP3.3, NLRP3.4, NLRP3.5, NLRP3.6, NLRP6.1, NLRP6.2, RELA.1, RELA.2, RELA.3, RELA.4, TAB2.1, TAB2.2, TLR4.1, TLR4.2, TLR4.3, TRAF6.1	48
PRODB_00268	N	N	Y	Ef_AT34_01732	Enterococcus faecalis	hypothetical protein	Y	663241.C9E2P7_9CAUD	1.99E-121	346	4QBNM@10239|Viruses,4QUT2@35237|dsDNA viruses  no RNA stage,4QPQ9@28883|Caudovirales	28883|Caudovirales	S	N-methyltransferase activity	-	-	-	-	-	-	-	-	-	-	-	-	-	AIM2.1, IKBKB.3, IRAK1.1, IRAK1.2, IRAK1.3, IRAK1.4, IRAK4.1, NAIP.1, NAIP.2, NFKB1.2, NFKBIA.1, NLRC4.1, NLRC4.3, NLRC4.4, NLRP1.1, NLRP1.2, NLRP1.3, NLRP1.4, NLRP1.5, NLRP12.1, NLRP12.2, NLRP12.3, NLRP12.4, NLRP12.5, NLRP12.6, NLRP12.7, NLRP3.1, NLRP3.2, NLRP3.3, NLRP3.4, NLRP3.5, NLRP3.6, NLRP6.1, NLRP6.2, RELA.1, RELA.2, RELA.3, RELA.4, TAB2.1, TAB2.2, TLR4.1, TLR4.2, TLR4.3, TRAF6.1	44
PRODB_00269	N	N	Y	Ef_142-1_02208	Enterococcus faecalis	hypothetical protein	Y	663241.C9E2P8_9CAUD	1.26E-145	410	4QHN9@10239|Viruses,4QX1H@35237|dsDNA viruses  no RNA stage,4QU3Z@28883|Caudovirales,4QMQQ@10699|Siphoviridae	10699|Siphoviridae	-	-	-	-	-	-	-	-	-	-	-	-	-	-	-	AIM2.1, IKBKB.1, IKBKB.2, IKBKB.3, IKBKB.4, IRAK1.1, IRAK1.2, IRAK1.3, IRAK1.4, IRAK4.1, IRAK4.2, NAIP.1, NAIP.2, NFKB1.2, NFKBIA.1, NLRC4.1, NLRC4.2, NLRC4.3, NLRC4.4, NLRP1.1, NLRP1.2, NLRP1.3, NLRP1.4, NLRP1.5, NLRP12.1, NLRP12.2, NLRP12.3, NLRP12.4, NLRP12.5, NLRP12.6, NLRP12.7, NLRP3.1, NLRP3.2, NLRP3.3, NLRP3.4, NLRP3.5, NLRP3.6, NLRP6.1, NLRP6.2, RELA.1, RELA.2, RELA.3, RELA.4, TAB2.1, TAB2.2, TLR4.1, TLR4.2, TLR4.3, TRAF6.1	49
PRODB_00270	N	N	Y	Ef_OG1RF_00398	Enterococcus faecalis	hypothetical protein	N	-	-	-	-	-	-	-	-	-	-	-	-	-	-	-	-	-	-	-	-	AIM2.1, IKBKB.1, IKBKB.2, IKBKB.3, IKBKB.4, IRAK1.1, IRAK1.2, IRAK1.3, IRAK1.4, IRAK4.1, IRAK4.2, NAIP.1, NAIP.2, NFKB1.2, NFKBIA.1, NLRC4.1, NLRC4.2, NLRC4.3, NLRC4.4, NLRP1.1, NLRP1.2, NLRP1.3, NLRP1.4, NLRP1.5, NLRP12.1, NLRP12.2, NLRP12.3, NLRP12.4, NLRP12.5, NLRP12.6, NLRP12.7, NLRP3.1, NLRP3.2, NLRP3.3, NLRP3.4, NLRP3.5, NLRP3.6, NLRP6.1, NLRP6.2, RELA.1, RELA.2, RELA.3, RELA.4, TAB2.1, TAB2.2, TLR4.1, TLR4.2, TLR4.3, TRAF6.1	49
PRODB_00271	N	N	Y	Ef_732_02053	Enterococcus faecalis	hypothetical protein	N	-	-	-	-	-	-	-	-	-	-	-	-	-	-	-	-	-	-	-	-	AIM2.1, IKBKB.3, IRAK1.1, IRAK1.2, IRAK1.3, IRAK1.4, IRAK4.1, IRAK4.2, NAIP.1, NAIP.2, NFKB1.2, NFKBIA.1, NLRC4.1, NLRC4.2, NLRC4.3, NLRC4.4, NLRP1.1, NLRP1.2, NLRP1.3, NLRP1.4, NLRP1.5, NLRP12.1, NLRP12.2, NLRP12.3, NLRP12.4, NLRP12.5, NLRP12.6, NLRP12.7, NLRP3.1, NLRP3.2, NLRP3.3, NLRP3.4, NLRP3.5, NLRP3.6, NLRP6.1, NLRP6.2, RELA.1, RELA.2, RELA.3, RELA.4, TAB2.1, TAB2.2, TLR4.1, TLR4.2, TLR4.3, TRAF6.1	46
PRODB_00272	N	N	Y	Ll_GL2_00881	Leuconostoc lactis	hypothetical protein	Y	1215915.BN193_10255	9.86E-105	306	COG2963@1|root,COG2963@2|Bacteria,1V09A@1239|Firmicutes,4ID2H@91061|Bacilli,1YBZS@1357|Lactococcus	91061|Bacilli	L	Helix-turn-helix domain	-	-	-	ko:K07483	-	-	-	-	ko00000	-	-	-	HTH_28	AIM2.1, IKBKB.1, IKBKB.2, IKBKB.3, IKBKB.4, IRAK1.1, IRAK1.2, IRAK1.3, IRAK1.4, IRAK4.1, IRAK4.2, NAIP.1, NAIP.2, NFKB1.2, NFKBIA.1, NLRC4.1, NLRC4.2, NLRC4.3, NLRC4.4, NLRP1.1, NLRP1.2, NLRP1.3, NLRP1.4, NLRP1.5, NLRP12.1, NLRP12.2, NLRP12.3, NLRP12.4, NLRP12.5, NLRP12.6, NLRP12.7, NLRP3.1, NLRP3.2, NLRP3.3, NLRP3.4, NLRP3.5, NLRP3.6, NLRP6.1, NLRP6.2, RELA.1, RELA.2, RELA.3, RELA.4, TAB2.1, TAB2.2, TLR4.1, TLR4.2, TLR4.3, TRAF6.1	49
PRODB_00273	N	N	Y	Ef_K191-1_00720	Enterococcus faecalis	hypothetical protein	Y	1300150.EMQU_2006	2.68E-19	84.3	2DEZK@1|root,2ZPWB@2|Bacteria,1W5XT@1239|Firmicutes,4I18F@91061|Bacilli,4B58P@81852|Enterococcaceae	91061|Bacilli	-	-	-	-	-	-	-	-	-	-	-	-	-	-	-	AIM2.1, IKBKB.1, IKBKB.2, IKBKB.3, IKBKB.4, IRAK1.1, IRAK1.2, IRAK1.3, IRAK1.4, IRAK4.1, IRAK4.2, NAIP.1, NAIP.2, NFKB1.2, NFKBIA.1, NLRC4.1, NLRC4.2, NLRC4.3, NLRC4.4, NLRP1.1, NLRP1.2, NLRP1.3, NLRP1.4, NLRP1.5, NLRP12.1, NLRP12.2, NLRP12.3, NLRP12.4, NLRP12.5, NLRP12.6, NLRP12.7, NLRP3.1, NLRP3.2, NLRP3.3, NLRP3.4, NLRP3.5, NLRP3.6, NLRP6.1, NLRP6.2, RELA.1, RELA.2, RELA.3, RELA.4, TAB2.1, TAB2.2, TLR4.1, TLR4.2, TLR4.3, TRAF6.1	49
PRODB_00274	N	N	Y	Ef_M61_02833	Enterococcus faecalis	hypothetical protein	Y	1201292.DR75_2917	4.08E-75	225	29ZI1@1|root,30MI4@2|Bacteria,1U0WN@1239|Firmicutes,4IACS@91061|Bacilli,4B5DH@81852|Enterococcaceae	91061|Bacilli	S	PrgU-like protein	-	-	-	-	-	-	-	-	-	-	-	-	PrgU	AIM2.1, IKBKB.3, IRAK1.1, IRAK1.2, IRAK1.3, IRAK1.4, IRAK4.1, IRAK4.2, NAIP.1, NAIP.2, NFKB1.2, NFKBIA.1, NLRC4.1, NLRC4.2, NLRC4.3, NLRC4.4, NLRP1.1, NLRP1.2, NLRP1.3, NLRP1.4, NLRP1.5, NLRP12.1, NLRP12.2, NLRP12.3, NLRP12.4, NLRP12.5, NLRP12.6, NLRP12.7, NLRP3.1, NLRP3.2, NLRP3.3, NLRP3.4, NLRP3.5, NLRP3.6, NLRP6.1, NLRP6.2, RELA.1, RELA.2, RELA.3, RELA.4, TAB2.1, TAB2.2, TLR4.1, TLR4.2, TLR4.3, TRAF6.1	46
PRODB_00275	N	N	Y	Ef_BE15_01951	Enterococcus faecalis	hypothetical protein	Y	1201292.DR75_1486	2.56E-22	99.8	COG1388@1|root,COG1388@2|Bacteria,1W0JV@1239|Firmicutes,4HYQN@91061|Bacilli,4B33E@81852|Enterococcaceae	91061|Bacilli	M	LysM domain	-	-	-	-	-	-	-	-	-	-	-	-	DUF4950,LysM	AIM2.1, IKBKB.1, IKBKB.2, IKBKB.3, IKBKB.4, IRAK1.1, IRAK1.2, IRAK1.3, IRAK1.4, IRAK4.1, IRAK4.2, NAIP.1, NAIP.2, NFKB1.2, NFKBIA.1, NLRC4.1, NLRC4.2, NLRC4.3, NLRC4.4, NLRP1.1, NLRP1.2, NLRP1.3, NLRP1.4, NLRP1.5, NLRP12.1, NLRP12.2, NLRP12.3, NLRP12.4, NLRP12.5, NLRP12.6, NLRP12.7, NLRP3.1, NLRP3.2, NLRP3.3, NLRP3.4, NLRP3.5, NLRP3.6, NLRP6.1, NLRP6.2, RELA.1, RELA.2, RELA.3, RELA.4, TAB2.1, TAB2.2, TLR4.1, TLR4.2, TLR4.3, TRAF6.1	49
PRODB_00276	N	N	Y	Ef_BE15_01954	Enterococcus faecalis	hypothetical protein	N	-	-	-	-	-	-	-	-	-	-	-	-	-	-	-	-	-	-	-	-	AIM2.1, IKBKB.1, IKBKB.2, IKBKB.3, IKBKB.4, IRAK1.1, IRAK1.2, IRAK1.3, IRAK1.4, IRAK4.1, IRAK4.2, NAIP.1, NAIP.2, NFKB1.2, NFKBIA.1, NLRC4.1, NLRC4.2, NLRC4.3, NLRC4.4, NLRP1.1, NLRP1.2, NLRP1.3, NLRP1.4, NLRP1.5, NLRP12.1, NLRP12.2, NLRP12.3, NLRP12.4, NLRP12.5, NLRP12.6, NLRP12.7, NLRP3.1, NLRP3.2, NLRP3.3, NLRP3.4, NLRP3.5, NLRP3.6, NLRP6.1, NLRP6.2, RELA.1, RELA.2, RELA.3, RELA.4, TAB2.1, TAB2.2, TLR4.1, TLR4.2, TLR4.3, TRAF6.1	49
PRODB_00277	N	N	Y	Ef_BE15_01953	Enterococcus faecalis	hypothetical protein	Y	663241.C9E2L3_9CAUD	0.00E+00	865	4QAK6@10239|Viruses,4QUP9@35237|dsDNA viruses  no RNA stage,4QPBY@28883|Caudovirales,4QKX2@10699|Siphoviridae	10699|Siphoviridae	S	Mannosyl-glycoprotein endo-beta-N-acetylglucosaminidase	-	-	-	-	-	-	-	-	-	-	-	-	-	AIM2.1, IKBKB.3, IRAK1.1, IRAK1.2, IRAK1.3, IRAK1.4, IRAK4.1, IRAK4.2, NAIP.1, NAIP.2, NFKB1.2, NFKBIA.1, NLRC4.1, NLRC4.2, NLRC4.3, NLRC4.4, NLRP1.1, NLRP1.2, NLRP1.3, NLRP1.4, NLRP1.5, NLRP12.2, NLRP12.5, NLRP3.1, NLRP3.2, NLRP3.3, NLRP3.4, NLRP3.5, NLRP3.6, NLRP6.1, NLRP6.2, RELA.1, RELA.2, RELA.3, RELA.4, TAB2.1, TAB2.2, TLR4.1, TLR4.2, TLR4.3, TRAF6.1	41
PRODB_00278	N	N	Y	Ef_EfsC49_02703	Enterococcus faecalis	hypothetical protein	Y	1201292.DR75_2937	0.00E+00	1306	COG0358@1|root,COG4227@1|root,COG0358@2|Bacteria,COG4227@2|Bacteria,1TRTK@1239|Firmicutes,4HK3Y@91061|Bacilli,4B39E@81852|Enterococcaceae	91061|Bacilli	L	Protein of unknown function (DUF3991)	-	-	-	-	-	-	-	-	-	-	-	-	DUF3991,Toprim_2	AIM2.1, IRAK1.1, IRAK1.2, IRAK1.3, IRAK1.4, IRAK4.1, NAIP.1, NAIP.2, NFKB1.2, NLRC4.3, NLRC4.4, NLRP1.1, NLRP1.2, NLRP1.4, NLRP12.5, NLRP3.1, NLRP3.2, NLRP3.3, NLRP3.4, NLRP3.5, NLRP3.6, RELA.1, RELA.2, RELA.3, RELA.4, TAB2.1, TAB2.2, TLR4.3, TRAF6.1	29
PRODB_00279	N	N	Y	Ef_732_02055	Enterococcus faecalis	hypothetical protein	Y	663241.C9E2N9_9CAUD	6.73E-145	408	4QAM6@10239|Viruses,4QVEI@35237|dsDNA viruses  no RNA stage,4QPNX@28883|Caudovirales,4QKT3@10699|Siphoviridae	10699|Siphoviridae	-	-	-	-	-	-	-	-	-	-	-	-	-	-	-	AIM2.1, IKBKB.1, IKBKB.2, IKBKB.3, IKBKB.4, IRAK1.1, IRAK1.2, IRAK1.3, IRAK1.4, IRAK4.1, IRAK4.2, NAIP.1, NAIP.2, NFKB1.2, NFKBIA.1, NLRC4.1, NLRC4.2, NLRC4.3, NLRC4.4, NLRP1.1, NLRP1.2, NLRP1.3, NLRP1.4, NLRP1.5, NLRP12.1, NLRP12.2, NLRP12.3, NLRP12.4, NLRP12.5, NLRP12.6, NLRP12.7, NLRP3.1, NLRP3.2, NLRP3.3, NLRP3.4, NLRP3.5, NLRP3.6, NLRP6.1, NLRP6.2, RELA.1, RELA.2, RELA.3, RELA.4, TAB2.1, TAB2.2, TLR4.1, TLR4.2, TLR4.3, TRAF6.1	49
PRODB_00280	N	N	Y	Ef_JF3A-223_02734	Enterococcus faecalis	hypothetical protein	N	-	-	-	-	-	-	-	-	-	-	-	-	-	-	-	-	-	-	-	-	AIM2.1, IKBKB.3, IRAK1.1, IRAK1.2, IRAK1.3, IRAK1.4, IRAK4.1, IRAK4.2, NAIP.1, NAIP.2, NFKB1.2, NFKBIA.1, NLRC4.1, NLRC4.2, NLRC4.3, NLRC4.4, NLRP1.1, NLRP1.2, NLRP1.3, NLRP1.4, NLRP1.5, NLRP12.1, NLRP12.2, NLRP12.3, NLRP12.4, NLRP12.5, NLRP12.6, NLRP12.7, NLRP3.1, NLRP3.2, NLRP3.3, NLRP3.4, NLRP3.5, NLRP3.6, NLRP6.1, NLRP6.2, RELA.1, RELA.2, RELA.3, RELA.4, TAB2.1, TAB2.2, TLR4.1, TLR4.2, TLR4.3, TRAF6.1	46
PRODB_00281	N	N	Y	Lm_IMAU80663_01356	Leuconostoc mesenteroides	hypothetical protein	Y	1069533.Sinf_1993	1.60E-124	356	COG1335@1|root,COG1335@2|Bacteria,1V634@1239|Firmicutes,4HIDS@91061|Bacilli	91061|Bacilli	Q	Isochorismatase family	-	-	-	-	-	-	-	-	-	-	-	-	Isochorismatase	AIM2.1, IRAK1.1, IRAK1.2, IRAK1.3, IRAK1.4, IRAK4.1, NAIP.1, NAIP.2, NFKB1.2, NFKBIA.1, NLRC4.2, NLRC4.3, NLRC4.4, NLRP1.1, NLRP1.2, NLRP1.3, NLRP1.4, NLRP12.1, NLRP12.2, NLRP12.4, NLRP12.5, NLRP12.6, NLRP12.7, NLRP3.1, NLRP3.2, NLRP3.3, NLRP3.4, NLRP3.5, NLRP3.6, RELA.1, RELA.2, RELA.3, RELA.4, TAB2.1, TAB2.2, TLR4.3, TRAF6.1	37
PRODB_00282	N	N	Y	Ef_18-243_00395	Enterococcus faecalis	hypothetical protein	Y	1069533.Sinf_1990	2.55E-89	265	COG1309@1|root,COG1309@2|Bacteria	2|Bacteria	K	transcriptional regulator	-	-	-	ko:K16137	-	-	-	-	ko00000,ko03000	-	-	-	TetR_C_13,TetR_N	AIM2.1, IKBKB.2, IKBKB.3, IKBKB.4, IRAK1.1, IRAK1.2, IRAK1.3, IRAK1.4, IRAK4.1, IRAK4.2, NAIP.1, NAIP.2, NFKB1.2, NFKBIA.1, NLRC4.1, NLRC4.2, NLRC4.3, NLRC4.4, NLRP1.1, NLRP1.2, NLRP1.3, NLRP1.4, NLRP1.5, NLRP12.1, NLRP12.2, NLRP12.3, NLRP12.4, NLRP12.5, NLRP12.6, NLRP12.7, NLRP3.1, NLRP3.2, NLRP3.3, NLRP3.4, NLRP3.5, NLRP3.6, NLRP6.1, NLRP6.2, RELA.1, RELA.2, RELA.3, RELA.4, TAB2.1, TAB2.2, TLR4.1, TLR4.2, TLR4.3, TRAF6.1	48
PRODB_00283	N	N	Y	Ef_AT46a_02628	Enterococcus faecalis	hypothetical protein	Y	1201292.DR75_2939	5.44E-70	212	2EHVR@1|root,33BM9@2|Bacteria,1V4D4@1239|Firmicutes,4HP76@91061|Bacilli,4B3WM@81852|Enterococcaceae	91061|Bacilli	S	Bacterial mobilisation protein (MobC)	-	-	-	-	-	-	-	-	-	-	-	-	MobC	AIM2.1, IKBKB.1, IKBKB.2, IKBKB.3, IKBKB.4, IRAK1.1, IRAK1.2, IRAK1.3, IRAK1.4, IRAK4.1, IRAK4.2, NAIP.1, NAIP.2, NFKB1.2, NFKBIA.1, NLRC4.1, NLRC4.2, NLRC4.3, NLRC4.4, NLRP1.1, NLRP1.2, NLRP1.3, NLRP1.4, NLRP1.5, NLRP12.1, NLRP12.2, NLRP12.3, NLRP12.4, NLRP12.5, NLRP12.6, NLRP12.7, NLRP3.1, NLRP3.2, NLRP3.3, NLRP3.4, NLRP3.5, NLRP3.6, NLRP6.1, NLRP6.2, RELA.1, RELA.2, RELA.3, RELA.4, TAB2.1, TAB2.2, TLR4.1, TLR4.2, TLR4.3, TRAF6.1	49
PRODB_00284	N	N	Y	Ef_ES-1390_02768	Enterococcus faecalis	hypothetical protein	Y	1201292.DR75_2938	5.38E-57	177	2BZDN@1|root,2ZY13@2|Bacteria,1W2SC@1239|Firmicutes,4I0R8@91061|Bacilli,4B5TR@81852|Enterococcaceae	91061|Bacilli	-	-	-	-	-	-	-	-	-	-	-	-	-	-	-	AIM2.1, IKBKB.1, IKBKB.2, IKBKB.3, IKBKB.4, IRAK1.1, IRAK1.2, IRAK1.3, IRAK1.4, IRAK4.1, IRAK4.2, NAIP.1, NAIP.2, NFKB1.2, NFKBIA.1, NLRC4.1, NLRC4.2, NLRC4.3, NLRC4.4, NLRP1.1, NLRP1.2, NLRP1.3, NLRP1.4, NLRP1.5, NLRP12.1, NLRP12.2, NLRP12.3, NLRP12.4, NLRP12.5, NLRP12.6, NLRP12.7, NLRP3.1, NLRP3.2, NLRP3.3, NLRP3.4, NLRP3.5, NLRP3.6, NLRP6.1, NLRP6.2, RELA.1, RELA.2, RELA.3, RELA.4, TAB2.1, TAB2.2, TLR4.1, TLR4.2, TLR4.3, TRAF6.1	49
PRODB_00285	N	N	Y	Lm_IMAU80664_01433	Leuconostoc mesenteroides	putative pyridine nucleotide-disulfide oxidoreductase RclA	Y	1069533.Sinf_1994	1.74E-269	742	COG1249@1|root,COG1249@2|Bacteria,1TP1W@1239|Firmicutes,4HBZF@91061|Bacilli	91061|Bacilli	C	Belongs to the class-I pyridine nucleotide-disulfide oxidoreductase family	-	-	1.8.1.7	ko:K00383,ko:K21739	ko00480,ko04918,map00480,map04918	-	R00094,R00115	RC00011	ko00000,ko00001,ko01000	-	-	-	Pyr_redox_2,Pyr_redox_dim	NFKB1.2, NLRP3.1, TAB2.2	3
PRODB_00286	N	N	Y	Ef_K80-2b_02563	Enterococcus faecalis	hypothetical protein	Y	1201292.DR75_2940	0.00E+00	928	COG3843@1|root,COG3843@2|Bacteria,1V2SB@1239|Firmicutes,4HFEX@91061|Bacilli,4B03T@81852|Enterococcaceae	91061|Bacilli	U	Relaxase/Mobilisation nuclease domain	-	-	-	-	-	-	-	-	-	-	-	-	Relaxase	AIM2.1, IRAK1.1, IRAK1.2, IRAK1.3, IRAK1.4, IRAK4.1, NAIP.1, NAIP.2, NFKB1.2, NLRC4.3, NLRC4.4, NLRP1.1, NLRP1.2, NLRP1.3, NLRP1.4, NLRP12.6, NLRP3.1, NLRP3.2, NLRP3.3, NLRP3.4, NLRP3.5, NLRP3.6, RELA.2, TAB2.1, TAB2.2, TLR4.3	26
PRODB_00287	N	N	Y	Ef_DSM_20478_00411	Enterococcus faecalis	HTH-type transcriptional repressor NagR	Y	1280689.AUJC01000006_gene2880	1.25E-40	146	COG2188@1|root,COG2188@2|Bacteria	2|Bacteria	K	DNA-binding transcription factor activity	ybgA	-	-	ko:K03710,ko:K10711	-	-	-	-	ko00000,ko03000	-	-	-	GntR,UTRA	AIM2.1, IRAK1.1, IRAK1.2, IRAK1.3, IRAK1.4, IRAK4.1, NFKB1.2, NLRC4.4, NLRP3.1, RELA.1, RELA.2, RELA.3, RELA.4, TAB2.1, TAB2.2	15
PRODB_00288	N	N	Y	Ef_DSM_20478_00413	Enterococcus faecalis	Lichenan permease IIC component	Y	1280689.AUJC01000006_gene2879	1.54E-212	598	COG1455@1|root,COG1455@2|Bacteria,1TP8D@1239|Firmicutes,24808@186801|Clostridia,36E10@31979|Clostridiaceae	186801|Clostridia	G	The phosphoenolpyruvate-dependent sugar phosphotransferase system (PTS), a major carbohydrate active - transport system, catalyzes the phosphorylation of incoming sugar substrates concomitant with their translocation across the cell membrane	-	-	-	ko:K02761	ko00500,ko02060,map00500,map02060	M00275	R11170,R11172	RC00017,RC03206	ko00000,ko00001,ko00002,ko02000	4.A.3.2	-	-	PTS_EIIC	AIM2.1, IRAK1.1, IRAK1.2, IRAK1.3, IRAK1.4, IRAK4.1, IRAK4.2, NFKB1.2, NFKBIA.1, NLRC4.2, NLRC4.3, NLRC4.4, NLRP1.1, NLRP1.2, NLRP1.3, NLRP1.4, NLRP12.1, NLRP12.2, NLRP12.5, NLRP12.6, NLRP12.7, NLRP3.1, NLRP3.2, NLRP3.3, NLRP3.4, NLRP3.5, NLRP3.6, NLRP6.1, NLRP6.2, RELA.1, RELA.2, RELA.3, RELA.4, TAB2.1, TAB2.2, TLR4.3, TRAF6.1	37
PRODB_00289	N	N	Y	Ef_DSM_20478_00412	Enterococcus faecalis	hypothetical protein	Y	1280689.AUJC01000006_gene2878	8.96E-158	450	COG0826@1|root,COG0826@2|Bacteria,1TPCZ@1239|Firmicutes,24C2J@186801|Clostridia,36GQT@31979|Clostridiaceae	186801|Clostridia	O	Psort location Cytoplasmic, score	-	-	-	-	-	-	-	-	-	-	-	-	-	AIM2.1, IKBKB.3, IRAK1.1, IRAK1.2, IRAK1.3, IRAK1.4, IRAK4.1, NAIP.1, NAIP.2, NFKB1.2, NLRC4.2, NLRC4.3, NLRC4.4, NLRP1.4, NLRP12.2, NLRP12.4, NLRP12.5, NLRP3.1, NLRP3.2, NLRP3.3, NLRP3.4, NLRP3.5, NLRP3.6, RELA.1, RELA.2, TAB2.1, TAB2.2, TLR4.3	28
PRODB_00290	N	N	Y	Lc_P2F11_02749	Lactobacillus crispatus	hypothetical protein	Y	1449338.JQLU01000001_gene959	0.00E+00	913	COG0550@1|root,COG0550@2|Bacteria,1TPJD@1239|Firmicutes,4HAZV@91061|Bacilli,27HWF@186828|Carnobacteriaceae	91061|Bacilli	L	Bacterial DNA topoisomeraes I ATP-binding domain	traI	-	5.99.1.2	ko:K03169	-	-	-	-	ko00000,ko01000,ko03032	-	-	-	Topoisom_bac,Toprim,Toprim_Crpt,zf-C4_Topoisom	AIM2.1, IRAK1.1, IRAK1.2, IRAK1.3, IRAK1.4, NFKB1.2, NLRC4.4, NLRP3.1, NLRP3.2, NLRP3.3, NLRP3.4, NLRP3.5, NLRP3.6, RELA.1, RELA.2, RELA.4, TAB2.1, TAB2.2	18
PRODB_00291	N	N	Y	Ef_C54_02739	Enterococcus faecalis	hypothetical protein	Y	1201292.DR75_2935	5.81E-106	306	2DITR@1|root,30442@2|Bacteria,1TVZW@1239|Firmicutes,4I4NE@91061|Bacilli,4B3ZG@81852|Enterococcaceae	91061|Bacilli	-	-	-	-	-	-	-	-	-	-	-	-	-	-	DUF3801	AIM2.1, IRAK1.1, IRAK1.2, NFKB1.2, NLRP3.1, NLRP3.3, NLRP3.5, TAB2.1, TAB2.2	9
PRODB_00292	N	N	Y	Ef_DSM_20478_00032	Enterococcus faecalis	putative 6-phospho-beta-glucosidase	Y	469596.HMPREF9488_00359	2.01E-154	450	COG1486@1|root,COG1486@2|Bacteria,1TQ9I@1239|Firmicutes,3VPG6@526524|Erysipelotrichia	526524|Erysipelotrichia	G	Family 4 glycosyl hydrolase C-terminal domain	-	-	-	-	-	-	-	-	-	-	-	-	Glyco_hydro_4,Glyco_hydro_4C	AIM2.1, IKBKB.3, IRAK1.1, IRAK1.2, IRAK1.3, IRAK1.4, IRAK4.1, IRAK4.2, NAIP.1, NAIP.2, NFKB1.2, NFKBIA.1, NLRC4.1, NLRC4.2, NLRC4.3, NLRC4.4, NLRP1.1, NLRP1.2, NLRP1.3, NLRP1.4, NLRP1.5, NLRP12.1, NLRP12.2, NLRP12.3, NLRP12.4, NLRP12.5, NLRP12.6, NLRP12.7, NLRP3.1, NLRP3.2, NLRP3.3, NLRP3.4, NLRP3.5, NLRP3.6, NLRP6.1, NLRP6.2, RELA.1, RELA.2, RELA.3, RELA.4, TAB2.1, TAB2.2, TLR4.1, TLR4.2, TLR4.3, TRAF6.1	46
PRODB_00293	N	N	Y	Ef_DSM_20478_00030	Enterococcus faecalis	Lichenan permease IIC component	Y	1211844.CBLM010000064_gene2365	5.44E-141	416	COG1455@1|root,COG1455@2|Bacteria,1TP8D@1239|Firmicutes,3VPKE@526524|Erysipelotrichia	526524|Erysipelotrichia	G	The phosphoenolpyruvate-dependent sugar phosphotransferase system (PTS), a major carbohydrate active - transport system, catalyzes the phosphorylation of incoming sugar substrates concomitant with their translocation across the cell membrane	-	-	-	-	-	-	-	-	-	-	-	-	PTS_EIIC	IRAK1.1, IRAK1.2, NFKB1.2, NLRC4.3, NLRP1.1, NLRP1.4, NLRP3.1, NLRP3.2, NLRP3.3, NLRP3.5, NLRP3.6, RELA.1, RELA.2, RELA.3, RELA.4, TAB2.1, TAB2.2	17
PRODB_00294	N	N	Y	Ef_DSM_20478_00031	Enterococcus faecalis	hypothetical protein	Y	445974.CLORAM_00885	1.39E-38	147	COG0449@1|root,COG0449@2|Bacteria,1V20M@1239|Firmicutes,3VQBT@526524|Erysipelotrichia	526524|Erysipelotrichia	M	SIS domain protein	-	-	-	-	-	-	-	-	-	-	-	-	SIS	AIM2.1, IKBKB.3, IRAK1.1, IRAK1.2, IRAK1.3, IRAK1.4, IRAK4.1, NAIP.1, NAIP.2, NFKB1.2, NFKBIA.1, NLRC4.1, NLRC4.3, NLRC4.4, NLRP1.1, NLRP1.2, NLRP1.3, NLRP1.4, NLRP1.5, NLRP3.1, NLRP3.2, NLRP3.3, NLRP3.4, NLRP3.5, NLRP3.6, NLRP6.1, NLRP6.2, RELA.1, RELA.2, RELA.3, RELA.4, TAB2.1, TAB2.2, TLR4.1, TLR4.2, TLR4.3, TRAF6.1	37
PRODB_00295	N	N	Y	Ef_AT50_00028	Enterococcus faecalis	hypothetical protein	Y	1123511.KB905840_gene713	1.72E-17	94.7	COG3711@1|root,COG3711@2|Bacteria,1UWVU@1239|Firmicutes,4H6T8@909932|Negativicutes	909932|Negativicutes	K	Mga helix-turn-helix domain	-	-	-	-	-	-	-	-	-	-	-	-	PRD	AIM2.1, IRAK1.1, IRAK1.2, IRAK1.3, IRAK1.4, IRAK4.1, NAIP.1, NAIP.2, NFKB1.2, NLRC4.3, NLRC4.4, NLRP1.1, NLRP1.4, NLRP12.5, NLRP3.1, NLRP3.2, NLRP3.3, NLRP3.4, NLRP3.5, NLRP3.6, RELA.1, RELA.2, RELA.3, RELA.4, TAB2.1, TAB2.2	26
PRODB_00296	N	N	Y	Ef_152_02481	Enterococcus faecalis	hypothetical protein	Y	226185.EF_1291	2.26E-184	538	COG0584@1|root,COG0584@2|Bacteria,1UV2V@1239|Firmicutes,4I29M@91061|Bacilli,4B1YS@81852|Enterococcaceae	91061|Bacilli	C	glycerophosphoryl diester phosphodiesterase	-	-	-	-	-	-	-	-	-	-	-	-	-	AIM2.1, IKBKB.1, IKBKB.2, IKBKB.3, IKBKB.4, IRAK1.1, IRAK1.2, IRAK1.3, IRAK1.4, IRAK4.1, IRAK4.2, NAIP.1, NAIP.2, NFKB1.2, NFKBIA.1, NLRC4.1, NLRC4.2, NLRC4.3, NLRC4.4, NLRP1.1, NLRP1.2, NLRP1.3, NLRP1.4, NLRP1.5, NLRP12.1, NLRP12.2, NLRP12.3, NLRP12.4, NLRP12.5, NLRP12.6, NLRP12.7, NLRP3.1, NLRP3.2, NLRP3.3, NLRP3.4, NLRP3.5, NLRP3.6, NLRP6.1, NLRP6.2, RELA.1, RELA.2, RELA.3, RELA.4, TAB2.1, TAB2.2, TLR4.1, TLR4.2, TLR4.3, TRAF6.1	49
PRODB_00297	N	N	Y	Ef_TH4125_00883	Enterococcus faecalis	hypothetical protein	Y	226185.EF_2124	3.30E-106	306	COG0500@1|root,COG2226@2|Bacteria,1V56J@1239|Firmicutes,4HK75@91061|Bacilli,4B3BC@81852|Enterococcaceae	91061|Bacilli	Q	methyltransferase	-	-	-	-	-	-	-	-	-	-	-	-	Methyltransf_11	AIM2.1, IKBKB.1, IKBKB.2, IKBKB.3, IKBKB.4, IRAK1.1, IRAK1.2, IRAK1.3, IRAK1.4, IRAK4.1, IRAK4.2, NAIP.1, NAIP.2, NFKB1.2, NFKBIA.1, NLRC4.1, NLRC4.2, NLRC4.3, NLRC4.4, NLRP1.1, NLRP1.2, NLRP1.3, NLRP1.4, NLRP1.5, NLRP12.1, NLRP12.2, NLRP12.3, NLRP12.4, NLRP12.5, NLRP12.6, NLRP12.7, NLRP3.1, NLRP3.2, NLRP3.3, NLRP3.4, NLRP3.5, NLRP3.6, NLRP6.1, NLRP6.2, RELA.1, RELA.2, RELA.3, RELA.4, TAB2.1, TAB2.2, TLR4.1, TLR4.2, TLR4.3, TRAF6.1	49
PRODB_00298	N	N	Y	Ll_ERR9607109_bin.13_MetaWRAP_v1.3_MAG_00179	Leuconostoc lactis	Phosphocarrier protein HPr	Y	1246.JMEA01000004_gene1479	4.64E-53	167	COG1925@1|root,COG1925@2|Bacteria,1VA0R@1239|Firmicutes,4HKGA@91061|Bacilli,4AY0D@81850|Leuconostocaceae	91061|Bacilli	G	COG1925 Phosphotransferase system, HPr-related proteins	ptsH	GO:0005575,GO:0005622,GO:0005623,GO:0005737,GO:0008150,GO:0043610,GO:0044424,GO:0044464,GO:0050789,GO:0065007	-	ko:K11189	-	-	-	-	ko00000,ko02000	4.A.2.1	-	-	PTS-HPr	AIM2.1, IKBKB.2, IKBKB.3, IKBKB.4, IRAK1.1, IRAK1.2, IRAK1.3, IRAK1.4, IRAK4.1, IRAK4.2, NAIP.1, NAIP.2, NFKB1.2, NFKBIA.1, NLRC4.2, NLRC4.3, NLRC4.4, NLRP1.1, NLRP1.2, NLRP1.3, NLRP1.4, NLRP1.5, NLRP12.1, NLRP12.2, NLRP12.3, NLRP12.4, NLRP12.5, NLRP12.6, NLRP12.7, NLRP3.1, NLRP3.2, NLRP3.3, NLRP3.4, NLRP3.5, NLRP3.6, RELA.1, RELA.2, RELA.3, RELA.4, TAB2.1, TAB2.2, TLR4.1, TLR4.3, TRAF6.1	44
PRODB_00299	N	N	Y	Ef_C54_02740	Enterococcus faecalis	hypothetical protein	Y	1201292.DR75_2936	0.00E+00	1211	COG3505@1|root,COG3505@2|Bacteria,1TPCF@1239|Firmicutes,4H9ZN@91061|Bacilli,4AZSG@81852|Enterococcaceae	91061|Bacilli	U	Type IV secretion-system coupling protein DNA-binding domain	traK	-	-	ko:K03205	ko03070,map03070	M00333	-	-	ko00000,ko00001,ko00002,ko02044	3.A.7	-	-	T4SS-DNA_transf	AIM2.1, IRAK1.1, IRAK1.2, IRAK1.3, IRAK1.4, NFKB1.2, NFKBIA.1, NLRC4.3, NLRC4.4, NLRP1.1, NLRP1.2, NLRP1.3, NLRP1.4, NLRP12.5, NLRP3.1, NLRP3.2, NLRP3.3, NLRP3.4, NLRP3.5, NLRP3.6, RELA.1, RELA.2, RELA.3, RELA.4, TAB2.1, TAB2.2	26
PRODB_00300	N	N	Y	Ef_SN21-3_02520	Enterococcus faecalis	hypothetical protein	Y	1231377.C426_1711	1.25E-147	420	COG0270@1|root,COG0270@2|Bacteria	2|Bacteria	L	DNA (cytosine-5-)-methyltransferase activity	dcm	-	2.1.1.37	ko:K00558	ko00270,ko01100,ko05206,map00270,map01100,map05206	M00035	R04858	RC00003,RC00332	ko00000,ko00001,ko00002,ko01000,ko02048,ko03032,ko03036	-	-	-	DNA_methylase	IRAK1.1, IRAK1.2, IRAK1.3, IRAK1.4, NFKB1.2, NLRP3.1, TAB2.1, TAB2.2	8
PRODB_00301	N	N	Y	Wp_DRD-194_00409	Weissella paramesenteroides	30S ribosomal protein S18	Y	585506.HMPREF0877_1130	4.57E-49	156	COG0238@1|root,COG0238@2|Bacteria,1V9XS@1239|Firmicutes,4HKCC@91061|Bacilli,4AXX6@81850|Leuconostocaceae	91061|Bacilli	J	Binds as a heterodimer with protein S6 to the central domain of the 16S rRNA, where it helps stabilize the platform of the 30S subunit	rpsR	GO:0003674,GO:0003735,GO:0005198,GO:0005575,GO:0005622,GO:0005623,GO:0005737,GO:0005829,GO:0005840,GO:0006412,GO:0006518,GO:0006807,GO:0008150,GO:0008152,GO:0009058,GO:0009059,GO:0009987,GO:0010467,GO:0015935,GO:0019538,GO:0022626,GO:0022627,GO:0032991,GO:0034641,GO:0034645,GO:0043043,GO:0043170,GO:0043226,GO:0043228,GO:0043229,GO:0043232,GO:0043603,GO:0043604,GO:0044237,GO:0044238,GO:0044249,GO:0044260,GO:0044267,GO:0044271,GO:0044391,GO:0044422,GO:0044424,GO:0044444,GO:0044445,GO:0044446,GO:0044464,GO:0071704,GO:1901564,GO:1901566,GO:1901576,GO:1990904	-	ko:K02963	ko03010,map03010	M00178	-	-	br01610,ko00000,ko00001,ko00002,ko03011	-	-	-	Ribosomal_S18	AIM2.1, IKBKB.1, IKBKB.2, IKBKB.3, IKBKB.4, IRAK1.1, IRAK1.2, IRAK1.3, IRAK1.4, IRAK4.1, IRAK4.2, NAIP.1, NAIP.2, NFKB1.2, NFKBIA.1, NLRC4.1, NLRC4.2, NLRC4.3, NLRC4.4, NLRP1.1, NLRP1.2, NLRP1.3, NLRP1.4, NLRP1.5, NLRP12.1, NLRP12.2, NLRP12.3, NLRP12.4, NLRP12.5, NLRP12.6, NLRP12.7, NLRP3.1, NLRP3.2, NLRP3.3, NLRP3.4, NLRP3.5, NLRP3.6, NLRP6.1, NLRP6.2, RELA.1, RELA.2, RELA.3, RELA.4, TAB2.1, TAB2.2, TLR4.1, TLR4.2, TLR4.3, TRAF6.1	49
PRODB_00302	N	N	Y	Ef_ES-108-1_00872	Enterococcus faecalis	hypothetical protein	Y	663241.C9E2P0_9CAUD	5.00E-116	332	4QBZG@10239|Viruses,4QU12@28883|Caudovirales	28883|Caudovirales	-	-	-	-	-	-	-	-	-	-	-	-	-	-	-	AIM2.1, IRAK1.1, IRAK1.2, IRAK1.3, IRAK1.4, IRAK4.1, NFKB1.2, NFKBIA.1, NLRC4.2, NLRC4.3, NLRC4.4, NLRP1.1, NLRP1.2, NLRP1.3, NLRP1.4, NLRP1.5, NLRP12.5, NLRP3.1, NLRP3.2, NLRP3.3, NLRP3.4, NLRP3.5, NLRP3.6, RELA.1, RELA.2, RELA.3, RELA.4, TAB2.1, TAB2.2, TLR4.3, TRAF6.1	31
PRODB_00303	N	N	Y	Ef_LD33_01674	Enterococcus faecalis	hypothetical protein	Y	226185.EF_3154	2.18E-110	323	29588@1|root,2ZSKQ@2|Bacteria,1W301@1239|Firmicutes,4I11F@91061|Bacilli	91061|Bacilli	S	WxL domain surface cell wall-binding	-	-	-	-	-	-	-	-	-	-	-	-	WxL	AIM2.1, IRAK1.1, IRAK1.2, IRAK1.3, IRAK1.4, IRAK4.1, IRAK4.2, NFKB1.2, NFKBIA.1, NLRC4.1, NLRC4.2, NLRC4.4, NLRP1.1, NLRP1.2, NLRP1.3, NLRP1.4, NLRP1.5, NLRP12.5, NLRP3.1, NLRP3.2, NLRP3.3, NLRP3.4, NLRP3.5, NLRP3.6, RELA.1, RELA.2, RELA.3, RELA.4, TAB2.1, TAB2.2, TLR4.3, TRAF6.1	32
PRODB_00304	N	N	Y	Ef_732_02766	Enterococcus faecalis	hypothetical protein	Y	1201292.DR75_1871	2.82E-113	331	29588@1|root,2ZSKQ@2|Bacteria,1W301@1239|Firmicutes,4I0DP@91061|Bacilli,4B4ED@81852|Enterococcaceae	91061|Bacilli	S	WxL domain surface cell wall-binding	-	-	-	-	-	-	-	-	-	-	-	-	WxL	AIM2.1, IKBKB.2, IKBKB.3, IKBKB.4, IRAK1.1, IRAK1.2, IRAK1.3, IRAK1.4, IRAK4.1, IRAK4.2, NAIP.1, NAIP.2, NFKB1.2, NFKBIA.1, NLRC4.1, NLRC4.2, NLRC4.3, NLRC4.4, NLRP1.1, NLRP1.2, NLRP1.3, NLRP1.4, NLRP1.5, NLRP12.1, NLRP12.2, NLRP12.3, NLRP12.4, NLRP12.5, NLRP12.6, NLRP12.7, NLRP3.1, NLRP3.2, NLRP3.3, NLRP3.4, NLRP3.5, NLRP3.6, NLRP6.1, NLRP6.2, RELA.1, RELA.2, RELA.3, RELA.4, TAB2.1, TAB2.2, TLR4.1, TLR4.2, TLR4.3, TRAF6.1	48
PRODB_00305	N	N	Y	Ef_KUB3007_01850	Enterococcus faecalis	hypothetical protein	Y	1486428.A0A097BYA4_9CAUD	2.27E-49	157	4QGFB@10239|Viruses,4QZJM@35237|dsDNA viruses  no RNA stage,4QSGT@28883|Caudovirales,4QN1F@10699|Siphoviridae	10699|Siphoviridae	-	-	-	-	-	-	-	-	-	-	-	-	-	-	-	AIM2.1, IKBKB.1, IKBKB.2, IKBKB.3, IKBKB.4, IRAK1.1, IRAK1.2, IRAK1.3, IRAK1.4, IRAK4.1, IRAK4.2, NAIP.1, NAIP.2, NFKB1.2, NFKBIA.1, NLRC4.1, NLRC4.2, NLRC4.3, NLRC4.4, NLRP1.1, NLRP1.2, NLRP1.3, NLRP1.4, NLRP1.5, NLRP12.1, NLRP12.2, NLRP12.3, NLRP12.4, NLRP12.5, NLRP12.6, NLRP12.7, NLRP3.1, NLRP3.2, NLRP3.3, NLRP3.4, NLRP3.5, NLRP3.6, NLRP6.1, NLRP6.2, RELA.1, RELA.2, RELA.3, RELA.4, TAB2.1, TAB2.2, TLR4.1, TLR4.2, TLR4.3, TRAF6.1	49
PRODB_00306	N	N	Y	Ef_M9_00731	Enterococcus faecalis	hypothetical protein	Y	1158609.I586_00075	5.06E-10	56.6	2EBX0@1|root,335WB@2|Bacteria,1VID0@1239|Firmicutes,4HNHA@91061|Bacilli,4B44K@81852|Enterococcaceae	91061|Bacilli	-	-	-	-	-	-	-	-	-	-	-	-	-	-	-	NFKB1.2, TAB2.1, TAB2.2	3
PRODB_00307	N	N	Y	Ef_SF28073_02240	Enterococcus faecalis	hypothetical protein	Y	386043.lwe1203	1.18E-129	379	COG0582@1|root,COG0582@2|Bacteria,1TPE1@1239|Firmicutes,4HA65@91061|Bacilli,26M2M@186820|Listeriaceae	91061|Bacilli	L	Belongs to the 'phage' integrase family	-	-	-	-	-	-	-	-	-	-	-	-	Arm-DNA-bind_4,Phage_int_SAM_3,Phage_int_SAM_5,Phage_integrase	AIM2.1, IRAK1.1, IRAK1.2, IRAK1.3, IRAK1.4, NAIP.1, NFKB1.2, NFKBIA.1, NLRC4.1, NLRC4.3, NLRC4.4, NLRP1.1, NLRP1.2, NLRP1.3, NLRP1.4, NLRP1.5, NLRP12.2, NLRP12.3, NLRP12.4, NLRP12.5, NLRP12.6, NLRP3.1, NLRP3.2, NLRP3.3, NLRP3.4, NLRP3.5, NLRP3.6, NLRP6.1, NLRP6.2, RELA.1, RELA.2, RELA.3, RELA.4, TAB2.1, TAB2.2, TRAF6.1	36
PRODB_00308	N	N	Y	Ef_BE13_02543	Enterococcus faecalis	hypothetical protein	Y	936154.STP_1294	7.10E-75	233	COG0286@1|root,COG0286@2|Bacteria,1V65N@1239|Firmicutes,4HHB0@91061|Bacilli	91061|Bacilli	V	site-specific DNA-methyltransferase (adenine-specific) activity	-	-	-	-	-	-	-	-	-	-	-	-	N6_Mtase	IRAK1.1, IRAK1.2, NFKB1.2, NLRP12.2, NLRP12.5, NLRP3.1, NLRP3.3, NLRP3.5, RELA.1, RELA.2, RELA.4, TAB2.1, TAB2.2	13
PRODB_00309	N	N	Y	Ef_SN21-3_01935	Enterococcus faecalis	hypothetical protein	Y	663241.C9E2L7_9CAUD	5.70E-118	339	4QC08@10239|Viruses,4QVH9@35237|dsDNA viruses  no RNA stage,4QU3C@28883|Caudovirales,4QM7M@10699|Siphoviridae	10699|Siphoviridae	-	-	-	-	-	-	-	-	-	-	-	-	-	-	-	AIM2.1, IKBKB.3, IRAK1.1, IRAK1.2, IRAK1.3, IRAK1.4, IRAK4.1, NAIP.1, NAIP.2, NFKB1.2, NFKBIA.1, NLRC4.1, NLRC4.2, NLRC4.3, NLRC4.4, NLRP1.1, NLRP1.2, NLRP1.3, NLRP1.4, NLRP1.5, NLRP12.1, NLRP12.2, NLRP12.3, NLRP12.4, NLRP12.5, NLRP12.6, NLRP12.7, NLRP3.1, NLRP3.2, NLRP3.3, NLRP3.4, NLRP3.5, NLRP3.6, NLRP6.1, NLRP6.2, RELA.1, RELA.2, RELA.3, RELA.4, TAB2.1, TAB2.2, TLR4.1, TLR4.3, TRAF6.1	44
PRODB_00310	N	N	Y	Ef_DM86_01198	Enterococcus faecalis	hypothetical protein	N	-	-	-	-	-	-	-	-	-	-	-	-	-	-	-	-	-	-	-	-	AIM2.1, IKBKB.1, IKBKB.2, IKBKB.3, IKBKB.4, IRAK1.1, IRAK1.2, IRAK1.3, IRAK1.4, IRAK4.1, IRAK4.2, NAIP.1, NAIP.2, NFKB1.2, NFKBIA.1, NLRC4.1, NLRC4.2, NLRC4.3, NLRC4.4, NLRP1.1, NLRP1.2, NLRP1.3, NLRP1.4, NLRP1.5, NLRP12.1, NLRP12.2, NLRP12.3, NLRP12.4, NLRP12.5, NLRP12.6, NLRP12.7, NLRP3.1, NLRP3.2, NLRP3.3, NLRP3.4, NLRP3.5, NLRP3.6, NLRP6.1, NLRP6.2, RELA.1, RELA.2, RELA.3, RELA.4, TAB2.1, TAB2.2, TLR4.1, TLR4.2, TLR4.3, TRAF6.1	49
PRODB_00311	N	N	Y	Ll_1040_00011	Leuconostoc lactis	Monoacylglycerol lipase	Y	888064.HMPREF9088_2329	2.71E-234	643	COG2267@1|root,COG2267@2|Bacteria,1TRM1@1239|Firmicutes,4HA1B@91061|Bacilli,4B2U3@81852|Enterococcaceae	91061|Bacilli	I	Serine aminopeptidase, S33	-	-	-	-	-	-	-	-	-	-	-	-	Hydrolase_4	AIM2.1, IKBKB.3, IRAK1.1, IRAK1.2, IRAK1.3, IRAK1.4, IRAK4.1, IRAK4.2, NAIP.1, NAIP.2, NFKB1.2, NFKBIA.1, NLRC4.1, NLRC4.2, NLRC4.3, NLRC4.4, NLRP1.1, NLRP1.2, NLRP1.3, NLRP1.4, NLRP1.5, NLRP12.1, NLRP12.2, NLRP12.3, NLRP12.4, NLRP12.5, NLRP12.6, NLRP12.7, NLRP3.1, NLRP3.2, NLRP3.3, NLRP3.4, NLRP3.5, NLRP3.6, NLRP6.1, NLRP6.2, RELA.1, RELA.2, RELA.3, RELA.4, TAB2.1, TAB2.2, TLR4.1, TLR4.2, TLR4.3, TRAF6.1	46
PRODB_00312	N	N	Y	Ec_201805972_02819	Escherichia coli	hypothetical protein	N	-	-	-	-	-	-	-	-	-	-	-	-	-	-	-	-	-	-	-	-	AIM2.1, IKBKB.1, IKBKB.2, IKBKB.3, IKBKB.4, IRAK1.1, IRAK1.2, IRAK1.3, IRAK1.4, IRAK4.1, IRAK4.2, NAIP.1, NAIP.2, NFKB1.2, NFKBIA.1, NLRC4.1, NLRC4.2, NLRC4.3, NLRC4.4, NLRP1.1, NLRP1.2, NLRP1.3, NLRP1.4, NLRP1.5, NLRP12.1, NLRP12.2, NLRP12.3, NLRP12.4, NLRP12.5, NLRP12.6, NLRP12.7, NLRP3.1, NLRP3.2, NLRP3.3, NLRP3.4, NLRP3.5, NLRP3.6, NLRP6.1, NLRP6.2, RELA.1, RELA.2, RELA.3, RELA.4, TAB2.1, TAB2.2, TLR4.1, TLR4.2, TLR4.3, TRAF6.1	49
PRODB_00313	N	N	Y	Ef_EfsC9_02959	Enterococcus faecalis	Aggregation substance	Y	226185.EF_0485	0.00E+00	2252	COG3087@1|root,COG3087@2|Bacteria,1TSVF@1239|Firmicutes,4HGKU@91061|Bacilli	91061|Bacilli	D	Glucan-binding protein C	-	-	-	ko:K20382	ko02024,map02024	-	-	-	ko00000,ko00001	-	-	-	Antigen_C,GbpC,Gram_pos_anchor	AIM2.1, IRAK1.1, IRAK1.2, IRAK1.3, IRAK1.4, IRAK4.1, NAIP.1, NAIP.2, NFKB1.2, NLRC4.3, NLRC4.4, NLRP12.5, NLRP3.1, NLRP3.2, NLRP3.3, NLRP3.4, NLRP3.5, NLRP3.6, RELA.1, RELA.2, RELA.3, RELA.4, TAB2.1, TAB2.2, TRAF6.1	25
PRODB_00314	N	N	Y	Ef_18-243_00397	Enterococcus faecalis	hypothetical protein	Y	888064.HMPREF9088_2330	3.16E-46	152	COG3212@1|root,COG3212@2|Bacteria,1VKPW@1239|Firmicutes,4HRWV@91061|Bacilli,4B48A@81852|Enterococcaceae	91061|Bacilli	S	peptidase	-	-	-	-	-	-	-	-	-	-	-	-	-	AIM2.1, IKBKB.1, IKBKB.2, IKBKB.3, IKBKB.4, IRAK1.1, IRAK1.2, IRAK1.3, IRAK1.4, IRAK4.1, IRAK4.2, NAIP.1, NAIP.2, NFKB1.2, NFKBIA.1, NLRC4.1, NLRC4.2, NLRC4.3, NLRC4.4, NLRP1.1, NLRP1.2, NLRP1.3, NLRP1.4, NLRP1.5, NLRP12.1, NLRP12.2, NLRP12.3, NLRP12.4, NLRP12.5, NLRP12.6, NLRP12.7, NLRP3.1, NLRP3.2, NLRP3.3, NLRP3.4, NLRP3.5, NLRP3.6, NLRP6.1, NLRP6.2, RELA.1, RELA.2, RELA.3, RELA.4, TAB2.1, TAB2.2, TLR4.1, TLR4.2, TLR4.3, TRAF6.1	49
PRODB_00315	N	N	Y	Ef_3143_dup_XTOGA_00074	Enterococcus faecalis	hypothetical protein	N	-	-	-	-	-	-	-	-	-	-	-	-	-	-	-	-	-	-	-	-	AIM2.1, IKBKB.1, IKBKB.2, IKBKB.3, IKBKB.4, IRAK1.1, IRAK1.2, IRAK1.3, IRAK1.4, IRAK4.1, IRAK4.2, NAIP.1, NAIP.2, NFKB1.2, NFKBIA.1, NLRC4.1, NLRC4.2, NLRC4.3, NLRC4.4, NLRP1.1, NLRP1.2, NLRP1.3, NLRP1.4, NLRP1.5, NLRP12.1, NLRP12.2, NLRP12.3, NLRP12.4, NLRP12.5, NLRP12.6, NLRP12.7, NLRP3.1, NLRP3.2, NLRP3.3, NLRP3.4, NLRP3.5, NLRP3.6, NLRP6.1, NLRP6.2, RELA.1, RELA.2, RELA.3, RELA.4, TAB2.1, TAB2.2, TLR4.1, TLR4.2, TLR4.3, TRAF6.1	49
PRODB_00316	N	N	Y	Ef_PartL-Efaecalis-RM8376_00045	Enterococcus faecalis	hypothetical protein	Y	1158608.I583_01060	3.13E-44	149	2BRU0@1|root,32KU5@2|Bacteria,1U22M@1239|Firmicutes,4IBJW@91061|Bacilli,4B3FQ@81852|Enterococcaceae	91061|Bacilli	-	-	-	-	-	-	-	-	-	-	-	-	-	-	-	AIM2.1, IKBKB.3, IRAK1.1, IRAK1.2, IRAK1.3, IRAK1.4, IRAK4.1, NAIP.1, NAIP.2, NFKB1.2, NFKBIA.1, NLRC4.2, NLRC4.3, NLRC4.4, NLRP1.1, NLRP1.2, NLRP1.3, NLRP1.4, NLRP1.5, NLRP12.1, NLRP12.2, NLRP12.3, NLRP12.4, NLRP12.5, NLRP12.6, NLRP12.7, NLRP3.1, NLRP3.2, NLRP3.3, NLRP3.4, NLRP3.5, NLRP3.6, NLRP6.1, NLRP6.2, RELA.1, RELA.2, RELA.3, RELA.4, TAB2.1, TAB2.2, TLR4.1, TLR4.2, TLR4.3, TRAF6.1	44
PRODB_00317	N	N	Y	Lm_6179_03119	Leuconostoc mesenteroides	putative ATP-dependent Clp protease ATP-binding subunit	Y	1140001.I571_02989	0.00E+00	1303	COG0542@1|root,COG0542@2|Bacteria,1TPMU@1239|Firmicutes,4HA0V@91061|Bacilli,4B00Q@81852|Enterococcaceae	91061|Bacilli	O	C-terminal, D2-small domain, of ClpB protein	clpE	-	-	ko:K03697,ko:K04086	-	-	-	-	ko00000,ko03110	-	-	-	AAA,AAA_2,ClpB_D2-small,UVR	AIM2.1, TAB2.2	2
PRODB_00318	N	N	Y	Ef_18-243_01991	Enterococcus faecalis	hypothetical protein	Y	1140001.I571_02092	1.64E-17	80.5	29XT3@1|root,30JJ0@2|Bacteria,1U03D@1239|Firmicutes,4I9DI@91061|Bacilli,4B443@81852|Enterococcaceae	91061|Bacilli	-	-	-	-	-	-	-	-	-	-	-	-	-	-	-	AIM2.1, IKBKB.3, IRAK1.1, IRAK1.2, IRAK1.3, IRAK1.4, IRAK4.1, IRAK4.2, NAIP.1, NAIP.2, NFKB1.2, NFKBIA.1, NLRC4.1, NLRC4.2, NLRC4.3, NLRC4.4, NLRP1.1, NLRP1.2, NLRP1.3, NLRP1.4, NLRP1.5, NLRP12.1, NLRP12.2, NLRP12.3, NLRP12.4, NLRP12.5, NLRP12.6, NLRP12.7, NLRP3.1, NLRP3.2, NLRP3.3, NLRP3.4, NLRP3.5, NLRP3.6, NLRP6.1, NLRP6.2, RELA.1, RELA.2, RELA.3, RELA.4, TAB2.1, TAB2.2, TLR4.1, TLR4.2, TLR4.3, TRAF6.1	46
PRODB_00319	N	N	Y	Ef_HA-1_02059	Enterococcus faecalis	hypothetical protein	Y	386043.lwe1204	3.78E-23	99.4	2BHPW@1|root,32BT5@2|Bacteria,1VKP8@1239|Firmicutes,4I0FB@91061|Bacilli,26MEQ@186820|Listeriaceae	91061|Bacilli	L	SANT  SWI3, ADA2, N-CoR and TFIIIB'' DNA-binding domains	-	-	-	-	-	-	-	-	-	-	-	-	-	AIM2.1, IRAK1.1, IRAK1.2, IRAK1.3, IRAK1.4, IRAK4.1, NAIP.1, NAIP.2, NFKB1.2, NFKBIA.1, NLRC4.2, NLRC4.3, NLRC4.4, NLRP1.1, NLRP1.2, NLRP1.3, NLRP1.4, NLRP1.5, NLRP12.1, NLRP12.2, NLRP12.3, NLRP12.4, NLRP12.5, NLRP12.6, NLRP12.7, NLRP3.1, NLRP3.2, NLRP3.3, NLRP3.4, NLRP3.5, NLRP3.6, NLRP6.1, NLRP6.2, RELA.1, RELA.2, RELA.3, RELA.4, TAB2.1, TAB2.2, TLR4.1, TLR4.2, TLR4.3, TRAF6.1	43
PRODB_00320	N	N	Y	Ef_AR_0780_02643	Enterococcus faecalis	hypothetical protein	Y	272626.lin1253	1.60E-122	371	28KSN@1|root,2Z9PR@2|Bacteria,1TSZJ@1239|Firmicutes,4HQ11@91061|Bacilli	91061|Bacilli	S	the current gene model (or a revised gene model) may contain a frame shift	-	-	-	-	-	-	-	-	-	-	-	-	PcfJ	AIM2.1, IRAK1.1, IRAK1.2, IRAK1.3, IRAK1.4, IRAK4.1, NFKB1.2, NFKBIA.1, NLRC4.3, NLRC4.4, NLRP1.1, NLRP1.2, NLRP1.3, NLRP1.4, NLRP12.1, NLRP12.2, NLRP12.4, NLRP12.5, NLRP12.6, NLRP12.7, NLRP3.1, NLRP3.2, NLRP3.3, NLRP3.4, NLRP3.5, NLRP3.6, RELA.1, RELA.2, RELA.3, RELA.4, TAB2.1, TAB2.2, TRAF6.1	33
PRODB_00321	N	N	Y	Ef_C54_02473	Enterococcus faecalis	hypothetical protein	N	-	-	-	-	-	-	-	-	-	-	-	-	-	-	-	-	-	-	-	-	AIM2.1, IKBKB.1, IKBKB.2, IKBKB.3, IKBKB.4, IRAK1.1, IRAK1.2, IRAK1.3, IRAK1.4, IRAK4.1, IRAK4.2, NAIP.1, NAIP.2, NFKB1.2, NFKBIA.1, NLRC4.1, NLRC4.2, NLRC4.3, NLRC4.4, NLRP1.1, NLRP1.2, NLRP1.3, NLRP1.4, NLRP1.5, NLRP12.1, NLRP12.2, NLRP12.3, NLRP12.4, NLRP12.5, NLRP12.6, NLRP12.7, NLRP3.1, NLRP3.2, NLRP3.3, NLRP3.4, NLRP3.5, NLRP3.6, NLRP6.1, NLRP6.2, RELA.1, RELA.2, RELA.3, RELA.4, TAB2.1, TAB2.2, TLR4.1, TLR4.2, TLR4.3, TRAF6.1	49
PRODB_00322	N	N	Y	Lc_CIRM-BIA_1560_02221	Lactobacillus crispatus	Tagatose-6-phosphate kinase	Y	1215915.BN193_08765	6.26E-218	602	COG1105@1|root,COG1105@2|Bacteria,1TR9H@1239|Firmicutes,4HAGR@91061|Bacilli,1YBZJ@1357|Lactococcus	91061|Bacilli	F	pfkB family carbohydrate kinase	lacC	-	2.7.1.144	ko:K00917	ko00052,ko01100,map00052,map01100	-	R03236	RC00002,RC00017	ko00000,ko00001,ko01000	-	-	-	PfkB	AIM2.1, IRAK1.1, IRAK1.2, IRAK1.3, IRAK1.4, IRAK4.1, NFKB1.2, NFKBIA.1, NLRC4.2, NLRC4.3, NLRC4.4, NLRP1.4, NLRP3.1, NLRP3.2, NLRP3.3, NLRP3.4, NLRP3.5, NLRP3.6, RELA.1, RELA.4, TAB2.1, TAB2.2, TRAF6.1	23
PRODB_00323	N	N	Y	Ef_BE15_00453	Enterococcus faecalis	Galactose-6-phosphate isomerase subunit LacA	Y	1121105.ATXL01000060_gene1985	9.76E-93	271	COG0698@1|root,COG0698@2|Bacteria,1V1BY@1239|Firmicutes,4HFXN@91061|Bacilli,4B6X9@81852|Enterococcaceae	91061|Bacilli	G	Ribose/Galactose Isomerase	lacA	-	5.3.1.26	ko:K01819	ko00052,ko01100,map00052,map01100	-	R03240	RC00376	ko00000,ko00001,ko01000	-	-	-	LacAB_rpiB	AIM2.1, IRAK1.1, IRAK1.2, IRAK1.3, IRAK1.4, IRAK4.1, IRAK4.2, NAIP.1, NAIP.2, NFKB1.2, NFKBIA.1, NLRC4.3, NLRC4.4, NLRP1.1, NLRP1.2, NLRP1.3, NLRP1.4, NLRP1.5, NLRP12.2, NLRP12.5, NLRP12.6, NLRP3.1, NLRP3.2, NLRP3.3, NLRP3.4, NLRP3.5, NLRP3.6, RELA.1, RELA.2, RELA.3, RELA.4, TAB2.1, TAB2.2, TLR4.1, TLR4.2, TLR4.3, TRAF6.1	37
PRODB_00324	N	N	Y	Ef_N775_PC7_01211	Enterococcus faecalis	hypothetical protein	Y	1449338.JQLU01000005_gene1862	1.80E-66	218	2DWNB@1|root,3415U@2|Bacteria,1VX9U@1239|Firmicutes,4HX0A@91061|Bacilli	91061|Bacilli	-	-	-	-	-	ko:K01992	-	M00254	-	-	ko00000,ko00002,ko02000	3.A.1	-	-	-	AIM2.1, IKBKB.1, IKBKB.2, IKBKB.3, IKBKB.4, IRAK1.1, IRAK1.2, IRAK1.3, IRAK1.4, IRAK4.1, IRAK4.2, NAIP.1, NAIP.2, NFKB1.2, NFKBIA.1, NLRC4.1, NLRC4.2, NLRC4.3, NLRC4.4, NLRP1.1, NLRP1.2, NLRP1.3, NLRP1.4, NLRP1.5, NLRP12.1, NLRP12.2, NLRP12.3, NLRP12.4, NLRP12.5, NLRP12.6, NLRP12.7, NLRP3.1, NLRP3.2, NLRP3.3, NLRP3.4, NLRP3.5, NLRP3.6, NLRP6.1, NLRP6.2, RELA.1, RELA.2, RELA.3, RELA.4, TAB2.1, TAB2.2, TLR4.1, TLR4.2, TLR4.3, TRAF6.1	49
PRODB_00325	N	N	Y	Ef_732_01377	Enterococcus faecalis	hypothetical protein	Y	1449338.JQLU01000005_gene1862	1.61E-22	97.1	2DWNB@1|root,3415U@2|Bacteria,1VX9U@1239|Firmicutes,4HX0A@91061|Bacilli	91061|Bacilli	-	-	-	-	-	ko:K01992	-	M00254	-	-	ko00000,ko00002,ko02000	3.A.1	-	-	-	AIM2.1, IKBKB.1, IKBKB.2, IKBKB.3, IKBKB.4, IRAK1.1, IRAK1.2, IRAK1.3, IRAK1.4, IRAK4.1, IRAK4.2, NAIP.1, NAIP.2, NFKB1.2, NFKBIA.1, NLRC4.1, NLRC4.2, NLRC4.3, NLRC4.4, NLRP1.1, NLRP1.2, NLRP1.3, NLRP1.4, NLRP1.5, NLRP12.1, NLRP12.2, NLRP12.3, NLRP12.4, NLRP12.5, NLRP12.6, NLRP12.7, NLRP3.1, NLRP3.2, NLRP3.3, NLRP3.4, NLRP3.5, NLRP3.6, NLRP6.1, NLRP6.2, RELA.1, RELA.2, RELA.3, RELA.4, TAB2.1, TAB2.2, TLR4.1, TLR4.2, TLR4.3, TRAF6.1	49
PRODB_00326	N	N	Y	Lc_CIRM-BIA_642_01563	Lactobacillus crispatus	Lactose phosphotransferase system repressor	Y	1158601.I585_04000	2.73E-161	454	COG1349@1|root,COG1349@2|Bacteria,1UZ14@1239|Firmicutes,4HHYV@91061|Bacilli,4B66V@81852|Enterococcaceae	91061|Bacilli	K	DeoR C terminal sensor domain	lacR	GO:0006355,GO:0008150,GO:0009889,GO:0010468,GO:0010556,GO:0019219,GO:0019222,GO:0031323,GO:0031326,GO:0050789,GO:0050794,GO:0051171,GO:0051252,GO:0060255,GO:0065007,GO:0080090,GO:1903506,GO:2000112,GO:2001141	-	ko:K02530	-	-	-	-	ko00000,ko03000	-	-	-	DeoRC,HTH_DeoR	AIM2.1, IRAK1.1, IRAK1.2, IRAK1.3, IRAK1.4, IRAK4.1, IRAK4.2, NAIP.1, NAIP.2, NFKB1.2, NFKBIA.1, NLRC4.1, NLRC4.2, NLRC4.3, NLRC4.4, NLRP1.1, NLRP1.2, NLRP1.3, NLRP1.4, NLRP1.5, NLRP12.1, NLRP12.2, NLRP12.4, NLRP12.5, NLRP12.6, NLRP12.7, NLRP3.1, NLRP3.2, NLRP3.3, NLRP3.4, NLRP3.5, NLRP3.6, RELA.1, RELA.2, RELA.3, RELA.4, TAB2.1, TAB2.2, TLR4.1, TLR4.2, TLR4.3, TRAF6.1	42
PRODB_00327	N	N	Y	Lp_TM115-29_01209	Lacticaseibacillus paracasei	Protein LacX, plasmid	Y	1215915.BN193_08790	1.21E-210	582	COG2017@1|root,COG2017@2|Bacteria,1U26T@1239|Firmicutes,4HA4J@91061|Bacilli,1YBEN@1357|Lactococcus	91061|Bacilli	G	Aldose 1-epimerase	lacX	-	-	-	-	-	-	-	-	-	-	-	Aldose_epim	AIM2.1, IRAK1.1, IRAK1.2, IRAK1.3, IRAK1.4, NFKB1.2, NLRC4.1, NLRC4.4, NLRP1.1, NLRP1.2, NLRP1.3, NLRP1.4, NLRP3.1, NLRP3.2, NLRP3.3, NLRP3.4, NLRP3.5, NLRP3.6, RELA.1, RELA.2, RELA.3, RELA.4, TAB2.1, TAB2.2	24
PRODB_00328	N	N	Y	Lc_CHLC-LB07_00316	Lactobacillus crispatus	PTS system lactose-specific EIIA component	Y	1158601.I585_04005	5.55E-66	201	COG1447@1|root,COG1447@2|Bacteria,1V87W@1239|Firmicutes,4HJSY@91061|Bacilli,4B6DC@81852|Enterococcaceae	91061|Bacilli	G	PTS system, Lactose/Cellobiose specific IIA subunit	lacF	-	2.7.1.196,2.7.1.205,2.7.1.207	ko:K02759,ko:K02786	ko00052,ko00500,ko01100,ko02060,map00052,map00500,map01100,map02060	M00275,M00281	R04393,R11170,R11172	RC00017,RC03206	ko00000,ko00001,ko00002,ko01000,ko02000	4.A.3.1,4.A.3.2	-	-	PTS_IIA	AIM2.1, IRAK1.1, IRAK1.2, IRAK1.3, IRAK1.4, IRAK4.1, NAIP.1, NAIP.2, NFKB1.2, NFKBIA.1, NLRC4.2, NLRC4.4, NLRP1.1, NLRP1.2, NLRP1.3, NLRP1.4, NLRP12.5, NLRP3.1, NLRP3.2, NLRP3.3, NLRP3.4, NLRP3.5, NLRP3.6, RELA.1, RELA.2, RELA.3, RELA.4, TAB2.1, TAB2.2, TLR4.1, TLR4.2, TLR4.3, TRAF6.1	33
PRODB_00329	N	N	Y	Ef_18-243_00396	Enterococcus faecalis	ISL3 family transposase ISSpn3	Y	1449342.JQMR01000001_gene1520	3.74E-65	208	COG3464@1|root,COG3464@2|Bacteria,1TQ93@1239|Firmicutes,4HC0Q@91061|Bacilli,27FC8@186828|Carnobacteriaceae	91061|Bacilli	L	Transposase	-	-	-	-	-	-	-	-	-	-	-	-	DDE_Tnp_ISL3,HTH_Tnp_ISL3,zf-ISL3	AIM2.1, IKBKB.1, IKBKB.2, IKBKB.3, IKBKB.4, IRAK1.1, IRAK1.2, IRAK1.3, IRAK1.4, IRAK4.1, IRAK4.2, NAIP.1, NAIP.2, NFKB1.2, NFKBIA.1, NLRC4.1, NLRC4.2, NLRC4.3, NLRC4.4, NLRP1.1, NLRP1.2, NLRP1.3, NLRP1.4, NLRP1.5, NLRP12.1, NLRP12.2, NLRP12.3, NLRP12.4, NLRP12.5, NLRP12.6, NLRP12.7, NLRP3.1, NLRP3.2, NLRP3.3, NLRP3.4, NLRP3.5, NLRP3.6, NLRP6.1, NLRP6.2, RELA.1, RELA.2, RELA.3, RELA.4, TAB2.1, TAB2.2, TLR4.1, TLR4.2, TLR4.3, TRAF6.1	49
PRODB_00330	N	N	Y	Ef_FDAARGOS_338_02389	Enterococcus faecalis	hypothetical protein	Y	1552123.EP57_01825	8.21E-06	51.2	2EVT1@1|root,33P6X@2|Bacteria,1VPUM@1239|Firmicutes,4HS2S@91061|Bacilli,26MYW@186820|Listeriaceae	91061|Bacilli	-	-	-	-	-	-	-	-	-	-	-	-	-	-	-	AIM2.1, IKBKB.1, IKBKB.2, IKBKB.3, IKBKB.4, IRAK1.1, IRAK1.2, IRAK1.3, IRAK1.4, IRAK4.1, IRAK4.2, NAIP.1, NAIP.2, NFKB1.2, NFKBIA.1, NLRC4.1, NLRC4.2, NLRC4.3, NLRC4.4, NLRP1.1, NLRP1.2, NLRP1.3, NLRP1.4, NLRP1.5, NLRP12.1, NLRP12.2, NLRP12.3, NLRP12.4, NLRP12.5, NLRP12.6, NLRP12.7, NLRP3.1, NLRP3.2, NLRP3.3, NLRP3.4, NLRP3.5, NLRP3.6, NLRP6.1, NLRP6.2, RELA.1, RELA.2, RELA.3, RELA.4, TAB2.1, TAB2.2, TLR4.1, TLR4.2, TLR4.3, TRAF6.1	49
PRODB_00331	N	N	Y	Ef_SY-1_01319	Enterococcus faecalis	hypothetical protein	N	-	-	-	-	-	-	-	-	-	-	-	-	-	-	-	-	-	-	-	-	AIM2.1, IKBKB.1, IKBKB.2, IKBKB.3, IKBKB.4, IRAK1.1, IRAK1.2, IRAK1.3, IRAK1.4, IRAK4.1, IRAK4.2, NAIP.1, NAIP.2, NFKB1.2, NFKBIA.1, NLRC4.1, NLRC4.2, NLRC4.3, NLRC4.4, NLRP1.1, NLRP1.2, NLRP1.3, NLRP1.4, NLRP1.5, NLRP12.1, NLRP12.2, NLRP12.3, NLRP12.4, NLRP12.5, NLRP12.6, NLRP12.7, NLRP3.1, NLRP3.2, NLRP3.3, NLRP3.4, NLRP3.5, NLRP3.6, NLRP6.1, NLRP6.2, RELA.1, RELA.2, RELA.3, RELA.4, TAB2.1, TAB2.2, TLR4.1, TLR4.2, TLR4.3, TRAF6.1	49
PRODB_00332	N	N	Y	Ef_JARB-HU0796_01749	Enterococcus faecalis	hypothetical protein	Y	663241.C9E2M1_9CAUD	1.31E-123	353	4QAQV@10239|Viruses,4QUPK@35237|dsDNA viruses  no RNA stage,4QPCB@28883|Caudovirales,4QKM5@10699|Siphoviridae	10699|Siphoviridae	S	sequence-specific DNA binding	-	GO:0001047,GO:0001067,GO:0003674,GO:0003676,GO:0003677,GO:0005488,GO:0005515,GO:0005575,GO:0006355,GO:0008150,GO:0009889,GO:0009890,GO:0009892,GO:0010468,GO:0010556,GO:0010558,GO:0010605,GO:0010629,GO:0010944,GO:0016032,GO:0019012,GO:0019042,GO:0019044,GO:0019219,GO:0019222,GO:0031323,GO:0031324,GO:0031326,GO:0031327,GO:0042802,GO:0043900,GO:0043902,GO:0043903,GO:0044212,GO:0044403,GO:0044419,GO:0045892,GO:0045934,GO:0046782,GO:0048518,GO:0048519,GO:0048523,GO:0048524,GO:0050434,GO:0050789,GO:0050792,GO:0050794,GO:0051171,GO:0051172,GO:0051252,GO:0051253,GO:0051704,GO:0060255,GO:0065007,GO:0080090,GO:0097159,GO:1901363,GO:1902679,GO:1903506,GO:1903507,GO:2000112,GO:2000113,GO:2001141	-	-	-	-	-	-	-	-	-	-	-	AIM2.1, IKBKB.1, IKBKB.2, IKBKB.3, IKBKB.4, IRAK1.1, IRAK1.2, IRAK1.3, IRAK1.4, IRAK4.1, IRAK4.2, NAIP.1, NAIP.2, NFKB1.2, NFKBIA.1, NLRC4.1, NLRC4.2, NLRC4.3, NLRC4.4, NLRP1.1, NLRP1.2, NLRP1.3, NLRP1.4, NLRP1.5, NLRP12.1, NLRP12.2, NLRP12.3, NLRP12.4, NLRP12.5, NLRP12.6, NLRP12.7, NLRP3.1, NLRP3.2, NLRP3.3, NLRP3.4, NLRP3.5, NLRP3.6, NLRP6.1, NLRP6.2, RELA.1, RELA.2, RELA.3, RELA.4, TAB2.1, TAB2.2, TLR4.1, TLR4.2, TLR4.3, TRAF6.1	49
PRODB_00333	N	N	Y	Ef_KUB3006_01893	Enterococcus faecalis	hypothetical protein	Y	663241.C9E2M2_9CAUD	1.89E-51	162	4QB0K@10239|Viruses,4QV7M@35237|dsDNA viruses  no RNA stage,4QREE@28883|Caudovirales,4QM85@10699|Siphoviridae	10699|Siphoviridae	S	Protein of unknown function (DUF739)	-	-	-	-	-	-	-	-	-	-	-	-	-	AIM2.1, IKBKB.3, IRAK1.1, IRAK1.2, IRAK1.3, IRAK1.4, IRAK4.1, IRAK4.2, NAIP.1, NAIP.2, NFKB1.2, NFKBIA.1, NLRC4.1, NLRC4.2, NLRC4.3, NLRC4.4, NLRP1.1, NLRP1.2, NLRP1.3, NLRP1.4, NLRP1.5, NLRP12.1, NLRP12.2, NLRP12.3, NLRP12.4, NLRP12.5, NLRP12.6, NLRP12.7, NLRP3.1, NLRP3.2, NLRP3.3, NLRP3.4, NLRP3.5, NLRP3.6, NLRP6.1, NLRP6.2, RELA.1, RELA.2, RELA.3, RELA.4, TAB2.1, TAB2.2, TLR4.1, TLR4.2, TLR4.3, TRAF6.1	46
PRODB_00334	N	N	Y	Ef_EfsC9_01949	Enterococcus faecalis	hypothetical protein	Y	663241.C9E2M3_9CAUD	1.50E-169	473	4QAPV@10239|Viruses,4QV7H@35237|dsDNA viruses  no RNA stage,4QPC3@28883|Caudovirales,4QKMY@10699|Siphoviridae	10699|Siphoviridae	S	DNA binding	-	-	-	-	-	-	-	-	-	-	-	-	-	AIM2.1, IKBKB.1, IKBKB.2, IKBKB.3, IKBKB.4, IRAK1.1, IRAK1.2, IRAK1.3, IRAK1.4, IRAK4.1, IRAK4.2, NAIP.1, NAIP.2, NFKB1.2, NFKBIA.1, NLRC4.1, NLRC4.2, NLRC4.3, NLRC4.4, NLRP1.1, NLRP1.2, NLRP1.3, NLRP1.4, NLRP1.5, NLRP12.1, NLRP12.2, NLRP12.3, NLRP12.4, NLRP12.5, NLRP12.6, NLRP12.7, NLRP3.1, NLRP3.2, NLRP3.3, NLRP3.4, NLRP3.5, NLRP3.6, NLRP6.1, NLRP6.2, RELA.1, RELA.2, RELA.3, RELA.4, TAB2.1, TAB2.2, TLR4.1, TLR4.2, TLR4.3, TRAF6.1	49
PRODB_00335	N	N	Y	Ll_CF101_02561	Leuconostoc lactis	ATP synthase subunit beta	Y	416870.llmg_1946	0.00E+00	946	COG0055@1|root,COG0055@2|Bacteria,1TPGF@1239|Firmicutes,4HAT6@91061|Bacilli,1YBGU@1357|Lactococcus	91061|Bacilli	F	Produces ATP from ADP in the presence of a proton gradient across the membrane. The catalytic sites are hosted primarily by the beta subunits	atpD	-	3.6.3.14	ko:K02112	ko00190,ko00195,ko01100,map00190,map00195,map01100	M00157	-	-	ko00000,ko00001,ko00002,ko00194,ko01000	3.A.2.1	-	iSB619.SA_RS10965	ATP-synt_ab,ATP-synt_ab_N	AIM2.1, IRAK1.1, IRAK1.2, IRAK1.3, IRAK1.4, NFKB1.2	6
PRODB_00336	N	N	Y	Ef_BE5_00522	Enterococcus faecalis	hypothetical protein	Y	1201292.DR75_2616	2.22E-102	295	COG0295@1|root,COG0295@2|Bacteria,1V58S@1239|Firmicutes,4HHTM@91061|Bacilli,4B411@81852|Enterococcaceae	91061|Bacilli	F	cytidine deaminase activity	-	-	-	-	-	-	-	-	-	-	-	-	dCMP_cyt_deam_1	AIM2.1, IKBKB.1, IKBKB.2, IKBKB.3, IKBKB.4, IRAK1.1, IRAK1.2, IRAK1.3, IRAK1.4, IRAK4.1, IRAK4.2, NAIP.1, NAIP.2, NFKB1.2, NFKBIA.1, NLRC4.1, NLRC4.2, NLRC4.3, NLRC4.4, NLRP1.1, NLRP1.2, NLRP1.3, NLRP1.4, NLRP1.5, NLRP12.1, NLRP12.2, NLRP12.3, NLRP12.4, NLRP12.5, NLRP12.6, NLRP12.7, NLRP3.1, NLRP3.2, NLRP3.3, NLRP3.4, NLRP3.5, NLRP3.6, NLRP6.1, NLRP6.2, RELA.1, RELA.2, RELA.3, RELA.4, TAB2.1, TAB2.2, TLR4.1, TLR4.2, TLR4.3, TRAF6.1	49
PRODB_00337	N	N	Y	Lp_TM115-189_02222	Lacticaseibacillus paracasei	hypothetical protein	Y	1231377.C426_0907	1.26E-34	119	2E37J@1|root,32Y79@2|Bacteria,1VI5W@1239|Firmicutes,4HP73@91061|Bacilli	91061|Bacilli	-	-	-	-	-	-	-	-	-	-	-	-	-	-	-	AIM2.1, IKBKB.1, IKBKB.2, IKBKB.3, IKBKB.4, IRAK1.1, IRAK1.2, IRAK1.3, IRAK1.4, IRAK4.1, IRAK4.2, NAIP.1, NAIP.2, NFKB1.2, NFKBIA.1, NLRC4.1, NLRC4.2, NLRC4.3, NLRC4.4, NLRP1.1, NLRP1.2, NLRP1.3, NLRP1.4, NLRP1.5, NLRP12.1, NLRP12.2, NLRP12.3, NLRP12.4, NLRP12.5, NLRP12.6, NLRP12.7, NLRP3.1, NLRP3.2, NLRP3.3, NLRP3.4, NLRP3.5, NLRP3.6, NLRP6.1, NLRP6.2, RELA.1, RELA.2, RELA.3, RELA.4, TAB2.1, TAB2.2, TLR4.1, TLR4.2, TLR4.3, TRAF6.1	49
PRODB_00338	N	N	Y	Ef_18-243_01990	Enterococcus faecalis	hypothetical protein	N	-	-	-	-	-	-	-	-	-	-	-	-	-	-	-	-	-	-	-	-	AIM2.1, IKBKB.2, IKBKB.3, IKBKB.4, IRAK1.1, IRAK1.2, IRAK1.3, IRAK1.4, IRAK4.1, IRAK4.2, NAIP.1, NAIP.2, NFKB1.2, NFKBIA.1, NLRC4.1, NLRC4.2, NLRC4.3, NLRC4.4, NLRP1.1, NLRP1.2, NLRP1.3, NLRP1.4, NLRP1.5, NLRP12.1, NLRP12.2, NLRP12.3, NLRP12.4, NLRP12.5, NLRP12.6, NLRP12.7, NLRP3.1, NLRP3.2, NLRP3.3, NLRP3.4, NLRP3.5, NLRP3.6, NLRP6.1, NLRP6.2, RELA.1, RELA.2, RELA.3, RELA.4, TAB2.1, TAB2.2, TLR4.1, TLR4.2, TLR4.3, TRAF6.1	48
PRODB_00339	N	N	Y	Ec_13E0725_00291	Escherichia coli	hypothetical protein	N	-	-	-	-	-	-	-	-	-	-	-	-	-	-	-	-	-	-	-	-	AIM2.1, IKBKB.1, IKBKB.2, IKBKB.3, IKBKB.4, IRAK1.1, IRAK1.2, IRAK1.3, IRAK1.4, IRAK4.1, IRAK4.2, NAIP.1, NAIP.2, NFKB1.2, NFKBIA.1, NLRC4.1, NLRC4.2, NLRC4.3, NLRC4.4, NLRP1.1, NLRP1.2, NLRP1.3, NLRP1.4, NLRP1.5, NLRP12.1, NLRP12.2, NLRP12.3, NLRP12.4, NLRP12.5, NLRP12.6, NLRP12.7, NLRP3.1, NLRP3.2, NLRP3.3, NLRP3.4, NLRP3.5, NLRP3.6, NLRP6.1, NLRP6.2, RELA.1, RELA.2, RELA.3, RELA.4, TAB2.1, TAB2.2, TLR4.1, TLR4.2, TLR4.3, TRAF6.1	49
PRODB_00340	N	N	Y	Ef_K191-1_01828	Enterococcus faecalis	hypothetical protein	N	-	-	-	-	-	-	-	-	-	-	-	-	-	-	-	-	-	-	-	-	AIM2.1, IKBKB.1, IKBKB.2, IKBKB.3, IKBKB.4, IRAK1.1, IRAK1.2, IRAK1.3, IRAK1.4, IRAK4.1, IRAK4.2, NAIP.1, NAIP.2, NFKB1.2, NFKBIA.1, NLRC4.1, NLRC4.2, NLRC4.3, NLRC4.4, NLRP1.1, NLRP1.2, NLRP1.3, NLRP1.4, NLRP1.5, NLRP12.1, NLRP12.2, NLRP12.3, NLRP12.4, NLRP12.5, NLRP12.6, NLRP12.7, NLRP3.1, NLRP3.2, NLRP3.3, NLRP3.4, NLRP3.5, NLRP3.6, NLRP6.1, NLRP6.2, RELA.1, RELA.2, RELA.3, RELA.4, TAB2.1, TAB2.2, TLR4.1, TLR4.2, TLR4.3, TRAF6.1	49
PRODB_00341	N	N	Y	Ef_BE5_02118	Enterococcus faecalis	hypothetical protein	Y	1158601.I585_01196	2.41E-64	202	29YP4@1|root,30KIR@2|Bacteria,1U76Y@1239|Firmicutes,4IH1S@91061|Bacilli,4B1IJ@81852|Enterococcaceae	91061|Bacilli	S	Domain of unknown function (DUF5067)	-	-	-	-	-	-	-	-	-	-	-	-	DUF5067	AIM2.1, IRAK1.1, IRAK1.2, IRAK1.3, IRAK1.4, IRAK4.1, IRAK4.2, NAIP.1, NAIP.2, NFKB1.2, NFKBIA.1, NLRC4.1, NLRC4.2, NLRC4.3, NLRC4.4, NLRP1.1, NLRP1.2, NLRP1.3, NLRP1.4, NLRP1.5, NLRP12.1, NLRP12.2, NLRP12.3, NLRP12.4, NLRP12.5, NLRP12.6, NLRP12.7, NLRP3.1, NLRP3.2, NLRP3.3, NLRP3.4, NLRP3.5, NLRP3.6, NLRP6.1, NLRP6.2, RELA.1, RELA.2, RELA.3, RELA.4, TAB2.1, TAB2.2, TLR4.1, TLR4.2, TLR4.3, TRAF6.1	45
PRODB_00342	N	N	Y	Ef_BE15_01661	Enterococcus faecalis	hypothetical protein	Y	1201292.DR75_817	5.28E-53	166	2AJW5@1|root,3321D@2|Bacteria,1VFNY@1239|Firmicutes,4HRZZ@91061|Bacilli,4B3EX@81852|Enterococcaceae	91061|Bacilli	S	Helix-turn-helix domain	-	-	-	-	-	-	-	-	-	-	-	-	HTH_16	AIM2.1, IKBKB.1, IKBKB.2, IKBKB.3, IKBKB.4, IRAK1.1, IRAK1.2, IRAK1.3, IRAK1.4, IRAK4.1, IRAK4.2, NAIP.1, NAIP.2, NFKB1.2, NFKBIA.1, NLRC4.1, NLRC4.2, NLRC4.3, NLRC4.4, NLRP1.1, NLRP1.2, NLRP1.3, NLRP1.4, NLRP1.5, NLRP12.1, NLRP12.2, NLRP12.3, NLRP12.4, NLRP12.5, NLRP12.6, NLRP12.7, NLRP3.1, NLRP3.2, NLRP3.3, NLRP3.4, NLRP3.5, NLRP3.6, NLRP6.1, NLRP6.2, RELA.1, RELA.2, RELA.3, RELA.4, TAB2.1, TAB2.2, TLR4.1, TLR4.2, TLR4.3, TRAF6.1	49
PRODB_00343	N	N	Y	Ef_E512-TC1_00060	Enterococcus faecalis	hypothetical protein	Y	226185.EF_0068	9.23E-99	286	2DFS5@1|root,2ZSWI@2|Bacteria,1W53R@1239|Firmicutes,4I1IM@91061|Bacilli	91061|Bacilli	-	-	-	-	-	-	-	-	-	-	-	-	-	-	-	AIM2.1, IKBKB.1, IKBKB.2, IKBKB.3, IKBKB.4, IRAK1.1, IRAK1.2, IRAK1.3, IRAK1.4, IRAK4.1, IRAK4.2, NAIP.1, NAIP.2, NFKB1.2, NFKBIA.1, NLRC4.1, NLRC4.2, NLRC4.3, NLRC4.4, NLRP1.1, NLRP1.2, NLRP1.3, NLRP1.4, NLRP1.5, NLRP12.1, NLRP12.2, NLRP12.3, NLRP12.4, NLRP12.5, NLRP12.6, NLRP12.7, NLRP3.1, NLRP3.2, NLRP3.3, NLRP3.4, NLRP3.5, NLRP3.6, NLRP6.1, NLRP6.2, RELA.1, RELA.2, RELA.3, RELA.4, TAB2.1, TAB2.2, TLR4.1, TLR4.2, TLR4.3, TRAF6.1	49
PRODB_00344	N	N	Y	Ef_BE5_02119	Enterococcus faecalis	hypothetical protein	Y	1292035.H476_2311	1.18E-05	54.7	2DMDB@1|root,32PH9@2|Bacteria,1V72H@1239|Firmicutes,24NJX@186801|Clostridia	186801|Clostridia	S	Short C-terminal domain	-	-	-	-	-	-	-	-	-	-	-	-	SHOCT	AIM2.1, IRAK1.1, IRAK1.2, IRAK1.3, IRAK1.4, IRAK4.1, NAIP.1, NAIP.2, NFKB1.2, NLRC4.3, NLRC4.4, NLRP1.1, NLRP1.2, NLRP1.3, NLRP1.4, NLRP1.5, NLRP12.1, NLRP12.2, NLRP12.4, NLRP12.5, NLRP12.6, NLRP12.7, NLRP3.1, NLRP3.2, NLRP3.3, NLRP3.4, NLRP3.5, NLRP3.6, RELA.1, RELA.2, RELA.3, RELA.4, TAB2.1, TAB2.2, TLR4.3, TRAF6.1	36
PRODB_00345	N	N	Y	Ef_142-1_02239	Enterococcus faecalis	hypothetical protein	Y	663241.C9E2L6_9CAUD	4.20E-264	724	4QAQE@10239|Viruses,4QUYF@35237|dsDNA viruses  no RNA stage,4QPDM@28883|Caudovirales,4QKN9@10699|Siphoviridae	10699|Siphoviridae	S	Phage integrase family	-	GO:0006139,GO:0006259,GO:0006725,GO:0006807,GO:0008150,GO:0008152,GO:0009987,GO:0015074,GO:0034641,GO:0043170,GO:0044237,GO:0044238,GO:0044260,GO:0046483,GO:0071704,GO:0090304,GO:1901360	-	-	-	-	-	-	-	-	-	-	-	AIM2.1, IKBKB.1, IKBKB.2, IKBKB.3, IKBKB.4, IRAK1.1, IRAK1.2, IRAK1.3, IRAK1.4, IRAK4.1, IRAK4.2, NAIP.1, NAIP.2, NFKB1.2, NFKBIA.1, NLRC4.1, NLRC4.2, NLRC4.3, NLRC4.4, NLRP1.1, NLRP1.2, NLRP1.3, NLRP1.4, NLRP1.5, NLRP12.1, NLRP12.2, NLRP12.3, NLRP12.4, NLRP12.5, NLRP12.6, NLRP12.7, NLRP3.1, NLRP3.2, NLRP3.3, NLRP3.4, NLRP3.5, NLRP3.6, NLRP6.1, NLRP6.2, RELA.1, RELA.2, RELA.3, RELA.4, TAB2.1, TAB2.2, TLR4.1, TLR4.2, TLR4.3, TRAF6.1	49
PRODB_00346	N	N	Y	Ef_HRH46_02437	Enterococcus faecalis	hypothetical protein	Y	1139996.OMQ_01181	9.81E-27	105	2E6M0@1|root,3317M@2|Bacteria,1VD50@1239|Firmicutes,4HNFN@91061|Bacilli,4B371@81852|Enterococcaceae	91061|Bacilli	-	-	-	-	-	-	-	-	-	-	-	-	-	-	-	AIM2.1, IKBKB.1, IKBKB.2, IKBKB.3, IKBKB.4, IRAK1.1, IRAK1.2, IRAK1.3, IRAK1.4, IRAK4.1, IRAK4.2, NAIP.1, NAIP.2, NFKB1.2, NFKBIA.1, NLRC4.1, NLRC4.2, NLRC4.3, NLRC4.4, NLRP1.1, NLRP1.2, NLRP1.3, NLRP1.4, NLRP1.5, NLRP12.1, NLRP12.2, NLRP12.3, NLRP12.4, NLRP12.5, NLRP12.6, NLRP12.7, NLRP3.1, NLRP3.2, NLRP3.3, NLRP3.4, NLRP3.5, NLRP3.6, NLRP6.1, NLRP6.2, RELA.1, RELA.2, RELA.3, RELA.4, TAB2.1, TAB2.2, TLR4.1, TLR4.2, TLR4.3, TRAF6.1	49
PRODB_00347	N	N	Y	Ec_15.TR.026_OXA_02208	Escherichia coli	hypothetical protein	N	-	-	-	-	-	-	-	-	-	-	-	-	-	-	-	-	-	-	-	-	AIM2.1, IKBKB.1, IKBKB.2, IKBKB.3, IKBKB.4, IRAK1.1, IRAK1.2, IRAK1.3, IRAK1.4, IRAK4.1, IRAK4.2, NAIP.1, NAIP.2, NFKB1.2, NFKBIA.1, NLRC4.1, NLRC4.2, NLRC4.3, NLRC4.4, NLRP1.1, NLRP1.2, NLRP1.3, NLRP1.4, NLRP1.5, NLRP12.1, NLRP12.2, NLRP12.3, NLRP12.4, NLRP12.5, NLRP12.6, NLRP12.7, NLRP3.1, NLRP3.2, NLRP3.3, NLRP3.4, NLRP3.5, NLRP3.6, NLRP6.1, NLRP6.2, RELA.1, RELA.2, RELA.3, RELA.4, TAB2.1, TAB2.2, TLR4.1, TLR4.2, TLR4.3, TRAF6.1	49
PRODB_00348	N	N	Y	Ef_DSM_20478_00063	Enterococcus faecalis	hypothetical protein	Y	999425.HMPREF9186_01865	1.65E-94	290	COG4823@1|root,COG4823@2|Bacteria,1V38S@1239|Firmicutes,4HJAT@91061|Bacilli	91061|Bacilli	V	Abi-like protein	-	-	-	-	-	-	-	-	-	-	-	-	Abi_2	AIM2.1, IKBKB.1, IKBKB.2, IKBKB.3, IKBKB.4, IRAK1.1, IRAK1.2, IRAK1.3, IRAK1.4, IRAK4.1, NAIP.1, NAIP.2, NFKB1.2, NFKBIA.1, NLRC4.1, NLRC4.2, NLRC4.3, NLRC4.4, NLRP1.1, NLRP1.2, NLRP1.3, NLRP1.4, NLRP1.5, NLRP12.1, NLRP12.2, NLRP12.3, NLRP12.4, NLRP12.5, NLRP12.6, NLRP12.7, NLRP3.1, NLRP3.2, NLRP3.3, NLRP3.4, NLRP3.5, NLRP3.6, NLRP6.1, NLRP6.2, RELA.1, RELA.2, RELA.3, RELA.4, TAB2.1, TAB2.2, TLR4.1, TLR4.2, TLR4.3, TRAF6.1	48
PRODB_00349	N	N	Y	Ef_E006_02695	Enterococcus faecalis	hypothetical protein	Y	1201292.DR75_1957	0.00E+00	2043	COG4886@1|root,COG4886@2|Bacteria,1TY5W@1239|Firmicutes,4I793@91061|Bacilli,4B1SU@81852|Enterococcaceae	91061|Bacilli	S	by Glimmer2	-	-	-	-	-	-	-	-	-	-	-	-	WxL	AIM2.1, IKBKB.3, IRAK1.1, IRAK1.2, IRAK1.3, IRAK1.4, IRAK4.1, NAIP.1, NAIP.2, NFKB1.2, NFKBIA.1, NLRC4.2, NLRC4.3, NLRC4.4, NLRP1.1, NLRP1.2, NLRP1.3, NLRP1.4, NLRP1.5, NLRP12.1, NLRP12.2, NLRP12.3, NLRP12.4, NLRP12.5, NLRP12.6, NLRP12.7, NLRP3.1, NLRP3.2, NLRP3.3, NLRP3.4, NLRP3.5, NLRP3.6, RELA.1, RELA.2, RELA.3, RELA.4, TAB2.1, TAB2.2, TLR4.1, TLR4.2, TLR4.3, TRAF6.1	42
PRODB_00350	N	N	Y	Ef_BE15_00260	Enterococcus faecalis	IS30 family transposase IS1062	Y	1158604.I591_02888	1.79E-178	503	COG2826@1|root,COG2826@2|Bacteria,1TWVR@1239|Firmicutes,4HCM1@91061|Bacilli,4B15P@81852|Enterococcaceae	91061|Bacilli	L	PFAM Integrase catalytic region	-	-	-	-	-	-	-	-	-	-	-	-	rve	AIM2.1, IKBKB.1, IKBKB.2, IKBKB.3, IKBKB.4, IRAK1.1, IRAK1.2, IRAK1.3, IRAK1.4, IRAK4.1, IRAK4.2, NAIP.1, NAIP.2, NFKB1.2, NFKBIA.1, NLRC4.1, NLRC4.2, NLRC4.3, NLRC4.4, NLRP1.1, NLRP1.2, NLRP1.3, NLRP1.4, NLRP1.5, NLRP12.1, NLRP12.2, NLRP12.3, NLRP12.4, NLRP12.5, NLRP12.6, NLRP12.7, NLRP3.1, NLRP3.2, NLRP3.3, NLRP3.4, NLRP3.5, NLRP3.6, NLRP6.1, NLRP6.2, RELA.1, RELA.2, RELA.3, RELA.4, TAB2.1, TAB2.2, TLR4.1, TLR4.2, TLR4.3, TRAF6.1	49
PRODB_00351	N	N	Y	Lp_NKM_5.4_02287	Lacticaseibacillus paracasei	DNA-invertase hin	Y	1423732.BALS01000046_gene2607	4.02E-131	373	COG1961@1|root,COG1961@2|Bacteria,1UZT3@1239|Firmicutes,4HEGY@91061|Bacilli,3F533@33958|Lactobacillaceae	91061|Bacilli	L	Helix-turn-helix domain of resolvase	tnpR2	-	-	-	-	-	-	-	-	-	-	-	HTH_7,Resolvase	IRAK1.1, IRAK1.2, IRAK1.3, IRAK1.4, NFKB1.2, NFKBIA.1, NLRC4.4, NLRP1.1, NLRP1.4, NLRP3.1, NLRP3.2, NLRP3.3, NLRP3.4, NLRP3.5, NLRP3.6, TAB2.1, TAB2.2	17
PRODB_00352	N	N	Y	Lp_TM115-13_01084	Lacticaseibacillus paracasei	hypothetical protein	Y	1158601.I585_03999	2.50E-103	306	COG1011@1|root,COG1011@2|Bacteria,1V5P7@1239|Firmicutes,4HHGY@91061|Bacilli,4B15Y@81852|Enterococcaceae	91061|Bacilli	S	Haloacid dehalogenase-like hydrolase	-	-	-	ko:K07025	-	-	-	-	ko00000	-	-	-	HAD_2	AIM2.1, IKBKB.3, IRAK1.1, IRAK1.2, IRAK1.3, IRAK1.4, IRAK4.1, IRAK4.2, NAIP.1, NAIP.2, NFKB1.2, NFKBIA.1, NLRC4.1, NLRC4.2, NLRC4.3, NLRC4.4, NLRP1.1, NLRP1.2, NLRP1.3, NLRP1.4, NLRP1.5, NLRP12.1, NLRP12.2, NLRP12.3, NLRP12.4, NLRP12.5, NLRP12.6, NLRP12.7, NLRP3.1, NLRP3.2, NLRP3.3, NLRP3.4, NLRP3.5, NLRP3.6, NLRP6.1, NLRP6.2, RELA.1, RELA.2, RELA.3, RELA.4, TAB2.1, TAB2.2, TLR4.1, TLR4.2, TLR4.3, TRAF6.1	46
PRODB_00353	N	N	Y	Lm_IMAU80739_01351	Leuconostoc mesenteroides	Glycine--tRNA ligase alpha subunit	Y	203120.LEUM_1194	1.70E-224	619	COG0752@1|root,COG0752@2|Bacteria,1TPW8@1239|Firmicutes,4HBCF@91061|Bacilli,4AWN3@81850|Leuconostocaceae	91061|Bacilli	J	glycyl-tRNA synthetase, alpha subunit	glyQ	-	6.1.1.14	ko:K01878	ko00970,map00970	M00360	R03654	RC00055,RC00523	ko00000,ko00001,ko00002,ko01000,ko01007,ko03016	-	-	-	tRNA-synt_2e	AIM2.1, IKBKB.3, IRAK1.1, IRAK1.2, IRAK1.3, IRAK1.4, IRAK4.1, NAIP.1, NAIP.2, NFKB1.2, NLRC4.1, NLRC4.3, NLRC4.4, NLRP1.1, NLRP1.2, NLRP1.3, NLRP1.4, NLRP12.1, NLRP12.2, NLRP12.3, NLRP12.4, NLRP12.5, NLRP12.6, NLRP12.7, NLRP3.1, NLRP3.2, NLRP3.3, NLRP3.4, NLRP3.5, NLRP3.6, RELA.1, RELA.2, RELA.3, RELA.4, TAB2.1, TAB2.2, TLR4.1, TLR4.2, TLR4.3, TRAF6.1	40
PRODB_00354	N	N	Y	Ef_EfsC61_00809	Enterococcus faecalis	hypothetical protein	Y	226185.EF_0931	8.06E-11	59.7	2ACGV@1|root,3122K@2|Bacteria,1TYPU@1239|Firmicutes,4I7UF@91061|Bacilli,4B0BG@81852|Enterococcaceae	91061|Bacilli	-	-	-	-	-	-	-	-	-	-	-	-	-	-	-	AIM2.1, IKBKB.1, IKBKB.2, IKBKB.3, IKBKB.4, IRAK1.1, IRAK1.2, IRAK1.3, IRAK1.4, IRAK4.1, IRAK4.2, NAIP.1, NAIP.2, NFKB1.2, NFKBIA.1, NLRC4.1, NLRC4.2, NLRC4.3, NLRC4.4, NLRP1.1, NLRP1.2, NLRP1.3, NLRP1.4, NLRP1.5, NLRP12.1, NLRP12.2, NLRP12.3, NLRP12.4, NLRP12.5, NLRP12.6, NLRP12.7, NLRP3.1, NLRP3.2, NLRP3.3, NLRP3.4, NLRP3.5, NLRP3.6, NLRP6.1, NLRP6.2, RELA.1, RELA.2, RELA.3, RELA.4, TAB2.1, TAB2.2, TLR4.1, TLR4.2, TLR4.3, TRAF6.1	49
PRODB_00355	N	N	Y	Ef_LD33_02258	Enterococcus faecalis	Tn3 family transposase TnBth1	Y	220668.4572	2.97E-127	397	COG4584@1|root,COG4644@1|root,COG4584@2|Bacteria,COG4644@2|Bacteria,1TRGX@1239|Firmicutes,4HAJF@91061|Bacilli,3F4XC@33958|Lactobacillaceae	91061|Bacilli	L	Domain of unknown function (DUF4158)	-	-	-	-	-	-	-	-	-	-	-	-	DDE_Tnp_Tn3,DUF4158	AIM2.1, IRAK1.1, IRAK1.2, IRAK1.3, IRAK1.4, IRAK4.1, NAIP.1, NAIP.2, NFKB1.2, NFKBIA.1, NLRC4.3, NLRC4.4, NLRP1.1, NLRP1.2, NLRP1.4, NLRP3.1, NLRP3.2, NLRP3.3, NLRP3.4, NLRP3.5, NLRP3.6, RELA.1, RELA.2, RELA.3, RELA.4, TAB2.1, TAB2.2, TLR4.2, TLR4.3	29
PRODB_00356	N	N	Y	Ef_62_00845	Enterococcus faecalis	Tn3 family transposase TnBth1	Y	220668.4572	3.49E-53	188	COG4584@1|root,COG4644@1|root,COG4584@2|Bacteria,COG4644@2|Bacteria,1TRGX@1239|Firmicutes,4HAJF@91061|Bacilli,3F4XC@33958|Lactobacillaceae	91061|Bacilli	L	Domain of unknown function (DUF4158)	-	-	-	-	-	-	-	-	-	-	-	-	DDE_Tnp_Tn3,DUF4158	AIM2.1, IKBKB.1, IKBKB.2, IKBKB.3, IKBKB.4, IRAK1.1, IRAK1.2, IRAK1.3, IRAK1.4, IRAK4.1, IRAK4.2, NAIP.1, NAIP.2, NFKB1.2, NFKBIA.1, NLRC4.1, NLRC4.2, NLRC4.3, NLRC4.4, NLRP1.1, NLRP1.2, NLRP1.3, NLRP1.4, NLRP1.5, NLRP12.1, NLRP12.2, NLRP12.3, NLRP12.4, NLRP12.5, NLRP12.6, NLRP12.7, NLRP3.1, NLRP3.2, NLRP3.3, NLRP3.4, NLRP3.5, NLRP3.6, NLRP6.1, NLRP6.2, RELA.1, RELA.2, RELA.3, RELA.4, TAB2.1, TAB2.2, TLR4.1, TLR4.2, TLR4.3, TRAF6.1	49
PRODB_00357	N	N	Y	Ef_K190-1_00495	Enterococcus faecalis	hypothetical protein	Y	220668.4572	1.71E-40	139	COG1961@1|root,COG1961@2|Bacteria,1UZT3@1239|Firmicutes,4HEGY@91061|Bacilli,3F533@33958|Lactobacillaceae	91061|Bacilli	L	Helix-turn-helix domain of resolvase	tnpR2	-	-	-	-	-	-	-	-	-	-	-	HTH_7,Resolvase	IRAK1.2, NFKB1.2, TAB2.1, TAB2.2	4
PRODB_00358	N	N	Y	Ec_SYNB1934_03425	Escherichia coli	hypothetical protein	Y	1540098.A0A0A0RVZ8_9CAUD	7.72E-51	160	4QDGI@10239|Viruses,4QTYD@28883|Caudovirales,4QM66@10699|Siphoviridae	10699|Siphoviridae	-	-	-	-	-	-	-	-	-	-	-	-	-	-	-	AIM2.1, IKBKB.1, IKBKB.2, IKBKB.3, IKBKB.4, IRAK1.1, IRAK1.2, IRAK1.3, IRAK1.4, IRAK4.1, IRAK4.2, NAIP.1, NAIP.2, NFKB1.2, NFKBIA.1, NLRC4.1, NLRC4.2, NLRC4.3, NLRC4.4, NLRP1.1, NLRP1.2, NLRP1.3, NLRP1.4, NLRP1.5, NLRP12.1, NLRP12.2, NLRP12.3, NLRP12.4, NLRP12.5, NLRP12.6, NLRP12.7, NLRP3.1, NLRP3.2, NLRP3.3, NLRP3.4, NLRP3.5, NLRP3.6, NLRP6.1, NLRP6.2, RELA.1, RELA.2, RELA.3, RELA.4, TAB2.1, TAB2.2, TLR4.1, TLR4.2, TLR4.3, TRAF6.1	49
PRODB_00359	N	N	Y	Ec_Nissle_1917_02012	Escherichia coli	hypothetical protein	Y	640513.Entas_2692	1.12E-26	100	2BX3T@1|root,2ZU32@2|Bacteria,1P4G0@1224|Proteobacteria,1SU2Y@1236|Gammaproteobacteria	1236|Gammaproteobacteria	-	-	-	-	-	-	-	-	-	-	-	-	-	-	-	AIM2.1, IKBKB.1, IKBKB.2, IKBKB.3, IKBKB.4, IRAK1.1, IRAK1.2, IRAK1.3, IRAK1.4, IRAK4.1, IRAK4.2, NAIP.1, NAIP.2, NFKB1.2, NFKBIA.1, NLRC4.1, NLRC4.2, NLRC4.3, NLRC4.4, NLRP1.1, NLRP1.2, NLRP1.3, NLRP1.4, NLRP1.5, NLRP12.1, NLRP12.2, NLRP12.3, NLRP12.4, NLRP12.5, NLRP12.6, NLRP12.7, NLRP3.1, NLRP3.2, NLRP3.3, NLRP3.4, NLRP3.5, NLRP3.6, NLRP6.1, NLRP6.2, RELA.1, RELA.2, RELA.3, RELA.4, TAB2.1, TAB2.2, TLR4.1, TLR4.2, TLR4.3, TRAF6.1	49
PRODB_00360	N	N	Y	Ef_N775_PC7_01885	Enterococcus faecalis	hypothetical protein	Y	1486428.A0A097BY60_9CAUD	1.10E-92	272	4QAK6@10239|Viruses,4QUP9@35237|dsDNA viruses  no RNA stage,4QPBY@28883|Caudovirales,4QKP8@10699|Siphoviridae	10699|Siphoviridae	S	peptidase activity	-	GO:0003674,GO:0003824,GO:0005575,GO:0006508,GO:0006807,GO:0008150,GO:0008152,GO:0008233,GO:0016787,GO:0019012,GO:0019538,GO:0043170,GO:0044238,GO:0071704,GO:0140096,GO:1901564	-	-	-	-	-	-	-	-	-	-	-	AIM2.1, IKBKB.1, IKBKB.2, IKBKB.3, IKBKB.4, IRAK1.1, IRAK1.2, IRAK1.3, IRAK1.4, IRAK4.1, IRAK4.2, NAIP.1, NAIP.2, NFKB1.2, NFKBIA.1, NLRC4.1, NLRC4.2, NLRC4.3, NLRC4.4, NLRP1.1, NLRP1.2, NLRP1.3, NLRP1.4, NLRP1.5, NLRP12.1, NLRP12.2, NLRP12.3, NLRP12.4, NLRP12.5, NLRP12.6, NLRP12.7, NLRP3.1, NLRP3.2, NLRP3.3, NLRP3.4, NLRP3.5, NLRP3.6, NLRP6.1, NLRP6.2, RELA.1, RELA.2, RELA.3, RELA.4, TAB2.1, TAB2.2, TLR4.1, TLR4.2, TLR4.3, TRAF6.1	49
PRODB_00361	N	N	Y	Ef_JF3A-223_01852	Enterococcus faecalis	hypothetical protein	Y	663241.C9E2M0_9CAUD	1.14E-110	318	4QCCB@10239|Viruses,4QX5A@35237|dsDNA viruses  no RNA stage,4QPUR@28883|Caudovirales,4QKSN@10699|Siphoviridae	10699|Siphoviridae	S	Pfam:Peptidase_M78	-	-	-	-	-	-	-	-	-	-	-	-	-	AIM2.1, IKBKB.3, IRAK1.1, IRAK1.2, IRAK1.3, IRAK1.4, IRAK4.1, NAIP.1, NAIP.2, NFKB1.2, NFKBIA.1, NLRC4.1, NLRC4.2, NLRC4.3, NLRC4.4, NLRP1.1, NLRP1.2, NLRP1.3, NLRP1.4, NLRP1.5, NLRP12.1, NLRP12.2, NLRP12.3, NLRP12.4, NLRP12.5, NLRP12.6, NLRP12.7, NLRP3.1, NLRP3.2, NLRP3.3, NLRP3.4, NLRP3.5, NLRP3.6, NLRP6.1, NLRP6.2, RELA.1, RELA.2, RELA.3, RELA.4, TAB2.1, TAB2.2, TLR4.1, TLR4.2, TLR4.3, TRAF6.1	45
PRODB_00362	N	N	Y	Ef_43-2_00481	Enterococcus faecalis	hypothetical protein	N	-	-	-	-	-	-	-	-	-	-	-	-	-	-	-	-	-	-	-	-	AIM2.1, IKBKB.1, IKBKB.2, IKBKB.3, IKBKB.4, IRAK1.1, IRAK1.2, IRAK1.3, IRAK1.4, IRAK4.1, IRAK4.2, NAIP.1, NAIP.2, NFKB1.2, NFKBIA.1, NLRC4.1, NLRC4.2, NLRC4.3, NLRC4.4, NLRP1.1, NLRP1.2, NLRP1.3, NLRP1.4, NLRP1.5, NLRP12.1, NLRP12.2, NLRP12.3, NLRP12.4, NLRP12.5, NLRP12.6, NLRP12.7, NLRP3.1, NLRP3.2, NLRP3.3, NLRP3.4, NLRP3.5, NLRP3.6, NLRP6.1, NLRP6.2, RELA.1, RELA.2, RELA.3, RELA.4, TAB2.1, TAB2.2, TLR4.1, TLR4.2, TLR4.3, TRAF6.1	49
PRODB_00363	N	N	Y	Ef_732_02023	Enterococcus faecalis	hypothetical protein	Y	663241.C9E2K6_9CAUD	0.00E+00	1144	4QAK6@10239|Viruses,4QUP9@35237|dsDNA viruses  no RNA stage,4QPBY@28883|Caudovirales	28883|Caudovirales	S	N-acetylmuramoyl-L-alanine amidase activity	-	GO:0005575,GO:0008150,GO:0016032,GO:0019012,GO:0019058,GO:0019062,GO:0022610,GO:0044403,GO:0044406,GO:0044419,GO:0044423,GO:0044650,GO:0051704,GO:0098015,GO:0098024	-	-	-	-	-	-	-	-	-	-	-	AIM2.1, IKBKB.1, IKBKB.2, IKBKB.3, IKBKB.4, IRAK1.1, IRAK1.2, IRAK1.3, IRAK1.4, IRAK4.1, IRAK4.2, NAIP.1, NAIP.2, NFKB1.2, NFKBIA.1, NLRC4.1, NLRC4.2, NLRC4.3, NLRC4.4, NLRP1.1, NLRP1.2, NLRP1.3, NLRP1.4, NLRP1.5, NLRP12.1, NLRP12.2, NLRP12.3, NLRP12.4, NLRP12.5, NLRP12.6, NLRP12.7, NLRP3.1, NLRP3.2, NLRP3.3, NLRP3.4, NLRP3.5, NLRP3.6, NLRP6.1, NLRP6.2, RELA.1, RELA.2, RELA.3, RELA.4, TAB2.1, TAB2.2, TLR4.1, TLR4.2, TLR4.3, TRAF6.1	49
PRODB_00364	N	N	Y	Ef_EfsC9_01913	Enterococcus faecalis	hypothetical protein	Y	663241.C9E2J9_9CAUD	2.91E-86	254	4QB3I@10239|Viruses,4QUNM@35237|dsDNA viruses  no RNA stage,4QPE3@28883|Caudovirales,4QKP4@10699|Siphoviridae	10699|Siphoviridae	S	Protein of unknown function (DUF3168)	-	GO:0005575,GO:0008150,GO:0016032,GO:0019012,GO:0019058,GO:0019068,GO:0044403,GO:0044419,GO:0044423,GO:0051704,GO:0098003,GO:0098004,GO:0098015	-	-	-	-	-	-	-	-	-	-	-	AIM2.1, IKBKB.1, IKBKB.2, IKBKB.3, IKBKB.4, IRAK1.1, IRAK1.2, IRAK1.3, IRAK1.4, IRAK4.1, IRAK4.2, NAIP.1, NAIP.2, NFKB1.2, NFKBIA.1, NLRC4.1, NLRC4.2, NLRC4.3, NLRC4.4, NLRP1.1, NLRP1.2, NLRP1.3, NLRP1.4, NLRP1.5, NLRP12.1, NLRP12.2, NLRP12.3, NLRP12.4, NLRP12.5, NLRP12.6, NLRP12.7, NLRP3.1, NLRP3.2, NLRP3.3, NLRP3.4, NLRP3.5, NLRP3.6, NLRP6.1, NLRP6.2, RELA.1, RELA.2, RELA.3, RELA.4, TAB2.1, TAB2.2, TLR4.1, TLR4.2, TLR4.3, TRAF6.1	49
PRODB_00365	N	N	Y	Ef_BE5_01892	Enterococcus faecalis	hypothetical protein	N	-	-	-	-	-	-	-	-	-	-	-	-	-	-	-	-	-	-	-	-	AIM2.1, IKBKB.1, IKBKB.2, IKBKB.3, IKBKB.4, IRAK1.1, IRAK1.2, IRAK1.3, IRAK1.4, IRAK4.1, IRAK4.2, NAIP.1, NAIP.2, NFKB1.2, NFKBIA.1, NLRC4.1, NLRC4.2, NLRC4.3, NLRC4.4, NLRP1.1, NLRP1.2, NLRP1.3, NLRP1.4, NLRP1.5, NLRP12.1, NLRP12.2, NLRP12.3, NLRP12.4, NLRP12.5, NLRP12.6, NLRP12.7, NLRP3.1, NLRP3.2, NLRP3.3, NLRP3.4, NLRP3.5, NLRP3.6, NLRP6.1, NLRP6.2, RELA.1, RELA.2, RELA.3, RELA.4, TAB2.1, TAB2.2, TLR4.1, TLR4.2, TLR4.3, TRAF6.1	49
PRODB_00366	N	N	Y	Ef_N775_PC7_01886	Enterococcus faecalis	hypothetical protein	Y	663241.C9E2K0_9CAUD	1.11E-132	377	4QAVQ@10239|Viruses,4QXUP@35237|dsDNA viruses  no RNA stage,4QPGB@28883|Caudovirales,4QKPR@10699|Siphoviridae	10699|Siphoviridae	S	Phage major tail protein 2	-	-	-	-	-	-	-	-	-	-	-	-	-	AIM2.1, IRAK1.1, IRAK1.2, IRAK1.3, IRAK1.4, IRAK4.1, NAIP.1, NAIP.2, NFKB1.2, NFKBIA.1, NLRC4.2, NLRC4.3, NLRC4.4, NLRP1.1, NLRP1.2, NLRP1.3, NLRP1.4, NLRP12.5, NLRP12.6, NLRP3.1, NLRP3.2, NLRP3.3, NLRP3.4, NLRP3.5, NLRP3.6, RELA.1, RELA.2, RELA.3, RELA.4, TAB2.1, TAB2.2, TLR4.3, TRAF6.1	33
PRODB_00367	N	N	Y	Ef_ES-1348_02430	Enterococcus faecalis	hypothetical protein	Y	1486428.A0A097BY98_9CAUD	5.49E-85	250	4QB1F@10239|Viruses,4QYPS@35237|dsDNA viruses  no RNA stage,4QPSW@28883|Caudovirales,4QKPW@10699|Siphoviridae	10699|Siphoviridae	S	exonuclease activity	-	-	-	-	-	-	-	-	-	-	-	-	-	AIM2.1, IKBKB.1, IKBKB.2, IKBKB.3, IKBKB.4, IRAK1.1, IRAK1.2, IRAK1.3, IRAK1.4, IRAK4.1, IRAK4.2, NAIP.1, NAIP.2, NFKB1.2, NFKBIA.1, NLRC4.1, NLRC4.2, NLRC4.3, NLRC4.4, NLRP1.1, NLRP1.2, NLRP1.3, NLRP1.4, NLRP1.5, NLRP12.1, NLRP12.2, NLRP12.3, NLRP12.4, NLRP12.5, NLRP12.6, NLRP12.7, NLRP3.1, NLRP3.2, NLRP3.3, NLRP3.4, NLRP3.5, NLRP3.6, NLRP6.1, NLRP6.2, RELA.1, RELA.2, RELA.3, RELA.4, TAB2.1, TAB2.2, TLR4.1, TLR4.2, TLR4.3, TRAF6.1	49
PRODB_00368	N	N	Y	Ef_NY13321_01113	Enterococcus faecalis	hypothetical protein	Y	1486428.A0A097BY50_9CAUD	1.72E-216	598	4QC5Z@10239|Viruses,4QUNP@35237|dsDNA viruses  no RNA stage,4QPGX@28883|Caudovirales,4QKMB@10699|Siphoviridae	10699|Siphoviridae	S	Phage Mu protein F like protein	-	GO:0005575,GO:0019012,GO:0019028,GO:0044423,GO:0046729	-	-	-	-	-	-	-	-	-	-	-	AIM2.1, IRAK1.2, IRAK4.1, NAIP.1, NAIP.2, NFKB1.2, NLRC4.3, NLRC4.4, NLRP1.1, NLRP1.2, NLRP1.4, NLRP3.1, NLRP3.2, NLRP3.3, NLRP3.4, NLRP3.5, NLRP3.6, RELA.2, TAB2.1, TAB2.2	20
PRODB_00369	N	N	Y	Ef_ES-1348_02431	Enterococcus faecalis	hypothetical protein	Y	1486428.A0A097BYB2_9CAUD	1.67E-72	218	4QCQE@10239|Viruses,4QWWT@35237|dsDNA viruses  no RNA stage,4QTYV@28883|Caudovirales,4QMW8@10699|Siphoviridae	10699|Siphoviridae	-	-	-	-	-	-	-	-	-	-	-	-	-	-	-	AIM2.1, IKBKB.3, IRAK1.1, IRAK1.2, IRAK1.3, IRAK1.4, IRAK4.1, IRAK4.2, NFKB1.2, NFKBIA.1, NLRC4.2, NLRC4.3, NLRC4.4, NLRP1.1, NLRP1.2, NLRP1.3, NLRP1.4, NLRP1.5, NLRP12.2, NLRP12.5, NLRP3.1, NLRP3.2, NLRP3.3, NLRP3.4, NLRP3.5, NLRP3.6, NLRP6.1, NLRP6.2, RELA.1, RELA.2, RELA.3, RELA.4, TAB2.1, TAB2.2, TLR4.3, TRAF6.1	36
PRODB_00370	N	N	Y	Ef_KUB3007_01851	Enterococcus faecalis	hypothetical protein	Y	1486428.A0A097BYB6_9CAUD	5.93E-73	219	4QBPH@10239|Viruses,4QV0G@35237|dsDNA viruses  no RNA stage,4QQHY@28883|Caudovirales,4QKQD@10699|Siphoviridae	10699|Siphoviridae	S	Pfam:Phage_TAC_12	-	-	-	-	-	-	-	-	-	-	-	-	-	AIM2.1, IRAK1.1, IRAK1.2, IRAK1.3, IRAK1.4, IRAK4.1, NAIP.1, NAIP.2, NFKB1.2, NFKBIA.1, NLRC4.1, NLRC4.2, NLRC4.3, NLRC4.4, NLRP1.1, NLRP1.2, NLRP1.3, NLRP1.4, NLRP1.5, NLRP12.1, NLRP12.2, NLRP12.4, NLRP12.5, NLRP12.6, NLRP12.7, NLRP3.1, NLRP3.2, NLRP3.3, NLRP3.4, NLRP3.5, NLRP3.6, NLRP6.1, NLRP6.2, RELA.1, RELA.2, RELA.3, RELA.4, TAB2.1, TAB2.2, TLR4.1, TLR4.2, TLR4.3, TRAF6.1	43
PRODB_00371	N	N	Y	Ef_NY13321_01176	Enterococcus faecalis	hypothetical protein	Y	1158609.I586_00080	3.27E-24	94.4	2BUJ3@1|root,32PVF@2|Bacteria,1U351@1239|Firmicutes,4ICVY@91061|Bacilli,4B5JH@81852|Enterococcaceae	91061|Bacilli	-	-	-	-	-	-	-	-	-	-	-	-	-	-	-	AIM2.1, IKBKB.1, IKBKB.2, IKBKB.3, IKBKB.4, IRAK1.1, IRAK1.2, IRAK1.3, IRAK1.4, IRAK4.1, IRAK4.2, NAIP.1, NAIP.2, NFKB1.2, NFKBIA.1, NLRC4.1, NLRC4.2, NLRC4.3, NLRC4.4, NLRP1.1, NLRP1.2, NLRP1.3, NLRP1.4, NLRP1.5, NLRP12.1, NLRP12.2, NLRP12.3, NLRP12.4, NLRP12.5, NLRP12.6, NLRP12.7, NLRP3.1, NLRP3.2, NLRP3.3, NLRP3.4, NLRP3.5, NLRP3.6, NLRP6.1, NLRP6.2, RELA.1, RELA.2, RELA.3, RELA.4, TAB2.1, TAB2.2, TLR4.1, TLR4.2, TLR4.3, TRAF6.1	49
PRODB_00372	N	N	Y	Ef_AT40b_01756	Enterococcus faecalis	hypothetical protein	Y	1486428.A0A097BY64_9CAUD	4.08E-218	602	4QBF8@10239|Viruses,4QUS7@35237|dsDNA viruses  no RNA stage,4QPI9@28883|Caudovirales,4QKN2@10699|Siphoviridae	10699|Siphoviridae	S	Phage tail protein	-	-	-	-	-	-	-	-	-	-	-	-	-	AIM2.1, IRAK1.1, IRAK1.2, IRAK1.3, IRAK1.4, IRAK4.1, NAIP.1, NAIP.2, NFKB1.2, NFKBIA.1, NLRC4.2, NLRC4.4, NLRP1.1, NLRP1.2, NLRP1.4, NLRP12.5, NLRP3.1, NLRP3.2, NLRP3.3, NLRP3.4, NLRP3.5, NLRP3.6, RELA.1, RELA.2, RELA.3, RELA.4, TAB2.1, TAB2.2, TLR4.1, TLR4.2, TLR4.3	31
PRODB_00373	N	N	Y	Ec_027_SK3_00246	Escherichia coli	hypothetical protein	Y	1166130.H650_06935	3.20E-120	348	COG3645@1|root,COG3646@1|root,COG3645@2|Bacteria,COG3646@2|Bacteria,1R939@1224|Proteobacteria,1S2IZ@1236|Gammaproteobacteria,3X3BS@547|Enterobacter	1236|Gammaproteobacteria	S	Phage regulatory protein Rha (Phage_pRha)	-	-	-	-	-	-	-	-	-	-	-	-	ANT,Phage_pRha	AIM2.1, IRAK1.1, IRAK1.2, IRAK1.3, IRAK1.4, NAIP.2, NFKB1.2, NLRP1.1, NLRP1.2, NLRP1.4, NLRP3.1, RELA.1, RELA.2, RELA.3, RELA.4, TAB2.1, TAB2.2, TLR4.3	18
PRODB_00374	N	N	Y	Ec_SYNB1934_04336	Escherichia coli	hypothetical protein	Y	10754.VEAD_BPP22	1.67E-12	68.2	4QB2V@10239|Viruses,4QV56@35237|dsDNA viruses  no RNA stage,4QPAK@28883|Caudovirales	28883|Caudovirales	S	Ead/Ea22-like protein	-	-	-	-	-	-	-	-	-	-	-	-	-	AIM2.1, IRAK1.1, IRAK1.2, IRAK1.3, IRAK1.4, IRAK4.1, NAIP.2, NFKB1.2, NLRC4.3, NLRC4.4, NLRP1.1, NLRP1.2, NLRP1.4, NLRP3.1, NLRP3.2, NLRP3.3, NLRP3.4, NLRP3.5, NLRP3.6, RELA.1, RELA.2, RELA.4, TAB2.1, TAB2.2	24
PRODB_00375	N	N	Y	Ec_ABW_S38_00249	Escherichia coli	hypothetical protein	N	-	-	-	-	-	-	-	-	-	-	-	-	-	-	-	-	-	-	-	-	AIM2.1, IKBKB.1, IKBKB.2, IKBKB.3, IKBKB.4, IRAK1.1, IRAK1.2, IRAK1.3, IRAK1.4, IRAK4.1, IRAK4.2, NAIP.1, NAIP.2, NFKB1.2, NFKBIA.1, NLRC4.1, NLRC4.2, NLRC4.3, NLRC4.4, NLRP1.1, NLRP1.2, NLRP1.3, NLRP1.4, NLRP1.5, NLRP12.1, NLRP12.2, NLRP12.3, NLRP12.4, NLRP12.5, NLRP12.6, NLRP12.7, NLRP3.1, NLRP3.2, NLRP3.3, NLRP3.4, NLRP3.5, NLRP3.6, NLRP6.1, NLRP6.2, RELA.1, RELA.2, RELA.3, RELA.4, TAB2.1, TAB2.2, TLR4.1, TLR4.2, TLR4.3, TRAF6.1	49
PRODB_00376	N	N	Y	Ec_ABW_S38_00281	Escherichia coli	hypothetical protein	Y	37554.Q9MCR6_BPHK7	9.92E-127	371	4QAK6@10239|Viruses,4QUP9@35237|dsDNA viruses  no RNA stage,4QPBY@28883|Caudovirales	28883|Caudovirales	S	N-acetylmuramoyl-L-alanine amidase activity	-	GO:0005575,GO:0019012,GO:0044423,GO:0098015,GO:0098026	-	-	-	-	-	-	-	-	-	-	-	AIM2.1, IKBKB.1, IKBKB.2, IKBKB.3, IKBKB.4, IRAK1.1, IRAK1.2, IRAK1.3, IRAK1.4, IRAK4.1, IRAK4.2, NAIP.1, NAIP.2, NFKB1.2, NFKBIA.1, NLRC4.1, NLRC4.2, NLRC4.3, NLRC4.4, NLRP1.1, NLRP1.2, NLRP1.3, NLRP1.4, NLRP1.5, NLRP12.1, NLRP12.2, NLRP12.3, NLRP12.4, NLRP12.5, NLRP12.6, NLRP12.7, NLRP3.1, NLRP3.2, NLRP3.3, NLRP3.4, NLRP3.5, NLRP3.6, NLRP6.1, NLRP6.2, RELA.1, RELA.2, RELA.3, RELA.4, TAB2.1, TAB2.2, TLR4.1, TLR4.2, TLR4.3, TRAF6.1	49
PRODB_00377	N	N	Y	Ec_SSGNw1_00459	Escherichia coli	hypothetical protein	Y	1224318.DT73_00280	2.27E-56	181	2DM0U@1|root,317UP@2|Bacteria,1RH2W@1224|Proteobacteria,1S7AA@1236|Gammaproteobacteria	1236|Gammaproteobacteria	S	Protein of unknown function (DUF550)	-	-	-	-	-	-	-	-	-	-	-	-	DUF550	AIM2.1, IKBKB.1, IKBKB.2, IKBKB.3, IKBKB.4, IRAK1.1, IRAK1.2, IRAK1.3, IRAK1.4, IRAK4.1, IRAK4.2, NAIP.1, NAIP.2, NFKB1.2, NFKBIA.1, NLRC4.1, NLRC4.2, NLRC4.3, NLRC4.4, NLRP1.1, NLRP1.2, NLRP1.3, NLRP1.4, NLRP1.5, NLRP12.1, NLRP12.2, NLRP12.3, NLRP12.4, NLRP12.5, NLRP12.6, NLRP12.7, NLRP3.1, NLRP3.2, NLRP3.3, NLRP3.4, NLRP3.5, NLRP3.6, NLRP6.1, NLRP6.2, RELA.1, RELA.2, RELA.3, RELA.4, TAB2.1, TAB2.2, TLR4.1, TLR4.2, TLR4.3, TRAF6.1	49
PRODB_00378	N	N	Y	Ec_SSGNw1_00460	Escherichia coli	hypothetical protein	Y	103807.Q8W656_9CAUD	2.29E-21	87.8	4QAYP@10239|Viruses,4QZ37@35237|dsDNA viruses  no RNA stage,4QPAT@28883|Caudovirales	28883|Caudovirales	S	Domain of unknown function (DUF4222)	-	-	-	-	-	-	-	-	-	-	-	-	-	AIM2.1, IKBKB.1, IKBKB.2, IKBKB.3, IKBKB.4, IRAK1.1, IRAK1.2, IRAK1.3, IRAK1.4, IRAK4.1, IRAK4.2, NAIP.1, NAIP.2, NFKB1.2, NFKBIA.1, NLRC4.1, NLRC4.2, NLRC4.3, NLRC4.4, NLRP1.1, NLRP1.2, NLRP1.3, NLRP1.4, NLRP1.5, NLRP12.1, NLRP12.2, NLRP12.3, NLRP12.4, NLRP12.5, NLRP12.6, NLRP12.7, NLRP3.1, NLRP3.2, NLRP3.3, NLRP3.4, NLRP3.5, NLRP3.6, NLRP6.1, NLRP6.2, RELA.1, RELA.2, RELA.3, RELA.4, TAB2.1, TAB2.2, TLR4.1, TLR4.2, TLR4.3, TRAF6.1	49
PRODB_00379	N	N	Y	Ec_SSGNw1_00458	Escherichia coli	hypothetical protein	Y	1348114.OM33_08605	2.26E-20	85.1	2FJEM@1|root,34B4C@2|Bacteria,1P0II@1224|Proteobacteria,1SSH2@1236|Gammaproteobacteria	1236|Gammaproteobacteria	-	-	-	-	-	-	-	-	-	-	-	-	-	-	-	AIM2.1, IRAK1.1, IRAK1.2, IRAK1.3, IRAK1.4, IRAK4.1, NAIP.1, NAIP.2, NFKB1.2, NFKBIA.1, NLRC4.2, NLRC4.3, NLRC4.4, NLRP1.1, NLRP1.2, NLRP1.4, NLRP12.2, NLRP12.4, NLRP12.5, NLRP3.1, NLRP3.2, NLRP3.3, NLRP3.4, NLRP3.5, NLRP3.6, RELA.1, RELA.2, RELA.3, RELA.4, TAB2.1, TAB2.2, TLR4.3, TRAF6.1	33
PRODB_00380	N	N	Y	Se_CFSAN024229_01744	Salmonella enterica	hypothetical protein	Y	1224318.DT73_00340	1.36E-167	485	COG4725@1|root,COG4725@2|Bacteria,1R43Z@1224|Proteobacteria,1RP5C@1236|Gammaproteobacteria	1236|Gammaproteobacteria	KT	DNA N-6-adenine-methyltransferase (Dam)	-	-	-	-	-	-	-	-	-	-	-	-	Dam	AIM2.1, IKBKB.3, IRAK1.1, IRAK1.2, IRAK1.3, IRAK1.4, IRAK4.1, NAIP.1, NAIP.2, NFKB1.2, NFKBIA.1, NLRC4.1, NLRC4.2, NLRC4.3, NLRC4.4, NLRP1.1, NLRP1.2, NLRP1.3, NLRP1.4, NLRP1.5, NLRP12.1, NLRP12.2, NLRP12.3, NLRP12.4, NLRP12.5, NLRP12.6, NLRP12.7, NLRP3.1, NLRP3.2, NLRP3.3, NLRP3.4, NLRP3.5, NLRP3.6, NLRP6.1, NLRP6.2, RELA.1, RELA.2, RELA.3, RELA.4, TAB2.1, TAB2.2, TLR4.1, TLR4.2, TLR4.3, TRAF6.1	45
PRODB_00381	N	N	Y	Ec_SSGNw1_00456	Escherichia coli	hypothetical protein	Y	1080067.BAZH01000027_gene3211	7.66E-52	163	COG1846@1|root,COG1846@2|Bacteria,1NZ35@1224|Proteobacteria,1SQYT@1236|Gammaproteobacteria,3WYZE@544|Citrobacter	1236|Gammaproteobacteria	K	Transcriptional regulator	-	-	-	-	-	-	-	-	-	-	-	-	HTH_24	AIM2.1, IKBKB.2, IKBKB.3, IKBKB.4, IRAK1.1, IRAK1.2, IRAK1.3, IRAK1.4, IRAK4.1, IRAK4.2, NAIP.1, NAIP.2, NFKB1.2, NFKBIA.1, NLRC4.1, NLRC4.2, NLRC4.3, NLRC4.4, NLRP1.1, NLRP1.2, NLRP1.3, NLRP1.4, NLRP1.5, NLRP12.1, NLRP12.2, NLRP12.4, NLRP12.5, NLRP12.6, NLRP12.7, NLRP3.1, NLRP3.2, NLRP3.3, NLRP3.4, NLRP3.5, NLRP3.6, NLRP6.1, NLRP6.2, RELA.1, RELA.2, RELA.3, RELA.4, TAB2.1, TAB2.2, TLR4.1, TLR4.2, TLR4.3, TRAF6.1	47
PRODB_00382	N	N	Y	Ec_ABW_S38_00250	Escherichia coli	hypothetical protein	Y	404380.Gbem_3471	3.38E-102	307	COG0616@1|root,COG0616@2|Bacteria,1MY1I@1224|Proteobacteria,42PFB@68525|delta/epsilon subdivisions,2WSJ6@28221|Deltaproteobacteria	28221|Deltaproteobacteria	OU	Serine dehydrogenase proteinase	-	-	-	-	-	-	-	-	-	-	-	-	SDH_sah	AIM2.1, IKBKB.2, IKBKB.3, IKBKB.4, IRAK1.1, IRAK1.2, IRAK1.3, IRAK1.4, IRAK4.1, IRAK4.2, NAIP.1, NAIP.2, NFKB1.2, NFKBIA.1, NLRC4.1, NLRC4.2, NLRC4.3, NLRC4.4, NLRP1.1, NLRP1.2, NLRP1.3, NLRP1.4, NLRP1.5, NLRP12.1, NLRP12.2, NLRP12.3, NLRP12.4, NLRP12.5, NLRP12.6, NLRP12.7, NLRP3.1, NLRP3.2, NLRP3.3, NLRP3.4, NLRP3.5, NLRP3.6, NLRP6.1, NLRP6.2, RELA.1, RELA.2, RELA.3, RELA.4, TAB2.1, TAB2.2, TLR4.1, TLR4.2, TLR4.3, TRAF6.1	48
PRODB_00383	N	N	Y	Ec_CX21_01707	Escherichia coli	hypothetical protein	N	-	-	-	-	-	-	-	-	-	-	-	-	-	-	-	-	-	-	-	-	AIM2.1, IRAK1.1, IRAK1.2, IRAK1.3, IRAK1.4, IRAK4.1, NFKB1.2, NLRC4.2, NLRC4.4, NLRP1.1, NLRP1.4, NLRP3.1, NLRP3.2, NLRP3.3, NLRP3.4, NLRP3.5, NLRP3.6, RELA.1, RELA.2, RELA.3, RELA.4, TAB2.1, TAB2.2, TRAF6.1	24
PRODB_00384	N	N	Y	Ec_CX21_01706	Escherichia coli	Recombination-associated protein RdgC	Y	1115512.EH105704_01_01540	3.13E-159	453	COG2974@1|root,COG2974@2|Bacteria,1MXPR@1224|Proteobacteria,1RMNN@1236|Gammaproteobacteria,3XN1U@561|Escherichia	1236|Gammaproteobacteria	J	May be involved in recombination	rdgC	-	-	ko:K03554	-	-	-	-	ko00000,ko03400	-	-	-	RdgC	AIM2.1, IKBKB.3, IRAK1.1, IRAK1.2, IRAK1.3, IRAK1.4, IRAK4.1, NAIP.1, NAIP.2, NFKB1.2, NFKBIA.1, NLRC4.2, NLRC4.3, NLRC4.4, NLRP1.1, NLRP1.2, NLRP1.3, NLRP1.4, NLRP1.5, NLRP12.1, NLRP12.2, NLRP12.4, NLRP12.5, NLRP12.6, NLRP12.7, NLRP3.1, NLRP3.2, NLRP3.3, NLRP3.4, NLRP3.5, NLRP3.6, RELA.1, RELA.2, RELA.3, RELA.4, TAB2.1, TAB2.2, TLR4.1, TLR4.2, TLR4.3, TRAF6.1	41
PRODB_00385	N	N	Y	Ec_PBP5_00448	Escherichia coli	hypothetical protein	N	-	-	-	-	-	-	-	-	-	-	-	-	-	-	-	-	-	-	-	-	AIM2.1, IKBKB.1, IKBKB.2, IKBKB.3, IKBKB.4, IRAK1.1, IRAK1.2, IRAK1.3, IRAK1.4, IRAK4.1, IRAK4.2, NAIP.1, NAIP.2, NFKB1.2, NFKBIA.1, NLRC4.1, NLRC4.2, NLRC4.3, NLRC4.4, NLRP1.1, NLRP1.2, NLRP1.3, NLRP1.4, NLRP1.5, NLRP12.1, NLRP12.2, NLRP12.3, NLRP12.4, NLRP12.5, NLRP12.6, NLRP12.7, NLRP3.1, NLRP3.2, NLRP3.3, NLRP3.4, NLRP3.5, NLRP3.6, NLRP6.1, NLRP6.2, RELA.1, RELA.2, RELA.3, RELA.4, TAB2.1, TAB2.2, TLR4.1, TLR4.2, TLR4.3, TRAF6.1	49
PRODB_00386	N	N	Y	Ec_PBP5_00418	Escherichia coli	hypothetical protein	Y	1147149.K7PH85_9CAUD	0.00E+00	1092	4QAK6@10239|Viruses,4QUP9@35237|dsDNA viruses  no RNA stage,4QPBY@28883|Caudovirales,4QKKV@10699|Siphoviridae	10699|Siphoviridae	S	peptidoglycan catabolic process	-	-	-	-	-	-	-	-	-	-	-	-	-	AIM2.1, IKBKB.3, IRAK1.1, IRAK1.2, IRAK1.3, IRAK1.4, IRAK4.1, IRAK4.2, NAIP.1, NAIP.2, NFKB1.2, NFKBIA.1, NLRC4.2, NLRC4.3, NLRC4.4, NLRP1.1, NLRP1.2, NLRP1.3, NLRP1.4, NLRP12.1, NLRP12.2, NLRP12.3, NLRP12.4, NLRP12.5, NLRP12.6, NLRP12.7, NLRP3.1, NLRP3.2, NLRP3.3, NLRP3.4, NLRP3.5, NLRP3.6, RELA.1, RELA.2, RELA.3, RELA.4, TAB2.1, TAB2.2, TLR4.3, TRAF6.1	40
PRODB_00387	N	N	Y	Ec_CX21_01709	Escherichia coli	hypothetical protein	Y	517433.PanABDRAFT_0965	8.13E-80	242	28RPY@1|root,2ZE2J@2|Bacteria,1RG99@1224|Proteobacteria,1S4UI@1236|Gammaproteobacteria	1236|Gammaproteobacteria	-	-	-	-	-	-	-	-	-	-	-	-	-	-	-	AIM2.1, IRAK1.1, IRAK1.2, IRAK1.3, IRAK1.4, IRAK4.1, NAIP.1, NAIP.2, NFKB1.2, NLRC4.4, NLRP1.1, NLRP1.2, NLRP1.4, NLRP3.1, NLRP3.3, NLRP3.5, NLRP3.6, TAB2.1, TAB2.2, TLR4.3	20
PRODB_00388	N	N	Y	Ec_CX21_01708	Escherichia coli	putative HTH-type transcriptional regulator	Y	1141663.OOC_13044	2.46E-108	318	COG2932@1|root,COG2932@2|Bacteria,1R80S@1224|Proteobacteria,1TB9T@1236|Gammaproteobacteria,3Z9FE@586|Providencia	1236|Gammaproteobacteria	K	Transcriptional regulator	-	-	-	-	-	-	-	-	-	-	-	-	HTH_3,Peptidase_S24	AIM2.1, IRAK1.1, IRAK1.2, IRAK1.3, IRAK1.4, IRAK4.1, NFKB1.2, NFKBIA.1, NLRC4.3, NLRC4.4, NLRP1.1, NLRP1.2, NLRP1.3, NLRP1.4, NLRP12.2, NLRP12.5, NLRP3.1, NLRP3.2, NLRP3.3, NLRP3.4, NLRP3.5, NLRP3.6, NLRP6.1, RELA.1, RELA.2, RELA.3, RELA.4, TAB2.1, TAB2.2, TLR4.3, TRAF6.1	31
PRODB_00389	N	N	Y	Ec_Nissle_1917_02011	Escherichia coli	hypothetical protein	Y	1147158.K7PHC3_9CAUD	2.49E-35	120	4QEXQ@10239|Viruses,4QXYX@35237|dsDNA viruses  no RNA stage,4QUDR@28883|Caudovirales,4QMUQ@10699|Siphoviridae	10699|Siphoviridae	-	-	-	-	-	-	-	-	-	-	-	-	-	-	-	AIM2.1, IKBKB.3, IRAK1.1, IRAK1.2, IRAK1.3, IRAK1.4, IRAK4.1, IRAK4.2, NAIP.1, NAIP.2, NFKB1.2, NFKBIA.1, NLRC4.1, NLRC4.2, NLRC4.3, NLRC4.4, NLRP1.1, NLRP1.2, NLRP1.3, NLRP1.4, NLRP1.5, NLRP12.1, NLRP12.2, NLRP12.4, NLRP12.5, NLRP12.6, NLRP12.7, NLRP3.1, NLRP3.2, NLRP3.3, NLRP3.4, NLRP3.5, NLRP3.6, NLRP6.1, NLRP6.2, RELA.1, RELA.2, RELA.3, RELA.4, TAB2.1, TAB2.2, TLR4.1, TLR4.2, TLR4.3, TRAF6.1	45
PRODB_00390	N	N	Y	Ec_027_SK3_00248	Escherichia coli	hypothetical protein	Y	469595.CSAG_00946	3.04E-164	459	28HCQ@1|root,2Z7PH@2|Bacteria,1MVG8@1224|Proteobacteria,1RQPN@1236|Gammaproteobacteria,3WVKM@544|Citrobacter	1236|Gammaproteobacteria	S	Phage antitermination protein Q	-	-	-	-	-	-	-	-	-	-	-	-	Phage_antiter_Q	AIM2.1, IRAK1.1, IRAK1.2, IRAK1.3, IRAK1.4, IRAK4.1, NAIP.1, NAIP.2, NFKB1.2, NFKBIA.1, NLRC4.3, NLRC4.4, NLRP1.1, NLRP1.2, NLRP1.3, NLRP1.4, NLRP12.1, NLRP12.2, NLRP12.3, NLRP12.4, NLRP12.5, NLRP12.6, NLRP12.7, NLRP3.1, NLRP3.2, NLRP3.3, NLRP3.4, NLRP3.5, NLRP3.6, RELA.1, RELA.2, RELA.3, RELA.4, TAB2.1, TAB2.2, TLR4.3, TRAF6.1	37
PRODB_00391	N	N	Y	Ec_027_SK3_00247	Escherichia coli	hypothetical protein	Y	469595.CSAG_00945	1.04E-247	679	COG1403@1|root,COG1403@2|Bacteria,1N0FM@1224|Proteobacteria,1RP42@1236|Gammaproteobacteria,3WWMI@544|Citrobacter	1236|Gammaproteobacteria	V	Protein of unknown function (DUF968)	ydfU	-	-	-	-	-	-	-	-	-	-	-	DUF968		0
PRODB_00392	N	N	Y	Ec_1943_01852	Escherichia coli	hypothetical protein	Y	1115515.EV102420_11_00420	1.00E-110	328	COG1846@1|root,COG1846@2|Bacteria,1R605@1224|Proteobacteria,1S0V3@1236|Gammaproteobacteria,3XPII@561|Escherichia	1236|Gammaproteobacteria	K	Helix-turn-helix domain	yfdO	GO:0006950,GO:0006979,GO:0008150,GO:0050896	-	-	-	-	-	-	-	-	-	-	HTH_36,Phg_2220_C	AIM2.1, IKBKB.3, IRAK1.1, IRAK1.2, IRAK1.3, IRAK1.4, IRAK4.1, IRAK4.2, NAIP.1, NAIP.2, NFKB1.2, NFKBIA.1, NLRC4.1, NLRC4.2, NLRC4.3, NLRC4.4, NLRP1.1, NLRP1.2, NLRP1.3, NLRP1.4, NLRP1.5, NLRP12.1, NLRP12.2, NLRP12.3, NLRP12.4, NLRP12.5, NLRP12.6, NLRP12.7, NLRP3.1, NLRP3.2, NLRP3.3, NLRP3.4, NLRP3.5, NLRP3.6, RELA.1, RELA.2, RELA.3, RELA.4, TAB2.1, TAB2.2, TLR4.1, TLR4.2, TLR4.3, TRAF6.1	44
PRODB_00393	N	N	Y	Ec_SSGNw1_00455	Escherichia coli	hypothetical protein	Y	571.MC52_01585	1.33E-08	52.8	2DEF0@1|root,2ZMQZ@2|Bacteria,1P7W2@1224|Proteobacteria,1SW92@1236|Gammaproteobacteria	1236|Gammaproteobacteria	-	-	-	-	-	-	-	-	-	-	-	-	-	-	-	AIM2.1, IKBKB.1, IKBKB.2, IKBKB.3, IKBKB.4, IRAK1.1, IRAK1.2, IRAK1.3, IRAK1.4, IRAK4.1, IRAK4.2, NAIP.1, NAIP.2, NFKB1.2, NFKBIA.1, NLRC4.1, NLRC4.2, NLRC4.3, NLRC4.4, NLRP1.1, NLRP1.2, NLRP1.3, NLRP1.4, NLRP1.5, NLRP12.1, NLRP12.2, NLRP12.3, NLRP12.4, NLRP12.5, NLRP12.6, NLRP12.7, NLRP3.1, NLRP3.2, NLRP3.3, NLRP3.4, NLRP3.5, NLRP3.6, NLRP6.1, NLRP6.2, RELA.1, RELA.2, RELA.3, RELA.4, TAB2.1, TAB2.2, TLR4.1, TLR4.2, TLR4.3, TRAF6.1	49
PRODB_00394	N	N	Y	Ec_PBP5_00416	Escherichia coli	hypothetical protein	Y	10713.M9NYX1_BPPH8	6.95E-187	518	4QC9C@10239|Viruses,4QW2U@35237|dsDNA viruses  no RNA stage,4QPG4@28883|Caudovirales,4QKMD@10699|Siphoviridae	10699|Siphoviridae	S	Phage minor tail protein L	-	GO:0003674,GO:0005488,GO:0048037,GO:0051536,GO:0051539,GO:0051540	-	-	-	-	-	-	-	-	-	-	-	AIM2.1, IKBKB.3, IRAK1.1, IRAK1.2, IRAK1.3, IRAK1.4, IRAK4.1, IRAK4.2, NAIP.1, NAIP.2, NFKB1.2, NFKBIA.1, NLRC4.1, NLRC4.2, NLRC4.3, NLRC4.4, NLRP1.1, NLRP1.2, NLRP1.3, NLRP1.4, NLRP1.5, NLRP12.1, NLRP12.2, NLRP12.3, NLRP12.4, NLRP12.5, NLRP12.6, NLRP12.7, NLRP3.1, NLRP3.2, NLRP3.3, NLRP3.4, NLRP3.5, NLRP3.6, NLRP6.1, NLRP6.2, RELA.1, RELA.2, RELA.3, RELA.4, TAB2.1, TAB2.2, TLR4.1, TLR4.2, TLR4.3, TRAF6.1	46
PRODB_00395	N	N	Y	Ec_XL10-gold-ultracompetent_01734	Escherichia coli	hypothetical protein	Y	61647.LG71_19505	9.03E-40	133	2E7G2@1|root,331YY@2|Bacteria,1NCN9@1224|Proteobacteria,1SCN0@1236|Gammaproteobacteria	1236|Gammaproteobacteria	S	phage tail assembly protein T	GJ12_01675	-	-	-	-	-	-	-	-	-	-	-	Phage_tail_T	AIM2.1, IKBKB.1, IKBKB.2, IKBKB.3, IKBKB.4, IRAK1.1, IRAK1.2, IRAK1.3, IRAK1.4, IRAK4.1, IRAK4.2, NAIP.1, NAIP.2, NFKB1.2, NFKBIA.1, NLRC4.1, NLRC4.2, NLRC4.3, NLRC4.4, NLRP1.1, NLRP1.2, NLRP1.3, NLRP1.4, NLRP1.5, NLRP12.1, NLRP12.2, NLRP12.3, NLRP12.4, NLRP12.5, NLRP12.6, NLRP12.7, NLRP3.1, NLRP3.2, NLRP3.3, NLRP3.4, NLRP3.5, NLRP3.6, NLRP6.1, NLRP6.2, RELA.1, RELA.2, RELA.3, RELA.4, TAB2.1, TAB2.2, TLR4.1, TLR4.2, TLR4.3, TRAF6.1	49
PRODB_00396	N	N	Y	Ec_027_SK3_00275	Escherichia coli	hypothetical protein	Y	10713.M9P0D8_BPPH8	0.00E+00	2029	4QAQ9@10239|Viruses,4QUYQ@35237|dsDNA viruses  no RNA stage,4QPTV@28883|Caudovirales,4QKRS@10699|Siphoviridae	10699|Siphoviridae	S	Putative phage tail protein	-	GO:0005575,GO:0008150,GO:0016032,GO:0018995,GO:0019012,GO:0019058,GO:0019062,GO:0022610,GO:0030430,GO:0033643,GO:0033646,GO:0043656,GO:0043657,GO:0044215,GO:0044216,GO:0044217,GO:0044403,GO:0044406,GO:0044419,GO:0044650,GO:0051704	-	-	-	-	-	-	-	-	-	-	-	AIM2.1, IKBKB.1, IKBKB.2, IKBKB.3, IKBKB.4, IRAK1.1, IRAK1.2, IRAK1.3, IRAK1.4, IRAK4.1, IRAK4.2, NAIP.1, NAIP.2, NFKB1.2, NFKBIA.1, NLRC4.1, NLRC4.2, NLRC4.3, NLRC4.4, NLRP1.1, NLRP1.2, NLRP1.3, NLRP1.4, NLRP1.5, NLRP12.1, NLRP12.2, NLRP12.3, NLRP12.4, NLRP12.5, NLRP12.6, NLRP12.7, NLRP3.1, NLRP3.2, NLRP3.3, NLRP3.4, NLRP3.5, NLRP3.6, NLRP6.1, NLRP6.2, RELA.1, RELA.2, RELA.3, RELA.4, TAB2.1, TAB2.2, TLR4.1, TLR4.2, TLR4.3, TRAF6.1	49
PRODB_00397	N	N	Y	Ec_PBP5_00414	Escherichia coli	hypothetical protein	Y	10713.M9NZA3_BPPH8	1.83E-135	384	4QCSK@10239|Viruses,4QWE2@35237|dsDNA viruses  no RNA stage,4QPEA@28883|Caudovirales,4QKQJ@10699|Siphoviridae	10699|Siphoviridae	S	virus tail assembly	-	GO:0005575,GO:0018995,GO:0030430,GO:0033643,GO:0033646,GO:0043656,GO:0043657,GO:0044215,GO:0044216,GO:0044217	-	-	-	-	-	-	-	-	-	-	-	AIM2.1, IRAK1.1, IRAK1.2, IRAK1.3, IRAK1.4, IRAK4.1, NAIP.1, NAIP.2, NFKB1.2, NFKBIA.1, NLRC4.1, NLRC4.2, NLRC4.3, NLRC4.4, NLRP1.1, NLRP1.2, NLRP1.4, NLRP12.1, NLRP12.2, NLRP12.5, NLRP12.6, NLRP12.7, NLRP3.1, NLRP3.2, NLRP3.3, NLRP3.4, NLRP3.5, NLRP3.6, RELA.1, RELA.2, RELA.3, RELA.4, TAB2.1, TAB2.2, TLR4.1, TLR4.2, TLR4.3, TRAF6.1	38
PRODB_00398	N	N	Y	Ec_PBP5_00417	Escherichia coli	hypothetical protein	Y	10713.E4WL34_BPPH8	7.04E-79	234	4QCRY@10239|Viruses,4QUUH@35237|dsDNA viruses  no RNA stage,4QQ90@28883|Caudovirales,4QKNG@10699|Siphoviridae	10699|Siphoviridae	S	Phage minor tail protein	-	GO:0005575,GO:0018995,GO:0019012,GO:0030430,GO:0033643,GO:0033646,GO:0043656,GO:0043657,GO:0044215,GO:0044216,GO:0044217	-	-	-	-	-	-	-	-	-	-	-	AIM2.1, IKBKB.1, IKBKB.2, IKBKB.3, IKBKB.4, IRAK1.1, IRAK1.2, IRAK1.3, IRAK1.4, IRAK4.1, IRAK4.2, NAIP.1, NAIP.2, NFKB1.2, NFKBIA.1, NLRC4.1, NLRC4.2, NLRC4.3, NLRC4.4, NLRP1.1, NLRP1.2, NLRP1.3, NLRP1.4, NLRP1.5, NLRP12.1, NLRP12.2, NLRP12.3, NLRP12.4, NLRP12.5, NLRP12.6, NLRP12.7, NLRP3.1, NLRP3.2, NLRP3.3, NLRP3.4, NLRP3.5, NLRP3.6, NLRP6.1, NLRP6.2, RELA.1, RELA.2, RELA.3, RELA.4, TAB2.1, TAB2.2, TLR4.1, TLR4.2, TLR4.3, TRAF6.1	49
PRODB_00399	N	N	Y	Ec_CX21_01739	Escherichia coli	hypothetical protein	Y	1147149.K7PL06_9CAUD	3.71E-179	498	4QAK6@10239|Viruses,4QUP9@35237|dsDNA viruses  no RNA stage,4QPBY@28883|Caudovirales,4QKKV@10699|Siphoviridae	10699|Siphoviridae	S	peptidoglycan catabolic process	-	GO:0005575,GO:0018995,GO:0030430,GO:0033643,GO:0033646,GO:0043656,GO:0043657,GO:0044215,GO:0044216,GO:0044217	-	-	-	-	-	-	-	-	-	-	-	AIM2.1, IKBKB.1, IKBKB.2, IKBKB.3, IKBKB.4, IRAK1.1, IRAK1.2, IRAK1.3, IRAK1.4, IRAK4.1, IRAK4.2, NAIP.1, NAIP.2, NFKB1.2, NFKBIA.1, NLRC4.1, NLRC4.2, NLRC4.3, NLRC4.4, NLRP1.1, NLRP1.2, NLRP1.3, NLRP1.4, NLRP1.5, NLRP12.1, NLRP12.2, NLRP12.3, NLRP12.4, NLRP12.5, NLRP12.6, NLRP12.7, NLRP3.1, NLRP3.2, NLRP3.3, NLRP3.4, NLRP3.5, NLRP3.6, NLRP6.1, NLRP6.2, RELA.1, RELA.2, RELA.3, RELA.4, TAB2.1, TAB2.2, TLR4.1, TLR4.2, TLR4.3, TRAF6.1	49
PRODB_00400	N	N	Y	Ec_PBP5_00420	Escherichia coli	hypothetical protein	Y	61647.LG71_19510	2.00E-39	136	2EBXR@1|root,335X3@2|Bacteria,1NDPN@1224|Proteobacteria,1SDK8@1236|Gammaproteobacteria	1236|Gammaproteobacteria	S	phage minor tail protein G	-	-	-	-	-	-	-	-	-	-	-	-	Phage_TAC_2	AIM2.1, IKBKB.3, IRAK1.1, IRAK1.2, IRAK1.3, IRAK1.4, IRAK4.1, IRAK4.2, NAIP.1, NAIP.2, NFKB1.2, NFKBIA.1, NLRC4.2, NLRC4.3, NLRC4.4, NLRP1.1, NLRP1.2, NLRP1.3, NLRP1.4, NLRP1.5, NLRP12.1, NLRP12.2, NLRP12.3, NLRP12.4, NLRP12.5, NLRP12.6, NLRP12.7, NLRP3.1, NLRP3.2, NLRP3.3, NLRP3.4, NLRP3.5, NLRP3.6, NLRP6.2, RELA.1, RELA.2, RELA.3, RELA.4, TAB2.1, TAB2.2, TLR4.1, TLR4.2, TLR4.3, TRAF6.1	44
PRODB_00401	N	N	Y	Kp_TH12852_02944	Klebsiella pneumoniae	hypothetical protein	Y	1286170.RORB6_10185	1.14E-53	168	2E83Y@1|root,332HR@2|Bacteria,1NFBD@1224|Proteobacteria,1SFGW@1236|Gammaproteobacteria	1236|Gammaproteobacteria	S	Bacteriophage holin family HP1	-	-	-	-	-	-	-	-	-	-	-	-	Phage_holin_2_3	AIM2.1, IKBKB.2, IKBKB.3, IKBKB.4, IRAK1.1, IRAK1.2, IRAK1.3, IRAK1.4, IRAK4.1, IRAK4.2, NAIP.1, NAIP.2, NFKB1.2, NFKBIA.1, NLRC4.1, NLRC4.2, NLRC4.3, NLRC4.4, NLRP1.1, NLRP1.2, NLRP1.3, NLRP1.4, NLRP1.5, NLRP12.1, NLRP12.2, NLRP12.3, NLRP12.4, NLRP12.5, NLRP12.6, NLRP12.7, NLRP3.1, NLRP3.2, NLRP3.3, NLRP3.4, NLRP3.5, NLRP3.6, NLRP6.1, NLRP6.2, RELA.1, RELA.2, RELA.3, RELA.4, TAB2.1, TAB2.2, TLR4.1, TLR4.2, TLR4.3, TRAF6.1	48
PRODB_00402	N	N	Y	Ec_CX21_01705	Escherichia coli	hypothetical protein	Y	571.MC52_01580	5.86E-107	310	COG1896@1|root,COG1896@2|Bacteria,1RACF@1224|Proteobacteria,1S2SY@1236|Gammaproteobacteria	1236|Gammaproteobacteria	S	5'-deoxynucleotidase activity	yfdR	GO:0002953,GO:0003674,GO:0003824,GO:0005488,GO:0006793,GO:0006796,GO:0008150,GO:0008152,GO:0009987,GO:0016311,GO:0016787,GO:0016788,GO:0016791,GO:0042578,GO:0043167,GO:0043169,GO:0044237,GO:0046872,GO:0046914,GO:0050897	-	ko:K06952	-	-	-	-	ko00000	-	-	-	-	AIM2.1, NAIP.1, NAIP.2, NFKBIA.1, NLRP3.1, NLRP3.3, NLRP3.6	7
PRODB_00403	N	N	Y	Ef_EfsPF15_02672	Enterococcus faecalis	hypothetical protein	Y	220668.lp_0949	2.05E-68	218	COG1396@1|root,COG1396@2|Bacteria,1V873@1239|Firmicutes,4HQNH@91061|Bacilli,3F762@33958|Lactobacillaceae	91061|Bacilli	K	sequence-specific DNA binding	-	-	-	-	-	-	-	-	-	-	-	-	HTH_3	AIM2.1, IKBKB.3, IRAK1.1, IRAK1.2, IRAK1.3, IRAK1.4, IRAK4.1, IRAK4.2, NAIP.1, NAIP.2, NFKB1.2, NFKBIA.1, NLRC4.1, NLRC4.2, NLRC4.3, NLRC4.4, NLRP1.1, NLRP1.2, NLRP1.3, NLRP1.4, NLRP1.5, NLRP12.1, NLRP12.2, NLRP12.3, NLRP12.4, NLRP12.5, NLRP12.6, NLRP12.7, NLRP3.1, NLRP3.2, NLRP3.3, NLRP3.4, NLRP3.5, NLRP3.6, NLRP6.1, NLRP6.2, RELA.1, RELA.2, RELA.3, RELA.4, TAB2.1, TAB2.2, TLR4.1, TLR4.2, TLR4.3, TRAF6.1	46
PRODB_00404	N	N	Y	Ef_732_01378	Enterococcus faecalis	ABC transporter ATP-binding protein NatA	Y	1449338.JQLU01000005_gene1863	5.39E-87	264	COG1131@1|root,COG1131@2|Bacteria	2|Bacteria	V	ATPase activity	-	-	-	ko:K01990	-	M00254	-	-	ko00000,ko00002,ko02000	3.A.1	-	-	ABC_tran	AIM2.1, IKBKB.3, IRAK1.1, IRAK1.2, IRAK1.3, IRAK1.4, IRAK4.1, IRAK4.2, NAIP.1, NAIP.2, NFKB1.2, NFKBIA.1, NLRC4.1, NLRC4.2, NLRC4.3, NLRC4.4, NLRP1.1, NLRP1.2, NLRP1.3, NLRP1.4, NLRP1.5, NLRP12.1, NLRP12.2, NLRP12.3, NLRP12.4, NLRP12.5, NLRP12.6, NLRP12.7, NLRP3.1, NLRP3.2, NLRP3.3, NLRP3.4, NLRP3.5, NLRP3.6, NLRP6.1, NLRP6.2, RELA.1, RELA.2, RELA.3, RELA.4, TAB2.1, TAB2.2, TLR4.1, TLR4.2, TLR4.3, TRAF6.1	46
PRODB_00405	N	N	Y	Ef_VSI48_01128	Enterococcus faecalis	hypothetical protein	N	-	-	-	-	-	-	-	-	-	-	-	-	-	-	-	-	-	-	-	-	AIM2.1, IKBKB.1, IKBKB.2, IKBKB.3, IKBKB.4, IRAK1.1, IRAK1.2, IRAK1.3, IRAK1.4, IRAK4.1, IRAK4.2, NAIP.1, NAIP.2, NFKB1.2, NFKBIA.1, NLRC4.1, NLRC4.2, NLRC4.3, NLRC4.4, NLRP1.1, NLRP1.2, NLRP1.3, NLRP1.4, NLRP1.5, NLRP12.1, NLRP12.2, NLRP12.3, NLRP12.4, NLRP12.5, NLRP12.6, NLRP12.7, NLRP3.1, NLRP3.2, NLRP3.3, NLRP3.4, NLRP3.5, NLRP3.6, NLRP6.1, NLRP6.2, RELA.1, RELA.2, RELA.3, RELA.4, TAB2.1, TAB2.2, TLR4.1, TLR4.2, TLR4.3, TRAF6.1	49
PRODB_00406	N	N	Y	Kp_kp8_01479	Klebsiella pneumoniae	hypothetical protein	Y	61647.LG71_19515	1.97E-153	433	COG5492@1|root,COG5492@2|Bacteria,1R7SX@1224|Proteobacteria,1RP1Q@1236|Gammaproteobacteria	1236|Gammaproteobacteria	N	Lambda phage tail tube protein, TTP	GJ12_03320	-	-	-	-	-	-	-	-	-	-	-	Big_2,Phage_TTP_12	AIM2.1, IRAK1.1, IRAK1.2, IRAK1.3, IRAK1.4, IRAK4.1, NFKB1.2, NFKBIA.1, NLRC4.3, NLRC4.4, NLRP1.1, NLRP1.2, NLRP1.3, NLRP1.4, NLRP12.1, NLRP12.2, NLRP12.5, NLRP12.7, NLRP3.1, NLRP3.2, NLRP3.3, NLRP3.4, NLRP3.5, NLRP3.6, RELA.1, RELA.2, RELA.3, RELA.4, TAB2.1, TAB2.2, TLR4.3, TRAF6.1	32
PRODB_00407	N	N	Y	Ef_62_02504	Enterococcus faecalis	hypothetical protein	Y	888821.HMPREF9394_1520	8.81E-05	49.3	29RJ2@1|root,30CN5@2|Bacteria,1UA4F@1239|Firmicutes,4IKED@91061|Bacilli,1WRGY@1305|Streptococcus sanguinis	91061|Bacilli	-	-	-	-	-	-	-	-	-	-	-	-	-	-	-	AIM2.1, IKBKB.3, IKBKB.4, IRAK1.1, IRAK1.2, IRAK1.3, IRAK1.4, IRAK4.1, IRAK4.2, NAIP.1, NAIP.2, NFKB1.2, NFKBIA.1, NLRC4.1, NLRC4.2, NLRC4.3, NLRC4.4, NLRP1.1, NLRP1.2, NLRP1.3, NLRP1.4, NLRP1.5, NLRP12.1, NLRP12.2, NLRP12.3, NLRP12.4, NLRP12.5, NLRP12.6, NLRP12.7, NLRP3.1, NLRP3.2, NLRP3.3, NLRP3.4, NLRP3.5, NLRP3.6, NLRP6.1, NLRP6.2, RELA.1, RELA.2, RELA.3, RELA.4, TAB2.1, TAB2.2, TLR4.1, TLR4.2, TLR4.3, TRAF6.1	47
PRODB_00408	N	N	Y	Ef_KUB3006_01888	Enterococcus faecalis	hypothetical protein	N	-	-	-	-	-	-	-	-	-	-	-	-	-	-	-	-	-	-	-	-	AIM2.1, IKBKB.1, IKBKB.2, IKBKB.3, IKBKB.4, IRAK1.1, IRAK1.2, IRAK1.3, IRAK1.4, IRAK4.1, IRAK4.2, NAIP.1, NAIP.2, NFKB1.2, NFKBIA.1, NLRC4.1, NLRC4.2, NLRC4.3, NLRC4.4, NLRP1.1, NLRP1.2, NLRP1.3, NLRP1.4, NLRP1.5, NLRP12.1, NLRP12.2, NLRP12.3, NLRP12.4, NLRP12.5, NLRP12.6, NLRP12.7, NLRP3.1, NLRP3.2, NLRP3.3, NLRP3.4, NLRP3.5, NLRP3.6, NLRP6.1, NLRP6.2, RELA.1, RELA.2, RELA.3, RELA.4, TAB2.1, TAB2.2, TLR4.1, TLR4.2, TLR4.3, TRAF6.1	49
PRODB_00409	N	N	Y	Ef_732_00490	Enterococcus faecalis	Tn3 family transposase TnBth1	Y	1423734.JCM14202_2834	5.23E-248	702	COG4644@1|root,COG4644@2|Bacteria,1TRGX@1239|Firmicutes,4HAJF@91061|Bacilli,3F4XC@33958|Lactobacillaceae	91061|Bacilli	L	Domain of unknown function (DUF4158)	-	-	-	-	-	-	-	-	-	-	-	-	DDE_Tnp_Tn3,DUF4158	AIM2.1, IRAK1.1, IRAK1.2, IRAK1.3, IRAK1.4, NFKB1.2, NLRC4.3, NLRC4.4, NLRP3.1, NLRP3.2, NLRP3.3, NLRP3.4, NLRP3.5, NLRP3.6, RELA.1, RELA.2, RELA.4, TAB2.1, TAB2.2	19
PRODB_00410	N	N	Y	Ec_SYNB1934_03422	Escherichia coli	hypothetical protein	Y	469008.B21_00852	4.44E-71	217	2DMUG@1|root,32TR7@2|Bacteria,1N14T@1224|Proteobacteria,1SB31@1236|Gammaproteobacteria,3XREF@561|Escherichia	1236|Gammaproteobacteria	S	response to oxidative stress	yfdK	GO:0006950,GO:0006979,GO:0008150,GO:0050896	-	-	-	-	-	-	-	-	-	-	Caudo_TAP	AIM2.1, IKBKB.3, IRAK1.1, IRAK1.2, IRAK1.3, IRAK1.4, IRAK4.1, IRAK4.2, NAIP.1, NAIP.2, NFKB1.2, NFKBIA.1, NLRC4.1, NLRC4.2, NLRC4.3, NLRC4.4, NLRP1.1, NLRP1.2, NLRP1.3, NLRP1.4, NLRP1.5, NLRP12.1, NLRP12.2, NLRP12.3, NLRP12.4, NLRP12.5, NLRP12.6, NLRP12.7, NLRP3.1, NLRP3.2, NLRP3.3, NLRP3.4, NLRP3.5, NLRP3.6, NLRP6.1, NLRP6.2, RELA.1, RELA.2, RELA.3, RELA.4, TAB2.1, TAB2.2, TLR4.1, TLR4.2, TLR4.3, TRAF6.1	46
PRODB_00411	N	N	Y	Ef_FDAARGOS_338_01833	Enterococcus faecalis	3',5'-cyclic adenosine monophosphate phosphodiesterase CpdA	Y	1158607.UAU_03404	3.78E-99	298	COG1409@1|root,COG1409@2|Bacteria,1VJ4D@1239|Firmicutes,4HNZU@91061|Bacilli,4B062@81852|Enterococcaceae	91061|Bacilli	S	Calcineurin-like phosphoesterase superfamily domain	-	-	3.1.4.17,3.1.4.53	ko:K01120,ko:K03651	ko00230,ko02025,map00230,map02025	-	R00191,R01234	RC00296	ko00000,ko00001,ko01000	-	-	-	Metallophos	AIM2.1, IRAK1.1, IRAK1.2, IRAK1.3, IRAK1.4, NAIP.1, NAIP.2, NFKB1.2, NFKBIA.1, NLRC4.1, NLRC4.3, NLRC4.4, NLRP1.1, NLRP1.2, NLRP1.3, NLRP1.4, NLRP1.5, NLRP3.1, NLRP3.2, NLRP3.3, NLRP3.4, NLRP3.5, NLRP3.6, RELA.1, RELA.2, RELA.3, RELA.4, TAB2.1, TAB2.2, TLR4.1, TLR4.2, TLR4.3, TRAF6.1	33
PRODB_00412	N	N	Y	Ef_SN21-3_01385	Enterococcus faecalis	Phosphate-import permease protein PhnE	Y	1139219.I569_02197	6.73E-109	322	COG3639@1|root,COG3639@2|Bacteria,1TR1S@1239|Firmicutes,4HBT8@91061|Bacilli,4B0SX@81852|Enterococcaceae	91061|Bacilli	U	Binding-protein-dependent transport system inner membrane component	-	-	-	ko:K02042	ko02010,map02010	M00223	-	-	ko00000,ko00001,ko00002,ko02000	3.A.1.9	-	-	BPD_transp_1	AIM2.1, IKBKB.3, IRAK1.1, IRAK1.2, IRAK1.3, IRAK1.4, IRAK4.1, IRAK4.2, NAIP.1, NAIP.2, NFKB1.2, NFKBIA.1, NLRC4.1, NLRC4.2, NLRC4.3, NLRC4.4, NLRP1.1, NLRP1.2, NLRP1.3, NLRP1.4, NLRP1.5, NLRP12.1, NLRP12.2, NLRP12.3, NLRP12.4, NLRP12.5, NLRP12.6, NLRP12.7, NLRP3.1, NLRP3.2, NLRP3.3, NLRP3.4, NLRP3.5, NLRP3.6, NLRP6.1, NLRP6.2, RELA.1, RELA.2, RELA.3, RELA.4, TAB2.1, TAB2.2, TLR4.1, TLR4.2, TLR4.3, TRAF6.1	46
PRODB_00413	N	N	Y	Ef_FDAARGOS_338_01834	Enterococcus faecalis	hypothetical protein	Y	1158607.UAU_03405	1.00E-127	369	COG3639@1|root,COG3639@2|Bacteria,1V15B@1239|Firmicutes,4IQWU@91061|Bacilli,4AZF2@81852|Enterococcaceae	91061|Bacilli	P	Binding-protein-dependent transport system inner membrane component	-	-	-	ko:K02042	ko02010,map02010	M00223	-	-	ko00000,ko00001,ko00002,ko02000	3.A.1.9	-	-	BPD_transp_1	AIM2.1, IKBKB.3, IRAK1.1, IRAK1.2, IRAK1.3, IRAK1.4, IRAK4.1, IRAK4.2, NFKB1.2, NFKBIA.1, NLRC4.2, NLRC4.3, NLRC4.4, NLRP1.1, NLRP1.2, NLRP1.3, NLRP1.4, NLRP1.5, NLRP12.1, NLRP12.2, NLRP12.5, NLRP12.7, NLRP3.1, NLRP3.2, NLRP3.3, NLRP3.4, NLRP3.5, NLRP3.6, NLRP6.1, NLRP6.2, RELA.1, RELA.2, RELA.3, RELA.4, TAB2.1, TAB2.2, TLR4.1, TLR4.3, TRAF6.1	39
PRODB_00414	N	N	Y	Ef_AT04_01357	Enterococcus faecalis	Phosphate-import protein PhnD	Y	565653.EGBG_03026	5.74E-155	442	COG3221@1|root,COG3221@2|Bacteria,1TR0H@1239|Firmicutes,4HBJQ@91061|Bacilli,4B0DG@81852|Enterococcaceae	91061|Bacilli	P	ABC transporter, phosphonate, periplasmic substrate-binding protein	-	-	-	ko:K02044	ko02010,map02010	M00223	-	-	ko00000,ko00001,ko00002,ko02000	3.A.1.9	-	-	Phosphonate-bd	AIM2.1, IRAK4.1, NLRC4.4, NLRP12.5, NLRP3.1, NLRP3.5, TAB2.1, TAB2.2	8
PRODB_00415	N	N	Y	Ef_K205-3_01486	Enterococcus faecalis	Glutamine transport ATP-binding protein GlnQ	Y	565653.EGBG_03027	1.15E-133	384	COG3638@1|root,COG3638@2|Bacteria,1TQG6@1239|Firmicutes,4HC3N@91061|Bacilli,4B1GW@81852|Enterococcaceae	91061|Bacilli	P	Part of the ABC transporter complex PhnCDE involved in phosphonates import. Responsible for energy coupling to the transport system	phnC	-	3.6.3.28	ko:K02041	ko02010,map02010	M00223	-	-	ko00000,ko00001,ko00002,ko01000,ko02000	3.A.1.9	-	-	ABC_tran	NFKB1.2, NLRC4.4, TAB2.1, TAB2.2	4
PRODB_00416	N	N	Y	Ef_AR_0780_01756	Enterococcus faecalis	Regulatory protein YeiL	Y	565655.ECBG_03120	1.66E-74	231	COG0664@1|root,COG0664@2|Bacteria,1UEKS@1239|Firmicutes,4HCZE@91061|Bacilli,4B1K0@81852|Enterococcaceae	91061|Bacilli	K	Cyclic nucleotide-monophosphate binding domain	fnr5	-	-	-	-	-	-	-	-	-	-	-	HTH_Crp_2,cNMP_binding	AIM2.1, IKBKB.1, IKBKB.2, IKBKB.3, IKBKB.4, IRAK1.1, IRAK1.2, IRAK1.3, IRAK1.4, IRAK4.1, IRAK4.2, NAIP.1, NAIP.2, NFKB1.2, NFKBIA.1, NLRC4.1, NLRC4.2, NLRC4.3, NLRC4.4, NLRP1.1, NLRP1.2, NLRP1.3, NLRP1.4, NLRP1.5, NLRP12.1, NLRP12.2, NLRP12.3, NLRP12.4, NLRP12.5, NLRP12.6, NLRP12.7, NLRP3.1, NLRP3.2, NLRP3.3, NLRP3.4, NLRP3.5, NLRP3.6, NLRP6.1, NLRP6.2, RELA.1, RELA.2, RELA.3, RELA.4, TAB2.1, TAB2.2, TLR4.1, TLR4.2, TLR4.3, TRAF6.1	49
PRODB_00417	N	N	Y	Ef_59_00287	Enterococcus faecalis	hypothetical protein	N	-	-	-	-	-	-	-	-	-	-	-	-	-	-	-	-	-	-	-	-	AIM2.1, IKBKB.1, IKBKB.2, IKBKB.3, IKBKB.4, IRAK1.1, IRAK1.2, IRAK1.3, IRAK1.4, IRAK4.1, IRAK4.2, NAIP.1, NAIP.2, NFKB1.2, NFKBIA.1, NLRC4.1, NLRC4.2, NLRC4.3, NLRC4.4, NLRP1.1, NLRP1.2, NLRP1.3, NLRP1.4, NLRP1.5, NLRP12.1, NLRP12.2, NLRP12.3, NLRP12.4, NLRP12.5, NLRP12.6, NLRP12.7, NLRP3.1, NLRP3.2, NLRP3.3, NLRP3.4, NLRP3.5, NLRP3.6, NLRP6.1, NLRP6.2, RELA.1, RELA.2, RELA.3, RELA.4, TAB2.1, TAB2.2, TLR4.1, TLR4.2, TLR4.3, TRAF6.1	49
PRODB_00418	N	N	Y	Se_BKQZM9_02298	Salmonella enterica	hypothetical protein	Y	90371.CY43_11975	6.49E-89	265	COG1974@1|root,COG1974@2|Bacteria,1N870@1224|Proteobacteria,1SCT7@1236|Gammaproteobacteria	1236|Gammaproteobacteria	KT	Represses a number of genes involved in the response to DNA damage (SOS response), including recA and lexA. In the presence of single-stranded DNA, RecA interacts with LexA causing an autocatalytic cleavage which disrupts the DNA-binding part of LexA, leading to derepression of the SOS regulon and eventually DNA repair	-	-	-	ko:K03503	-	-	-	-	ko00000,ko01000,ko01002,ko03400	-	-	-	-	AIM2.1, IKBKB.1, IKBKB.2, IKBKB.3, IKBKB.4, IRAK1.1, IRAK1.2, IRAK1.3, IRAK1.4, IRAK4.1, IRAK4.2, NAIP.1, NAIP.2, NFKB1.2, NFKBIA.1, NLRC4.1, NLRC4.2, NLRC4.3, NLRC4.4, NLRP1.1, NLRP1.2, NLRP1.3, NLRP1.4, NLRP1.5, NLRP12.1, NLRP12.2, NLRP12.3, NLRP12.4, NLRP12.5, NLRP12.6, NLRP12.7, NLRP3.1, NLRP3.2, NLRP3.3, NLRP3.4, NLRP3.5, NLRP3.6, NLRP6.1, NLRP6.2, RELA.1, RELA.2, RELA.3, RELA.4, TAB2.1, TAB2.2, TLR4.1, TLR4.2, TLR4.3, TRAF6.1	49
PRODB_00419	N	N	Y	Ka_C252072_03319	Klebsiella aerogenes	hypothetical protein	Y	61647.LG71_19545	0.00E+00	934	COG5511@1|root,COG5511@2|Bacteria,1MVN4@1224|Proteobacteria,1RRK4@1236|Gammaproteobacteria	1236|Gammaproteobacteria	S	portal protein	-	-	-	-	-	-	-	-	-	-	-	-	Phage_portal_2	AIM2.1, IRAK1.1, IRAK1.2, IRAK1.3, IRAK1.4, IRAK4.1, IRAK4.2, NAIP.1, NAIP.2, NFKB1.2, NFKBIA.1, NLRC4.2, NLRC4.3, NLRC4.4, NLRP1.1, NLRP1.2, NLRP1.4, NLRP12.1, NLRP12.2, NLRP12.4, NLRP12.5, NLRP12.6, NLRP12.7, NLRP3.1, NLRP3.2, NLRP3.3, NLRP3.4, NLRP3.5, NLRP3.6, RELA.1, RELA.2, RELA.3, RELA.4, TAB2.1, TAB2.2, TLR4.3, TRAF6.1	37
PRODB_00420	N	N	Y	Ef_K190-1_02058	Enterococcus faecalis	hypothetical protein	Y	1260356.D920_02749	4.07E-60	193	COG1266@1|root,COG1266@2|Bacteria,1VKZ6@1239|Firmicutes,4HQSN@91061|Bacilli,4B4AC@81852|Enterococcaceae	91061|Bacilli	S	CAAX protease self-immunity	-	-	-	-	-	-	-	-	-	-	-	-	Abi	AIM2.1, IKBKB.3, IRAK1.1, IRAK1.2, IRAK1.3, IRAK1.4, IRAK4.1, IRAK4.2, NAIP.1, NAIP.2, NFKB1.2, NFKBIA.1, NLRC4.1, NLRC4.2, NLRC4.3, NLRC4.4, NLRP1.1, NLRP1.2, NLRP1.3, NLRP1.4, NLRP1.5, NLRP12.1, NLRP12.2, NLRP12.3, NLRP12.4, NLRP12.5, NLRP12.6, NLRP12.7, NLRP3.1, NLRP3.2, NLRP3.3, NLRP3.4, NLRP3.5, NLRP3.6, NLRP6.1, NLRP6.2, RELA.1, RELA.2, RELA.3, RELA.4, TAB2.1, TAB2.2, TLR4.1, TLR4.2, TLR4.3, TRAF6.1	46
PRODB_00421	N	N	Y	Ef_EFS36_00915	Enterococcus faecalis	hypothetical protein	Y	226185.EF_0482	7.32E-91	266	COG1595@1|root,COG1595@2|Bacteria,1V2HF@1239|Firmicutes,4HQIX@91061|Bacilli,4B24G@81852|Enterococcaceae	91061|Bacilli	K	to GB X04470, GB X04503, GB X04502, SP P03973, PID 28639, PID 338233, PID 36491, and PID 758101	-	-	-	-	-	-	-	-	-	-	-	-	Sigma70_r4_2	AIM2.1, IKBKB.1, IKBKB.2, IKBKB.3, IKBKB.4, IRAK1.1, IRAK1.2, IRAK1.3, IRAK1.4, IRAK4.1, IRAK4.2, NAIP.1, NAIP.2, NFKB1.2, NFKBIA.1, NLRC4.1, NLRC4.2, NLRC4.3, NLRC4.4, NLRP1.1, NLRP1.2, NLRP1.3, NLRP1.4, NLRP1.5, NLRP12.1, NLRP12.2, NLRP12.3, NLRP12.4, NLRP12.5, NLRP12.6, NLRP12.7, NLRP3.1, NLRP3.2, NLRP3.3, NLRP3.4, NLRP3.5, NLRP3.6, NLRP6.1, NLRP6.2, RELA.1, RELA.2, RELA.3, RELA.4, TAB2.1, TAB2.2, TLR4.1, TLR4.2, TLR4.3, TRAF6.1	49
PRODB_00422	N	N	Y	Ec_2009EL-2071_02056	Escherichia coli	Putative defective protein IntQ	Y	103807.Q8W658_9CAUD	2.67E-308	841	4QAQE@10239|Viruses,4QUYF@35237|dsDNA viruses  no RNA stage,4QPDM@28883|Caudovirales,4QI70@10662|Myoviridae	10662|Myoviridae	S	DNA integration	-	-	-	-	-	-	-	-	-	-	-	-	-	AIM2.1, IRAK1.1, IRAK1.2, IRAK1.3, IRAK1.4, IRAK4.1, NAIP.1, NAIP.2, NFKB1.2, NFKBIA.1, NLRC4.3, NLRC4.4, NLRP1.1, NLRP1.2, NLRP1.4, NLRP12.5, NLRP3.1, NLRP3.2, NLRP3.3, NLRP3.4, NLRP3.5, NLRP3.6, RELA.1, RELA.2, RELA.3, RELA.4, TAB2.1, TAB2.2, TLR4.3, TRAF6.1	30
PRODB_00423	N	N	Y	Ef_29212_00041	Enterococcus faecalis	hypothetical protein	Y	1201292.DR75_41	9.35E-135	381	2DR46@1|root,33A3D@2|Bacteria,1U33P@1239|Firmicutes,4ICU6@91061|Bacilli,4B5HZ@81852|Enterococcaceae	91061|Bacilli	S	Matrixin	-	-	-	-	-	-	-	-	-	-	-	-	Peptidase_M10	AIM2.1, IKBKB.1, IKBKB.2, IKBKB.3, IKBKB.4, IRAK1.1, IRAK1.2, IRAK1.3, IRAK1.4, IRAK4.1, IRAK4.2, NAIP.1, NAIP.2, NFKB1.2, NFKBIA.1, NLRC4.1, NLRC4.2, NLRC4.3, NLRC4.4, NLRP1.1, NLRP1.2, NLRP1.3, NLRP1.4, NLRP1.5, NLRP12.1, NLRP12.2, NLRP12.3, NLRP12.4, NLRP12.5, NLRP12.6, NLRP12.7, NLRP3.1, NLRP3.2, NLRP3.3, NLRP3.4, NLRP3.5, NLRP3.6, NLRP6.1, NLRP6.2, RELA.1, RELA.2, RELA.3, RELA.4, TAB2.1, TAB2.2, TLR4.1, TLR4.2, TLR4.3, TRAF6.1	49
PRODB_00424	N	N	Y	Ef_UAMS_EL54_02021	Enterococcus faecalis	hypothetical protein	Y	1201292.DR75_42	6.24E-183	510	2EJQA@1|root,33DF3@2|Bacteria,1VQPF@1239|Firmicutes,4I91I@91061|Bacilli,4B3K0@81852|Enterococcaceae	91061|Bacilli	-	-	-	-	-	-	-	-	-	-	-	-	-	-	-		0
PRODB_00425	N	N	Y	Ef_43-2_02146	Enterococcus faecalis	hypothetical protein	Y	663241.C9E2M9_9CAUD	6.34E-155	435	4QBFR@10239|Viruses,4QV1E@35237|dsDNA viruses  no RNA stage,4QPRX@28883|Caudovirales,4QKMP@10699|Siphoviridae	10699|Siphoviridae	S	ERF superfamily	-	-	-	-	-	-	-	-	-	-	-	-	-	AIM2.1, IRAK1.1, IRAK1.2, IRAK1.3, IRAK1.4, IRAK4.1, NAIP.1, NAIP.2, NFKB1.2, NFKBIA.1, NLRC4.1, NLRC4.2, NLRC4.3, NLRC4.4, NLRP1.1, NLRP1.2, NLRP1.3, NLRP1.4, NLRP12.1, NLRP12.2, NLRP12.3, NLRP12.4, NLRP12.5, NLRP12.6, NLRP12.7, NLRP3.1, NLRP3.2, NLRP3.3, NLRP3.4, NLRP3.5, NLRP3.6, NLRP6.1, NLRP6.2, RELA.1, RELA.2, RELA.3, RELA.4, TAB2.1, TAB2.2, TLR4.3, TRAF6.1	41
PRODB_00426	N	N	Y	Ef_EfaR372_01734	Enterococcus faecalis	hypothetical protein	Y	663241.C9E2N0_9CAUD	3.09E-150	431	4QB3F@10239|Viruses,4QV3C@35237|dsDNA viruses  no RNA stage,4QPZ0@28883|Caudovirales,4QM6P@10699|Siphoviridae	10699|Siphoviridae	S	Protein of unknown function (DUF1351)	-	-	-	-	-	-	-	-	-	-	-	-	-	AIM2.1, IRAK1.1, IRAK1.2, IRAK1.3, IRAK1.4, IRAK4.1, NFKB1.2, NLRC4.3, NLRC4.4, NLRP12.5, NLRP3.1, NLRP3.2, NLRP3.3, NLRP3.5, NLRP3.6, TAB2.1, TAB2.2, TRAF6.1	18
PRODB_00427	N	N	Y	Ef_732_02020	Enterococcus faecalis	hypothetical protein	Y	768486.EHR_09640	3.28E-21	85.5	2DRAZ@1|root,33B0U@2|Bacteria,1VN37@1239|Firmicutes	1239|Firmicutes	-	-	-	-	-	-	-	-	-	-	-	-	-	-	-	AIM2.1, IKBKB.1, IKBKB.2, IKBKB.3, IKBKB.4, IRAK1.1, IRAK1.2, IRAK1.3, IRAK1.4, IRAK4.1, IRAK4.2, NAIP.1, NAIP.2, NFKB1.2, NFKBIA.1, NLRC4.1, NLRC4.2, NLRC4.3, NLRC4.4, NLRP1.1, NLRP1.2, NLRP1.3, NLRP1.4, NLRP1.5, NLRP12.1, NLRP12.2, NLRP12.3, NLRP12.4, NLRP12.5, NLRP12.6, NLRP12.7, NLRP3.1, NLRP3.2, NLRP3.3, NLRP3.4, NLRP3.5, NLRP3.6, NLRP6.1, NLRP6.2, RELA.1, RELA.2, RELA.3, RELA.4, TAB2.1, TAB2.2, TLR4.1, TLR4.2, TLR4.3, TRAF6.1	49
PRODB_00428	N	N	Y	Ef_E006xJH2-2-TC1_00183	Enterococcus faecalis	30S ribosomal protein S8	Y	1201292.DR75_2245	2.19E-87	257	COG0096@1|root,COG0096@2|Bacteria,1V3KK@1239|Firmicutes,4HH32@91061|Bacilli,4B2BY@81852|Enterococcaceae	91061|Bacilli	J	One of the primary rRNA binding proteins, it binds directly to 16S rRNA central domain where it helps coordinate assembly of the platform of the 30S subunit	rpsH	GO:0003674,GO:0003735,GO:0005198,GO:0005575,GO:0005622,GO:0005623,GO:0005737,GO:0005829,GO:0005840,GO:0015935,GO:0022626,GO:0022627,GO:0032991,GO:0043226,GO:0043228,GO:0043229,GO:0043232,GO:0044391,GO:0044422,GO:0044424,GO:0044444,GO:0044445,GO:0044446,GO:0044464,GO:1990904	-	ko:K02994	ko03010,map03010	M00178,M00179	-	-	br01610,ko00000,ko00001,ko00002,ko03011	-	-	-	Ribosomal_S8	NFKB1.2, TAB2.2	2
PRODB_00429	N	N	Y	Ef_E512-TC1_00154	Enterococcus faecalis	50S ribosomal protein L16	Y	1158609.I586_02224	4.80E-99	287	COG0197@1|root,COG0197@2|Bacteria,1V1AY@1239|Firmicutes,4HFPN@91061|Bacilli,4AZ8A@81852|Enterococcaceae	91061|Bacilli	J	Binds 23S rRNA and is also seen to make contacts with the A and possibly P site tRNAs	rplP	GO:0003674,GO:0003676,GO:0003723,GO:0003735,GO:0005198,GO:0005488,GO:0005575,GO:0005622,GO:0005623,GO:0005737,GO:0005829,GO:0005840,GO:0015934,GO:0019843,GO:0022625,GO:0022626,GO:0032991,GO:0043226,GO:0043228,GO:0043229,GO:0043232,GO:0044391,GO:0044422,GO:0044424,GO:0044444,GO:0044445,GO:0044446,GO:0044464,GO:0097159,GO:1901363,GO:1990904	-	ko:K02878	ko03010,map03010	M00178	-	-	br01610,ko00000,ko00001,ko00002,ko03011	-	-	-	Ribosomal_L16	AIM2.1, IKBKB.3, IKBKB.4, IRAK1.1, IRAK1.2, IRAK1.3, IRAK1.4, IRAK4.1, IRAK4.2, NAIP.1, NAIP.2, NFKB1.2, NFKBIA.1, NLRC4.1, NLRC4.2, NLRC4.3, NLRC4.4, NLRP1.1, NLRP1.2, NLRP1.3, NLRP1.4, NLRP1.5, NLRP12.1, NLRP12.2, NLRP12.3, NLRP12.4, NLRP12.5, NLRP12.6, NLRP12.7, NLRP3.1, NLRP3.2, NLRP3.3, NLRP3.4, NLRP3.5, NLRP3.6, NLRP6.1, NLRP6.2, RELA.1, RELA.2, RELA.3, RELA.4, TAB2.1, TAB2.2, TLR4.1, TLR4.2, TLR4.3, TRAF6.1	47
PRODB_00430	N	N	Y	Ef_CF2A-2143_00716	Enterococcus faecalis	hypothetical protein	Y	1235801.C822_00004	8.15E-41	139	2DG28@1|root,2ZU5J@2|Bacteria,1W3II@1239|Firmicutes,4HZTD@91061|Bacilli,3FB0M@33958|Lactobacillaceae	91061|Bacilli	-	-	-	-	-	-	-	-	-	-	-	-	-	-	-	AIM2.1, IKBKB.1, IKBKB.2, IKBKB.3, IKBKB.4, IRAK1.1, IRAK1.2, IRAK1.3, IRAK1.4, IRAK4.1, IRAK4.2, NAIP.1, NAIP.2, NFKB1.2, NFKBIA.1, NLRC4.1, NLRC4.2, NLRC4.3, NLRC4.4, NLRP1.1, NLRP1.2, NLRP1.3, NLRP1.4, NLRP1.5, NLRP12.1, NLRP12.2, NLRP12.3, NLRP12.4, NLRP12.5, NLRP12.6, NLRP12.7, NLRP3.1, NLRP3.2, NLRP3.3, NLRP3.4, NLRP3.5, NLRP3.6, NLRP6.1, NLRP6.2, RELA.1, RELA.2, RELA.3, RELA.4, TAB2.1, TAB2.2, TLR4.1, TLR4.2, TLR4.3, TRAF6.1	49
PRODB_00431	N	N	Y	Ec_G1_2_02066	Escherichia coli	hypothetical protein	Y	220341.165	1.29E-39	132	2CQE5@1|root,32SM0@2|Bacteria,1N671@1224|Proteobacteria,1SB5K@1236|Gammaproteobacteria,3ZNBA@590|Salmonella	1236|Gammaproteobacteria	S	Putative excisionase (DUF1233)	-	-	-	-	-	-	-	-	-	-	-	-	DUF1233	AIM2.1, IKBKB.1, IKBKB.2, IKBKB.3, IKBKB.4, IRAK1.1, IRAK1.2, IRAK1.3, IRAK1.4, IRAK4.1, IRAK4.2, NAIP.1, NAIP.2, NFKB1.2, NFKBIA.1, NLRC4.1, NLRC4.2, NLRC4.3, NLRC4.4, NLRP1.1, NLRP1.2, NLRP1.3, NLRP1.4, NLRP1.5, NLRP12.1, NLRP12.2, NLRP12.3, NLRP12.4, NLRP12.5, NLRP12.6, NLRP12.7, NLRP3.1, NLRP3.2, NLRP3.3, NLRP3.4, NLRP3.5, NLRP3.6, NLRP6.1, NLRP6.2, RELA.1, RELA.2, RELA.3, RELA.4, TAB2.1, TAB2.2, TLR4.1, TLR4.2, TLR4.3, TRAF6.1	49
PRODB_00432	N	N	Y	Ef_C25_dup_XZHY9_00295	Enterococcus faecalis	Lichenan permease IIC component	Y	1301100.HG529244_gene2352	9.01E-193	548	COG1455@1|root,COG1455@2|Bacteria,1TP8D@1239|Firmicutes,249WD@186801|Clostridia,36Q6V@31979|Clostridiaceae	186801|Clostridia	U	The phosphoenolpyruvate-dependent sugar phosphotransferase system (PTS), a major carbohydrate active - transport system, catalyzes the phosphorylation of incoming sugar substrates concomitant with their translocation across the cell membrane	-	-	-	ko:K02761	ko00500,ko02060,map00500,map02060	M00275	R11170,R11172	RC00017,RC03206	ko00000,ko00001,ko00002,ko02000	4.A.3.2	-	-	PTS_EIIC	NFKB1.2, NLRP3.1, NLRP3.2, NLRP3.5, NLRP3.6, TAB2.1, TAB2.2	7
PRODB_00433	N	N	Y	Ef_HL1_02451	Enterococcus faecalis	Aryl-phospho-beta-D-glucosidase BglH	Y	1301100.HG529244_gene2353	2.67E-207	588	COG2723@1|root,COG2723@2|Bacteria,1TP19@1239|Firmicutes,2485V@186801|Clostridia,36DZU@31979|Clostridiaceae	186801|Clostridia	G	Belongs to the glycosyl hydrolase 1 family	-	-	3.2.1.86	ko:K01223	ko00010,ko00500,map00010,map00500	-	R00839,R05133,R05134	RC00049,RC00171,RC00714	ko00000,ko00001,ko01000	-	GT1	-	Glyco_hydro_1	AIM2.1, IRAK1.1, IRAK1.2, IRAK1.3, IRAK1.4, IRAK4.1, NAIP.1, NAIP.2, NFKB1.2, NLRC4.3, NLRC4.4, NLRP1.1, NLRP1.2, NLRP1.3, NLRP1.4, NLRP1.5, NLRP12.1, NLRP12.2, NLRP12.4, NLRP12.5, NLRP12.6, NLRP12.7, NLRP3.1, NLRP3.2, NLRP3.3, NLRP3.4, NLRP3.5, NLRP3.6, RELA.1, RELA.2, RELA.3, RELA.4, TAB2.1, TAB2.2, TLR4.3, TRAF6.1	36
PRODB_00434	N	N	Y	Ef_CQNBZ21-135_02390	Enterococcus faecalis	hypothetical protein	Y	1301100.HG529244_gene2351	3.12E-42	151	COG0789@1|root,COG0789@2|Bacteria,1V90G@1239|Firmicutes,24C35@186801|Clostridia,36NH2@31979|Clostridiaceae	186801|Clostridia	K	MerR family regulatory protein	-	-	-	-	-	-	-	-	-	-	-	-	MerR,MerR_1	AIM2.1, IKBKB.1, IKBKB.2, IKBKB.3, IKBKB.4, IRAK1.1, IRAK1.2, IRAK1.3, IRAK1.4, IRAK4.1, IRAK4.2, NAIP.1, NAIP.2, NFKB1.2, NFKBIA.1, NLRC4.1, NLRC4.2, NLRC4.3, NLRC4.4, NLRP1.1, NLRP1.2, NLRP1.3, NLRP1.4, NLRP1.5, NLRP12.1, NLRP12.2, NLRP12.3, NLRP12.4, NLRP12.5, NLRP12.6, NLRP12.7, NLRP3.1, NLRP3.2, NLRP3.3, NLRP3.4, NLRP3.5, NLRP3.6, NLRP6.1, NLRP6.2, RELA.1, RELA.2, RELA.3, RELA.4, TAB2.1, TAB2.2, TLR4.1, TLR4.2, TLR4.3, TRAF6.1	49
PRODB_00435	N	N	Y	La_BCRC_12255_00974	Lactobacillus acidophilus	30S ribosomal protein S7	Y	1423748.BALB01000002_gene332	1.14E-105	305	COG0049@1|root,COG0049@2|Bacteria,1V1GG@1239|Firmicutes,4H9PA@91061|Bacilli,3F3RX@33958|Lactobacillaceae	91061|Bacilli	J	One of the primary rRNA binding proteins, it binds directly to 16S rRNA where it nucleates assembly of the head domain of the 30S subunit. Is located at the subunit interface close to the decoding center, probably blocks exit of the E-site tRNA	rpsG	GO:0000028,GO:0003674,GO:0003676,GO:0003723,GO:0003729,GO:0003735,GO:0005198,GO:0005488,GO:0005575,GO:0005622,GO:0005623,GO:0005737,GO:0005829,GO:0005840,GO:0006412,GO:0006518,GO:0006807,GO:0006996,GO:0008150,GO:0008152,GO:0009058,GO:0009059,GO:0009987,GO:0010467,GO:0015935,GO:0016043,GO:0019538,GO:0019843,GO:0022607,GO:0022613,GO:0022618,GO:0022626,GO:0022627,GO:0032991,GO:0034622,GO:0034641,GO:0034645,GO:0042254,GO:0042255,GO:0042274,GO:0043043,GO:0043170,GO:0043226,GO:0043228,GO:0043229,GO:0043232,GO:0043603,GO:0043604,GO:0043933,GO:0044085,GO:0044237,GO:0044238,GO:0044249,GO:0044260,GO:0044267,GO:0044271,GO:0044391,GO:0044422,GO:0044424,GO:0044444,GO:0044445,GO:0044446,GO:0044464,GO:0065003,GO:0070925,GO:0071704,GO:0071826,GO:0071840,GO:0097159,GO:1901363,GO:1901564,GO:1901566,GO:1901576,GO:1990904	-	ko:K02992	ko03010,map03010	M00178,M00179	-	-	br01610,ko00000,ko00001,ko00002,ko03011	-	-	-	Ribosomal_S7	AIM2.1, IKBKB.1, IKBKB.2, IKBKB.3, IKBKB.4, IRAK1.1, IRAK1.2, IRAK1.3, IRAK1.4, IRAK4.1, IRAK4.2, NAIP.1, NAIP.2, NFKB1.2, NFKBIA.1, NLRC4.1, NLRC4.2, NLRC4.3, NLRC4.4, NLRP1.1, NLRP1.2, NLRP1.3, NLRP1.4, NLRP1.5, NLRP12.1, NLRP12.2, NLRP12.3, NLRP12.4, NLRP12.5, NLRP12.6, NLRP12.7, NLRP3.1, NLRP3.2, NLRP3.3, NLRP3.4, NLRP3.5, NLRP3.6, NLRP6.1, NLRP6.2, RELA.1, RELA.2, RELA.3, RELA.4, TAB2.1, TAB2.2, TLR4.1, TLR4.2, TLR4.3, TRAF6.1	49
PRODB_00436	N	N	Y	Ef_HRH55_00065	Enterococcus faecalis	hypothetical protein	Y	663241.C9E2N1_9CAUD	4.67E-162	453	4QFVV@10239|Viruses,4QYK6@35237|dsDNA viruses  no RNA stage,4QSUK@28883|Caudovirales,4QN2Q@10699|Siphoviridae	10699|Siphoviridae	S	Pfam:HNHc_6	-	-	-	-	-	-	-	-	-	-	-	-	-	NFKB1.2, TAB2.2	2
PRODB_00437	N	N	Y	Ef_VRE-WC031_02109	Enterococcus faecalis	hypothetical protein	N	-	-	-	-	-	-	-	-	-	-	-	-	-	-	-	-	-	-	-	-	AIM2.1, IKBKB.3, IRAK1.1, IRAK1.2, IRAK1.3, IRAK1.4, IRAK4.1, IRAK4.2, NAIP.1, NAIP.2, NFKB1.2, NFKBIA.1, NLRC4.1, NLRC4.2, NLRC4.3, NLRC4.4, NLRP1.1, NLRP1.2, NLRP1.3, NLRP1.4, NLRP1.5, NLRP12.1, NLRP12.2, NLRP12.3, NLRP12.4, NLRP12.5, NLRP12.6, NLRP12.7, NLRP3.1, NLRP3.2, NLRP3.3, NLRP3.4, NLRP3.5, NLRP3.6, NLRP6.1, NLRP6.2, RELA.1, RELA.2, RELA.3, RELA.4, TAB2.1, TAB2.2, TLR4.1, TLR4.2, TLR4.3, TRAF6.1	46
PRODB_00438	N	N	Y	Ec_1162invT2_03671	Escherichia coli	hypothetical protein	N	-	-	-	-	-	-	-	-	-	-	-	-	-	-	-	-	-	-	-	-	AIM2.1, IKBKB.1, IKBKB.2, IKBKB.3, IKBKB.4, IRAK1.1, IRAK1.2, IRAK1.3, IRAK1.4, IRAK4.1, IRAK4.2, NAIP.1, NAIP.2, NFKB1.2, NFKBIA.1, NLRC4.1, NLRC4.2, NLRC4.3, NLRC4.4, NLRP1.1, NLRP1.2, NLRP1.3, NLRP1.4, NLRP1.5, NLRP12.1, NLRP12.2, NLRP12.3, NLRP12.4, NLRP12.5, NLRP12.6, NLRP12.7, NLRP3.1, NLRP3.2, NLRP3.3, NLRP3.4, NLRP3.5, NLRP3.6, NLRP6.1, NLRP6.2, RELA.1, RELA.2, RELA.3, RELA.4, TAB2.1, TAB2.2, TLR4.1, TLR4.2, TLR4.3, TRAF6.1	49
PRODB_00439	N	N	Y	Kp_18_02892	Klebsiella pneumoniae	hypothetical protein	Y	573.JG24_08930	1.59E-49	157	2CCWH@1|root,32RKW@2|Bacteria,1MZFZ@1224|Proteobacteria,1S9BX@1236|Gammaproteobacteria	1236|Gammaproteobacteria	S	Virulence protein msgA	msgA	-	-	-	-	-	-	-	-	-	-	-	DinI	AIM2.1, IKBKB.1, IKBKB.2, IKBKB.3, IKBKB.4, IRAK1.1, IRAK1.2, IRAK1.3, IRAK1.4, IRAK4.1, IRAK4.2, NAIP.1, NAIP.2, NFKB1.2, NFKBIA.1, NLRC4.1, NLRC4.2, NLRC4.3, NLRC4.4, NLRP1.1, NLRP1.2, NLRP1.3, NLRP1.4, NLRP1.5, NLRP12.1, NLRP12.2, NLRP12.3, NLRP12.4, NLRP12.5, NLRP12.6, NLRP12.7, NLRP3.1, NLRP3.2, NLRP3.3, NLRP3.4, NLRP3.5, NLRP3.6, NLRP6.1, NLRP6.2, RELA.1, RELA.2, RELA.3, RELA.4, TAB2.1, TAB2.2, TLR4.1, TLR4.2, TLR4.3, TRAF6.1	49
PRODB_00440	N	N	Y	Ec_ECSC054_01372	Escherichia coli	Prophage tail fiber assembly protein TfaE	Y	155864.EDL933_0285	3.76E-138	390	COG2110@1|root,COG2110@2|Bacteria,1RDMN@1224|Proteobacteria,1S6U8@1236|Gammaproteobacteria	1236|Gammaproteobacteria	S	Tail fiber assembly protein	tfaE	-	-	-	-	-	-	-	-	-	-	-	Caudo_TAP	AIM2.1, IKBKB.1, IKBKB.2, IKBKB.3, IKBKB.4, IRAK1.1, IRAK1.2, IRAK1.3, IRAK1.4, IRAK4.1, IRAK4.2, NAIP.1, NAIP.2, NFKB1.2, NFKBIA.1, NLRC4.1, NLRC4.2, NLRC4.3, NLRC4.4, NLRP1.1, NLRP1.2, NLRP1.3, NLRP1.4, NLRP1.5, NLRP12.1, NLRP12.2, NLRP12.3, NLRP12.4, NLRP12.5, NLRP12.6, NLRP12.7, NLRP3.1, NLRP3.2, NLRP3.3, NLRP3.4, NLRP3.5, NLRP3.6, NLRP6.1, NLRP6.2, RELA.1, RELA.2, RELA.3, RELA.4, TAB2.1, TAB2.2, TLR4.1, TLR4.2, TLR4.3, TRAF6.1	49
PRODB_00441	N	N	Y	Ef_LD33_02710	Enterococcus faecalis	Aminodeoxyfutalosine nucleosidase	Y	226185.EF_1031	5.99E-156	437	COG0775@1|root,COG0775@2|Bacteria,1UV2U@1239|Firmicutes,4I8HJ@91061|Bacilli,4B2MK@81852|Enterococcaceae	91061|Bacilli	F	Phosphorylase superfamily	-	-	3.2.2.9	ko:K01243	ko00270,ko01100,ko01230,map00270,map01100,map01230	M00034,M00609	R00194,R01401	RC00063,RC00318	ko00000,ko00001,ko00002,ko01000	-	-	-	PNP_UDP_1	AIM2.1, IRAK1.1, IRAK1.2, IRAK1.3, IRAK1.4, NFKB1.2, NLRC4.4, NLRP1.4, NLRP3.1, NLRP3.3, NLRP3.5, RELA.1, RELA.2, RELA.4, TAB2.1, TAB2.2	16
PRODB_00442	N	N	Y	Ef_PartL-Efaecalis-RM8376_02680	Enterococcus faecalis	hypothetical protein	N	-	-	-	-	-	-	-	-	-	-	-	-	-	-	-	-	-	-	-	-	AIM2.1, IKBKB.1, IKBKB.2, IKBKB.3, IKBKB.4, IRAK1.1, IRAK1.2, IRAK1.3, IRAK1.4, IRAK4.1, IRAK4.2, NAIP.1, NAIP.2, NFKB1.2, NFKBIA.1, NLRC4.1, NLRC4.2, NLRC4.3, NLRC4.4, NLRP1.1, NLRP1.2, NLRP1.3, NLRP1.4, NLRP1.5, NLRP12.1, NLRP12.2, NLRP12.3, NLRP12.4, NLRP12.5, NLRP12.6, NLRP12.7, NLRP3.1, NLRP3.2, NLRP3.3, NLRP3.4, NLRP3.5, NLRP3.6, NLRP6.1, NLRP6.2, RELA.1, RELA.2, RELA.3, RELA.4, TAB2.1, TAB2.2, TLR4.1, TLR4.2, TLR4.3, TRAF6.1	49
PRODB_00443	N	N	Y	Ef_NY13410_01025	Enterococcus faecalis	hypothetical protein	Y	226185.EF_2347	0.00E+00	2058	COG4932@1|root,COG4932@2|Bacteria,1TRG6@1239|Firmicutes,4HTT8@91061|Bacilli,4B0A5@81852|Enterococcaceae	91061|Bacilli	M	Cna protein B-type domain	-	-	-	-	-	-	-	-	-	-	-	-	Gram_pos_anchor	NFKB1.2, NLRC4.4, NLRP3.1, TAB2.1, TAB2.2	5
PRODB_00444	N	N	Y	La_AM102-112_01794	Lactobacillus acidophilus	50S ribosomal protein L35	Y	272621.LBA1537	1.17E-38	129	COG0291@1|root,COG0291@2|Bacteria,1VF5W@1239|Firmicutes,4HNIQ@91061|Bacilli,3F7CQ@33958|Lactobacillaceae	91061|Bacilli	J	Belongs to the bacterial ribosomal protein bL35 family	rpmI	GO:0003674,GO:0003735,GO:0005198,GO:0005575,GO:0005622,GO:0005623,GO:0005737,GO:0005829,GO:0005840,GO:0015934,GO:0022625,GO:0022626,GO:0032991,GO:0043226,GO:0043228,GO:0043229,GO:0043232,GO:0044391,GO:0044422,GO:0044424,GO:0044444,GO:0044445,GO:0044446,GO:0044464,GO:1990904	-	ko:K02916	ko03010,map03010	M00178	-	-	br01610,ko00000,ko00001,ko00002,ko03011	-	-	-	Ribosomal_L35p	AIM2.1, IKBKB.1, IKBKB.2, IKBKB.3, IKBKB.4, IRAK1.1, IRAK1.2, IRAK1.3, IRAK1.4, IRAK4.1, IRAK4.2, NAIP.1, NAIP.2, NFKB1.2, NFKBIA.1, NLRC4.1, NLRC4.2, NLRC4.3, NLRC4.4, NLRP1.1, NLRP1.2, NLRP1.3, NLRP1.4, NLRP1.5, NLRP12.1, NLRP12.2, NLRP12.3, NLRP12.4, NLRP12.5, NLRP12.6, NLRP12.7, NLRP3.1, NLRP3.2, NLRP3.3, NLRP3.4, NLRP3.5, NLRP3.6, NLRP6.1, NLRP6.2, RELA.1, RELA.2, RELA.3, RELA.4, TAB2.1, TAB2.2, TLR4.1, TLR4.2, TLR4.3, TRAF6.1	49
PRODB_00445	N	N	Y	La_ATCC_4796_00564	Lactobacillus acidophilus	2,3-bisphosphoglycerate-dependent phosphoglycerate mutase	Y	272621.LBA0185	1.51E-169	473	COG0588@1|root,COG0588@2|Bacteria,1TQFP@1239|Firmicutes,4HAW7@91061|Bacilli,3F3SK@33958|Lactobacillaceae	91061|Bacilli	G	Catalyzes the interconversion of 2-phosphoglycerate and 3-phosphoglycerate	gpmA	GO:0001871,GO:0003674,GO:0003824,GO:0004619,GO:0005488,GO:0005575,GO:0005622,GO:0005623,GO:0005737,GO:0005829,GO:0005975,GO:0005996,GO:0006006,GO:0006082,GO:0006090,GO:0006091,GO:0006094,GO:0006096,GO:0006109,GO:0006139,GO:0006140,GO:0006163,GO:0006164,GO:0006165,GO:0006725,GO:0006732,GO:0006733,GO:0006753,GO:0006754,GO:0006757,GO:0006793,GO:0006796,GO:0006807,GO:0008150,GO:0008152,GO:0009056,GO:0009058,GO:0009108,GO:0009117,GO:0009123,GO:0009124,GO:0009126,GO:0009127,GO:0009132,GO:0009135,GO:0009141,GO:0009142,GO:0009144,GO:0009145,GO:0009150,GO:0009152,GO:0009156,GO:0009161,GO:0009165,GO:0009166,GO:0009167,GO:0009168,GO:0009179,GO:0009185,GO:0009199,GO:0009201,GO:0009205,GO:0009206,GO:0009259,GO:0009260,GO:0009894,GO:0009986,GO:0009987,GO:0010675,GO:0016051,GO:0016052,GO:0016053,GO:0016310,GO:0016853,GO:0016866,GO:0016868,GO:0017144,GO:0018130,GO:0019219,GO:0019220,GO:0019222,GO:0019318,GO:0019319,GO:0019359,GO:0019362,GO:0019363,GO:0019438,GO:0019439,GO:0019637,GO:0019693,GO:0019752,GO:0030246,GO:0030247,GO:0031323,GO:0031329,GO:0032787,GO:0034248,GO:0034404,GO:0034641,GO:0034654,GO:0034655,GO:0042866,GO:0043436,GO:0043455,GO:0043456,GO:0043470,GO:0043471,GO:0044237,GO:0044238,GO:0044248,GO:0044249,GO:0044270,GO:0044271,GO:0044281,GO:0044283,GO:0044424,GO:0044444,GO:0044464,GO:0046031,GO:0046034,GO:0046364,GO:0046390,GO:0046394,GO:0046434,GO:0046483,GO:0046496,GO:0046538,GO:0046700,GO:0046939,GO:0050789,GO:0050794,GO:0051171,GO:0051174,GO:0051186,GO:0051188,GO:0051193,GO:0051196,GO:0055086,GO:0060255,GO:0062012,GO:0065007,GO:0071704,GO:0072330,GO:0072521,GO:0072522,GO:0072524,GO:0072525,GO:0080090,GO:0090407,GO:1901135,GO:1901137,GO:1901292,GO:1901293,GO:1901360,GO:1901361,GO:1901362,GO:1901564,GO:1901566,GO:1901575,GO:1901576,GO:1902031,GO:2001065	5.4.2.11	ko:K01834	ko00010,ko00260,ko00680,ko01100,ko01110,ko01120,ko01130,ko01200,ko01230,ko04922,ko05230,map00010,map00260,map00680,map01100,map01110,map01120,map01130,map01200,map01230,map04922,map05230	M00001,M00002,M00003	R01518	RC00536	ko00000,ko00001,ko00002,ko01000,ko04131,ko04147	-	-	-	His_Phos_1	AIM2.1, IRAK1.1, IRAK1.2, IRAK1.3, IRAK1.4, IRAK4.1, NAIP.1, NAIP.2, NFKB1.2, NFKBIA.1, NLRC4.1, NLRC4.2, NLRC4.3, NLRC4.4, NLRP1.1, NLRP1.2, NLRP1.3, NLRP1.4, NLRP1.5, NLRP12.1, NLRP12.2, NLRP12.3, NLRP12.4, NLRP12.5, NLRP12.6, NLRP12.7, NLRP3.1, NLRP3.2, NLRP3.3, NLRP3.4, NLRP3.5, NLRP3.6, RELA.1, RELA.2, RELA.3, RELA.4, TAB2.1, TAB2.2, TLR4.3, TRAF6.1	40
PRODB_00446	N	N	Y	Lp_1001216st1_H7_1001713B170131_170501_02666	Lacticaseibacillus paracasei	Cell shape-determining protein MreB	Y	543734.LCABL_14850	2.05E-230	635	COG1077@1|root,COG1077@2|Bacteria,1TP51@1239|Firmicutes,4HA4S@91061|Bacilli,3F3ZV@33958|Lactobacillaceae	91061|Bacilli	D	cell shape determining protein MreB	mreB	-	-	ko:K03569	-	-	-	-	ko00000,ko02048,ko03036,ko04812	1.A.33.1,9.B.157.1	-	-	MreB_Mbl	NFKB1.2, NLRC4.4, TAB2.1, TAB2.2	4
PRODB_00447	N	N	Y	La_ATA-LTC-La010201_01677	Lactobacillus acidophilus	60 kDa chaperonin	Y	272621.LBA0406	0.00E+00	1003	COG0459@1|root,COG0459@2|Bacteria,1TP1T@1239|Firmicutes,4HA38@91061|Bacilli,3F3MM@33958|Lactobacillaceae	91061|Bacilli	O	Prevents misfolding and promotes the refolding and proper assembly of unfolded polypeptides generated under stress conditions	groL	GO:0001817,GO:0001819,GO:0001871,GO:0002791,GO:0002793,GO:0003674,GO:0005488,GO:0005515,GO:0005575,GO:0005622,GO:0005623,GO:0005737,GO:0005829,GO:0006457,GO:0006458,GO:0008150,GO:0009986,GO:0009987,GO:0016465,GO:0030246,GO:0030247,GO:0032677,GO:0032757,GO:0032879,GO:0032880,GO:0032991,GO:0044183,GO:0044424,GO:0044444,GO:0044445,GO:0044464,GO:0044764,GO:0046812,GO:0048518,GO:0048522,GO:0050707,GO:0050708,GO:0050714,GO:0050715,GO:0050789,GO:0050794,GO:0051046,GO:0051047,GO:0051049,GO:0051050,GO:0051082,GO:0051222,GO:0051223,GO:0051239,GO:0051240,GO:0051704,GO:0061077,GO:0065007,GO:0070201,GO:0090087,GO:0098630,GO:0098743,GO:0101031,GO:1903530,GO:1903532,GO:1904951,GO:1990220,GO:2000482,GO:2000484,GO:2001065	-	ko:K04077	ko03018,ko04212,ko04940,ko05134,ko05152,map03018,map04212,map04940,map05134,map05152	-	-	-	ko00000,ko00001,ko03019,ko03029,ko03110,ko04147	-	-	-	Cpn60_TCP1	IRAK1.1, IRAK1.2, IRAK1.4, IRAK4.1, NAIP.1, NAIP.2, NFKB1.2, NLRC4.2, NLRC4.3, NLRC4.4, NLRP12.2, NLRP12.5, NLRP3.1, NLRP3.2, NLRP3.3, NLRP3.4, NLRP3.5, NLRP3.6, RELA.1, RELA.2, RELA.4, TAB2.1, TAB2.2, TRAF6.1	24
PRODB_00448	N	N	Y	Lc_PB2021-BA03_01813	Lactobacillus crispatus	50S ribosomal protein L20	Y	1423732.BALS01000034_gene266	1.44E-74	223	COG0292@1|root,COG0292@2|Bacteria,1V6DB@1239|Firmicutes,4HH2W@91061|Bacilli,3F6HZ@33958|Lactobacillaceae	91061|Bacilli	J	Binds directly to 23S ribosomal RNA and is necessary for the in vitro assembly process of the 50S ribosomal subunit. It is not involved in the protein synthesizing functions of that subunit	rplT	GO:0000027,GO:0003674,GO:0003735,GO:0005198,GO:0005575,GO:0005622,GO:0005623,GO:0005737,GO:0005829,GO:0005840,GO:0006996,GO:0008150,GO:0009987,GO:0015934,GO:0016043,GO:0022607,GO:0022613,GO:0022618,GO:0022625,GO:0022626,GO:0032991,GO:0034622,GO:0042254,GO:0042255,GO:0042273,GO:0043226,GO:0043228,GO:0043229,GO:0043232,GO:0043933,GO:0044085,GO:0044391,GO:0044422,GO:0044424,GO:0044444,GO:0044445,GO:0044446,GO:0044464,GO:0065003,GO:0070925,GO:0071826,GO:0071840,GO:1990904	-	ko:K02887	ko03010,map03010	M00178	-	-	br01610,ko00000,ko00001,ko00002,ko03011	-	-	-	Ribosomal_L20	AIM2.1, IKBKB.1, IKBKB.2, IKBKB.3, IKBKB.4, IRAK1.1, IRAK1.2, IRAK1.3, IRAK1.4, IRAK4.1, IRAK4.2, NAIP.1, NAIP.2, NFKB1.2, NFKBIA.1, NLRC4.1, NLRC4.2, NLRC4.3, NLRC4.4, NLRP1.1, NLRP1.2, NLRP1.3, NLRP1.4, NLRP1.5, NLRP12.1, NLRP12.2, NLRP12.3, NLRP12.4, NLRP12.5, NLRP12.6, NLRP12.7, NLRP3.1, NLRP3.2, NLRP3.3, NLRP3.4, NLRP3.5, NLRP3.6, NLRP6.1, NLRP6.2, RELA.1, RELA.2, RELA.3, RELA.4, TAB2.1, TAB2.2, TLR4.1, TLR4.2, TLR4.3, TRAF6.1	49
PRODB_00449	N	N	Y	La_AF05-37B_00145	Lactobacillus acidophilus	Uracil phosphoribosyltransferase	Y	272621.LBA0770	1.06E-145	410	COG0035@1|root,COG0035@2|Bacteria,1TPMT@1239|Firmicutes,4H9Y0@91061|Bacilli,3F4M0@33958|Lactobacillaceae	91061|Bacilli	F	Catalyzes the conversion of uracil and 5-phospho-alpha- D-ribose 1-diphosphate (PRPP) to UMP and diphosphate	upp	GO:0003674,GO:0003824,GO:0004849,GO:0005575,GO:0005622,GO:0005623,GO:0005737,GO:0005829,GO:0006139,GO:0006206,GO:0006213,GO:0006220,GO:0006221,GO:0006222,GO:0006725,GO:0006753,GO:0006793,GO:0006796,GO:0006807,GO:0008150,GO:0008152,GO:0008655,GO:0009058,GO:0009112,GO:0009116,GO:0009117,GO:0009119,GO:0009123,GO:0009124,GO:0009129,GO:0009130,GO:0009156,GO:0009161,GO:0009163,GO:0009165,GO:0009173,GO:0009174,GO:0009218,GO:0009220,GO:0009259,GO:0009260,GO:0009987,GO:0016301,GO:0016310,GO:0016740,GO:0016772,GO:0018130,GO:0019205,GO:0019206,GO:0019438,GO:0019637,GO:0019693,GO:0034404,GO:0034641,GO:0034654,GO:0042455,GO:0043094,GO:0043097,GO:0043174,GO:0044237,GO:0044238,GO:0044249,GO:0044271,GO:0044281,GO:0044283,GO:0044424,GO:0044444,GO:0044464,GO:0046049,GO:0046131,GO:0046132,GO:0046134,GO:0046390,GO:0046483,GO:0055086,GO:0071704,GO:0072527,GO:0072528,GO:0090407,GO:1901135,GO:1901137,GO:1901293,GO:1901360,GO:1901362,GO:1901564,GO:1901566,GO:1901576,GO:1901657,GO:1901659	2.4.2.9	ko:K00761	ko00240,ko01100,map00240,map01100	-	R00966	RC00063	ko00000,ko00001,ko01000	-	-	iSB619.SA_RS11010	UPRTase	AIM2.1, IRAK1.1, IRAK1.2, IRAK1.3, IRAK1.4, IRAK4.1, NFKB1.2, NLRC4.4, NLRP12.5, NLRP3.1, NLRP3.2, NLRP3.3, NLRP3.4, NLRP3.5, NLRP3.6, RELA.1, RELA.2, RELA.3, RELA.4, TAB2.1, TAB2.2, TRAF6.1	22
PRODB_00450	N	N	Y	Lp_1001216st1_H7_1001713B170131_170501_00661	Lacticaseibacillus paracasei	Chaperone protein DnaK	Y	543734.LCABL_17780	0.00E+00	1173	COG0443@1|root,COG0443@2|Bacteria,1TP1J@1239|Firmicutes,4HA9S@91061|Bacilli,3F48C@33958|Lactobacillaceae	91061|Bacilli	O	Heat shock 70 kDa protein	dnaK	GO:0001871,GO:0003674,GO:0005488,GO:0005575,GO:0005623,GO:0008150,GO:0009986,GO:0030246,GO:0030247,GO:0044464,GO:0051704,GO:0098630,GO:0098743,GO:2001065	-	ko:K04043	ko03018,ko04212,ko05152,map03018,map04212,map05152	-	-	-	ko00000,ko00001,ko03019,ko03029,ko03110,ko04147	1.A.33.1	-	-	HSP70	AIM2.1, IKBKB.3, IRAK1.1, IRAK1.2, IRAK1.3, IRAK1.4, IRAK4.1, NAIP.1, NAIP.2, NFKB1.2, NFKBIA.1, NLRC4.2, NLRC4.3, NLRC4.4, NLRP12.1, NLRP12.5, NLRP12.6, NLRP12.7, NLRP3.1, NLRP3.2, NLRP3.3, NLRP3.4, NLRP3.5, NLRP3.6, RELA.1, RELA.2, RELA.4, TAB2.1, TAB2.2, TLR4.3, TRAF6.1	31
PRODB_00451	N	N	Y	Lc_YNF-5_dup_UZXXT_01551	Lactobacillus crispatus	ATP-dependent Clp protease proteolytic subunit	Y	1423732.BALS01000004_gene1260	4.03E-130	370	COG0740@1|root,COG0740@2|Bacteria,1TQ91@1239|Firmicutes,4HA8J@91061|Bacilli,3F3M0@33958|Lactobacillaceae	91061|Bacilli	O	Cleaves peptides in various proteins in a process that requires ATP hydrolysis. Has a chymotrypsin-like activity. Plays a major role in the degradation of misfolded proteins	clpP	GO:0003674,GO:0003824,GO:0004176,GO:0005488,GO:0005515,GO:0006355,GO:0006508,GO:0006515,GO:0006807,GO:0008150,GO:0008152,GO:0008233,GO:0009056,GO:0009057,GO:0009889,GO:0009890,GO:0009892,GO:0009987,GO:0010468,GO:0010556,GO:0010558,GO:0010605,GO:0010629,GO:0016462,GO:0016787,GO:0016817,GO:0016818,GO:0016887,GO:0017111,GO:0019219,GO:0019222,GO:0019538,GO:0030163,GO:0031323,GO:0031324,GO:0031326,GO:0031327,GO:0042623,GO:0042802,GO:0043170,GO:0044237,GO:0044238,GO:0044248,GO:0044257,GO:0044260,GO:0044265,GO:0044267,GO:0045892,GO:0045934,GO:0048519,GO:0048523,GO:0050789,GO:0050794,GO:0051171,GO:0051172,GO:0051252,GO:0051253,GO:0051603,GO:0060255,GO:0065007,GO:0070011,GO:0071704,GO:0080090,GO:0140096,GO:1901564,GO:1901565,GO:1901575,GO:1902679,GO:1903506,GO:1903507,GO:2000112,GO:2000113,GO:2001141	3.4.21.92	ko:K01358	ko04112,ko04212,map04112,map04212	-	-	-	ko00000,ko00001,ko01000,ko01002	-	-	-	CLP_protease	AIM2.1, IRAK1.1, IRAK1.2, IRAK1.3, IRAK1.4, IRAK4.1, NFKB1.2, NLRC4.3, NLRC4.4, NLRP1.1, NLRP1.2, NLRP1.3, NLRP1.4, NLRP12.5, NLRP3.1, NLRP3.2, NLRP3.3, NLRP3.4, NLRP3.5, NLRP3.6, RELA.1, RELA.2, RELA.3, RELA.4, TAB2.1, TAB2.2, TLR4.3, TRAF6.1	28
PRODB_00452	N	N	Y	Ec_T309.Ta3_03863	Escherichia coli	hypothetical protein	Y	199310.c0363	0.00E+00	2465	COG2911@1|root,COG2911@2|Bacteria,1P8N9@1224|Proteobacteria,1S7XA@1236|Gammaproteobacteria	1236|Gammaproteobacteria	U	Protein conserved in bacteria	-	-	-	-	-	-	-	-	-	-	-	-	-	AIM2.1, IKBKB.2, IKBKB.3, IKBKB.4, IRAK1.1, IRAK1.2, IRAK1.3, IRAK1.4, IRAK4.1, IRAK4.2, NAIP.1, NAIP.2, NFKB1.2, NFKBIA.1, NLRC4.1, NLRC4.2, NLRC4.3, NLRC4.4, NLRP1.1, NLRP1.2, NLRP1.3, NLRP1.4, NLRP1.5, NLRP12.1, NLRP12.2, NLRP12.3, NLRP12.4, NLRP12.5, NLRP12.6, NLRP12.7, NLRP3.1, NLRP3.2, NLRP3.3, NLRP3.4, NLRP3.5, NLRP3.6, NLRP6.1, NLRP6.2, RELA.1, RELA.2, RELA.3, RELA.4, TAB2.1, TAB2.2, TLR4.1, TLR4.2, TLR4.3, TRAF6.1	48
PRODB_00453	N	N	Y	La_CIRM-BIA_441_01082	Lactobacillus acidophilus	30S ribosomal protein S9	Y	272621.LBA0324	4.10E-87	256	COG0103@1|root,COG0103@2|Bacteria,1V3MQ@1239|Firmicutes,4HH3B@91061|Bacilli,3F656@33958|Lactobacillaceae	91061|Bacilli	J	Belongs to the universal ribosomal protein uS9 family	rpsI	GO:0000462,GO:0003674,GO:0003676,GO:0003723,GO:0003735,GO:0005198,GO:0005488,GO:0005575,GO:0005622,GO:0005623,GO:0005737,GO:0005829,GO:0005840,GO:0006139,GO:0006364,GO:0006396,GO:0006412,GO:0006518,GO:0006725,GO:0006807,GO:0008150,GO:0008152,GO:0009058,GO:0009059,GO:0009987,GO:0010467,GO:0015935,GO:0016070,GO:0016072,GO:0019538,GO:0022613,GO:0022626,GO:0022627,GO:0030490,GO:0032991,GO:0034470,GO:0034641,GO:0034645,GO:0034660,GO:0042254,GO:0042274,GO:0043043,GO:0043170,GO:0043226,GO:0043228,GO:0043229,GO:0043232,GO:0043603,GO:0043604,GO:0044085,GO:0044237,GO:0044238,GO:0044249,GO:0044260,GO:0044267,GO:0044271,GO:0044391,GO:0044422,GO:0044424,GO:0044444,GO:0044445,GO:0044446,GO:0044464,GO:0046483,GO:0071704,GO:0071840,GO:0090304,GO:0097159,GO:1901360,GO:1901363,GO:1901564,GO:1901566,GO:1901576,GO:1990904	-	ko:K02996	ko03010,map03010	M00178,M00179	-	-	br01610,ko00000,ko00001,ko00002,ko03011	-	-	-	Ribosomal_S9	AIM2.1, IKBKB.1, IKBKB.2, IKBKB.3, IKBKB.4, IRAK1.1, IRAK1.2, IRAK1.3, IRAK1.4, IRAK4.1, IRAK4.2, NAIP.1, NAIP.2, NFKB1.2, NFKBIA.1, NLRC4.1, NLRC4.2, NLRC4.3, NLRC4.4, NLRP1.1, NLRP1.2, NLRP1.3, NLRP1.4, NLRP1.5, NLRP12.1, NLRP12.2, NLRP12.3, NLRP12.4, NLRP12.5, NLRP12.6, NLRP12.7, NLRP3.1, NLRP3.2, NLRP3.3, NLRP3.4, NLRP3.5, NLRP3.6, NLRP6.1, NLRP6.2, RELA.1, RELA.2, RELA.3, RELA.4, TAB2.1, TAB2.2, TLR4.1, TLR4.2, TLR4.3, TRAF6.1	49
PRODB_00454	N	N	Y	Ll_KF24_02039	Leuconostoc lactis	IS6 family transposase IS946V	Y	28115.HR11_10180	7.44E-134	381	COG3316@1|root,COG3316@2|Bacteria,4NKNK@976|Bacteroidetes	976|Bacteroidetes	L	DDE domain	-	-	-	ko:K07498	-	-	-	-	ko00000	-	-	-	DDE_Tnp_IS240	AIM2.1, IKBKB.3, IRAK1.1, IRAK1.2, IRAK1.3, IRAK1.4, IRAK4.1, IRAK4.2, NAIP.1, NAIP.2, NFKB1.2, NFKBIA.1, NLRC4.1, NLRC4.2, NLRC4.3, NLRC4.4, NLRP1.1, NLRP1.2, NLRP1.3, NLRP1.4, NLRP1.5, NLRP12.1, NLRP12.2, NLRP12.3, NLRP12.4, NLRP12.5, NLRP12.6, NLRP12.7, NLRP3.1, NLRP3.2, NLRP3.3, NLRP3.4, NLRP3.5, NLRP3.6, NLRP6.1, NLRP6.2, RELA.1, RELA.2, RELA.3, RELA.4, TAB2.1, TAB2.2, TLR4.1, TLR4.2, TLR4.3, TRAF6.1	46
PRODB_00455	N	N	Y	La_LA-5_00292	Lactobacillus acidophilus	50S ribosomal protein L29	Y	1033837.WANG_0004	4.15E-34	117	COG0255@1|root,COG0255@2|Bacteria,1VEME@1239|Firmicutes,4HNUP@91061|Bacilli,3F82Z@33958|Lactobacillaceae	91061|Bacilli	J	Belongs to the universal ribosomal protein uL29 family	rpmC	GO:0005575,GO:0005622,GO:0005623,GO:0005737,GO:0005829,GO:0005840,GO:0015934,GO:0022625,GO:0022626,GO:0032991,GO:0043226,GO:0043228,GO:0043229,GO:0043232,GO:0044391,GO:0044422,GO:0044424,GO:0044444,GO:0044445,GO:0044446,GO:0044464,GO:1990904	-	ko:K02904	ko03010,map03010	M00178,M00179	-	-	br01610,ko00000,ko00001,ko00002,ko03011	-	-	-	Ribosomal_L29	AIM2.1, IKBKB.1, IKBKB.2, IKBKB.3, IKBKB.4, IRAK1.1, IRAK1.2, IRAK1.3, IRAK1.4, IRAK4.1, IRAK4.2, NAIP.1, NAIP.2, NFKB1.2, NFKBIA.1, NLRC4.1, NLRC4.2, NLRC4.3, NLRC4.4, NLRP1.1, NLRP1.2, NLRP1.3, NLRP1.4, NLRP1.5, NLRP12.1, NLRP12.2, NLRP12.3, NLRP12.4, NLRP12.5, NLRP12.6, NLRP12.7, NLRP3.1, NLRP3.2, NLRP3.3, NLRP3.4, NLRP3.5, NLRP3.6, NLRP6.1, NLRP6.2, RELA.1, RELA.2, RELA.3, RELA.4, TAB2.1, TAB2.2, TLR4.1, TLR4.2, TLR4.3, TRAF6.1	49
PRODB_00456	N	N	Y	La_AM102-112_01090	Lactobacillus acidophilus	50S ribosomal protein L22	Y	272621.LBA0296	5.25E-72	217	COG0091@1|root,COG0091@2|Bacteria,1V6PU@1239|Firmicutes,4HIK2@91061|Bacilli,3F6K6@33958|Lactobacillaceae	91061|Bacilli	J	The globular domain of the protein is located near the polypeptide exit tunnel on the outside of the subunit, while an extended beta-hairpin is found that lines the wall of the exit tunnel in the center of the 70S ribosome	rplV	GO:0003674,GO:0003735,GO:0005198,GO:0005575,GO:0005622,GO:0005623,GO:0005737,GO:0005829,GO:0005840,GO:0015934,GO:0022625,GO:0022626,GO:0032991,GO:0043226,GO:0043228,GO:0043229,GO:0043232,GO:0044391,GO:0044422,GO:0044424,GO:0044444,GO:0044445,GO:0044446,GO:0044464,GO:1990904	-	ko:K02890	ko03010,map03010	M00178,M00179	-	-	br01610,ko00000,ko00001,ko00002,ko03011	-	-	-	Ribosomal_L22	AIM2.1, IKBKB.1, IKBKB.2, IKBKB.3, IKBKB.4, IRAK1.1, IRAK1.2, IRAK1.3, IRAK1.4, IRAK4.1, IRAK4.2, NAIP.1, NAIP.2, NFKB1.2, NFKBIA.1, NLRC4.1, NLRC4.2, NLRC4.3, NLRC4.4, NLRP1.1, NLRP1.2, NLRP1.3, NLRP1.4, NLRP1.5, NLRP12.1, NLRP12.2, NLRP12.3, NLRP12.4, NLRP12.5, NLRP12.6, NLRP12.7, NLRP3.1, NLRP3.2, NLRP3.3, NLRP3.4, NLRP3.5, NLRP3.6, NLRP6.1, NLRP6.2, RELA.1, RELA.2, RELA.3, RELA.4, TAB2.1, TAB2.2, TLR4.1, TLR4.2, TLR4.3, TRAF6.1	49
PRODB_00457	N	N	Y	Ec_91H1_03782	Escherichia coli	hypothetical protein	N	-	-	-	-	-	-	-	-	-	-	-	-	-	-	-	-	-	-	-	-	AIM2.1, IKBKB.2, IKBKB.3, IKBKB.4, IRAK1.1, IRAK1.2, IRAK1.3, IRAK1.4, IRAK4.1, IRAK4.2, NAIP.1, NAIP.2, NFKB1.2, NFKBIA.1, NLRC4.1, NLRC4.2, NLRC4.3, NLRC4.4, NLRP1.1, NLRP1.2, NLRP1.3, NLRP1.4, NLRP1.5, NLRP12.1, NLRP12.2, NLRP12.3, NLRP12.4, NLRP12.5, NLRP12.6, NLRP12.7, NLRP3.1, NLRP3.2, NLRP3.3, NLRP3.4, NLRP3.5, NLRP3.6, RELA.1, RELA.2, RELA.3, RELA.4, TAB2.1, TAB2.2, TLR4.1, TLR4.2, TLR4.3, TRAF6.1	46
PRODB_00458	N	N	Y	Ec_A24_03657	Escherichia coli	hypothetical protein	N	-	-	-	-	-	-	-	-	-	-	-	-	-	-	-	-	-	-	-	-	AIM2.1, IKBKB.1, IKBKB.2, IKBKB.3, IKBKB.4, IRAK1.1, IRAK1.2, IRAK1.3, IRAK1.4, IRAK4.1, IRAK4.2, NAIP.1, NAIP.2, NFKB1.2, NFKBIA.1, NLRC4.1, NLRC4.2, NLRC4.3, NLRC4.4, NLRP1.1, NLRP1.2, NLRP1.3, NLRP1.4, NLRP1.5, NLRP12.1, NLRP12.2, NLRP12.3, NLRP12.4, NLRP12.5, NLRP12.6, NLRP12.7, NLRP3.1, NLRP3.2, NLRP3.3, NLRP3.4, NLRP3.5, NLRP3.6, NLRP6.1, NLRP6.2, RELA.1, RELA.2, RELA.3, RELA.4, TAB2.1, TAB2.2, TLR4.1, TLR4.2, TLR4.3, TRAF6.1	49
PRODB_00459	N	N	Y	Lh_CIRM-BIA_106_00179	Lactobacillus helveticus	S-ribosylhomocysteine lyase	Y	326425.lhe_0300	1.76E-114	327	COG1854@1|root,COG1854@2|Bacteria,1V1CH@1239|Firmicutes,4HFPR@91061|Bacilli,3F4W2@33958|Lactobacillaceae	91061|Bacilli	H	Involved in the synthesis of autoinducer 2 (AI-2) which is secreted by bacteria and is used to communicate both the cell density and the metabolic potential of the environment. The regulation of gene expression in response to changes in cell density is called quorum sensing. Catalyzes the transformation of S-ribosylhomocysteine (RHC) to homocysteine (HC) and 4,5- dihydroxy-2,3-pentadione (DPD)	luxS	-	4.4.1.21	ko:K07173	ko00270,ko01100,ko01230,ko02024,ko02026,ko05111,map00270,map01100,map01230,map02024,map02026,map05111	M00609	R01291	RC00069,RC01929	ko00000,ko00001,ko00002,ko01000	-	-	-	LuxS	AIM2.1, IKBKB.1, IKBKB.2, IKBKB.3, IKBKB.4, IRAK1.1, IRAK1.2, IRAK1.3, IRAK1.4, IRAK4.1, IRAK4.2, NAIP.1, NAIP.2, NFKB1.2, NFKBIA.1, NLRC4.1, NLRC4.2, NLRC4.3, NLRC4.4, NLRP1.1, NLRP1.2, NLRP1.3, NLRP1.4, NLRP1.5, NLRP12.1, NLRP12.2, NLRP12.3, NLRP12.4, NLRP12.5, NLRP12.6, NLRP12.7, NLRP3.1, NLRP3.2, NLRP3.3, NLRP3.4, NLRP3.5, NLRP3.6, NLRP6.1, NLRP6.2, RELA.1, RELA.2, RELA.3, RELA.4, TAB2.1, TAB2.2, TLR4.1, TLR4.2, TLR4.3, TRAF6.1	49
PRODB_00460	N	N	Y	Ef_K205-3_00503	Enterococcus faecalis	Ascorbate-specific PTS system EIIA component	Y	1201292.DR75_2534	1.29E-101	295	COG1762@1|root,COG1762@2|Bacteria,1V8PU@1239|Firmicutes,4IQ78@91061|Bacilli,4B35C@81852|Enterococcaceae	91061|Bacilli	G	Phosphoenolpyruvate-dependent sugar phosphotransferase system, EIIA 2	-	-	2.7.1.194	ko:K02821	ko00053,ko01100,ko01120,ko02060,map00053,map01100,map01120,map02060	M00283,M00550	R07671	RC00017,RC03206	ko00000,ko00001,ko00002,ko01000,ko02000	4.A.7.1	-	-	PTS_EIIA_2	AIM2.1, IKBKB.2, IKBKB.3, IKBKB.4, IRAK1.1, IRAK1.2, IRAK1.3, IRAK1.4, IRAK4.1, IRAK4.2, NAIP.1, NAIP.2, NFKB1.2, NFKBIA.1, NLRC4.1, NLRC4.2, NLRC4.3, NLRC4.4, NLRP1.1, NLRP1.2, NLRP1.3, NLRP1.4, NLRP1.5, NLRP12.1, NLRP12.2, NLRP12.3, NLRP12.4, NLRP12.5, NLRP12.6, NLRP12.7, NLRP3.1, NLRP3.2, NLRP3.3, NLRP3.4, NLRP3.5, NLRP3.6, NLRP6.1, NLRP6.2, RELA.1, RELA.2, RELA.3, RELA.4, TAB2.1, TAB2.2, TLR4.1, TLR4.2, TLR4.3, TRAF6.1	48
PRODB_00461	N	N	Y	Lh_KF4_01120	Lactobacillus helveticus	putative glucose uptake protein GlcU	Y	405566.lhv_1940	5.48E-201	558	COG4975@1|root,COG4975@2|Bacteria,1TQBN@1239|Firmicutes,4HAVH@91061|Bacilli,3F4K2@33958|Lactobacillaceae	91061|Bacilli	U	sugar transport	glcU	GO:0003674,GO:0005215,GO:0005355,GO:0006810,GO:0008150,GO:0008643,GO:0008645,GO:0015144,GO:0015145,GO:0015149,GO:0015749,GO:0022857,GO:0034219,GO:0051119,GO:0051179,GO:0051234,GO:0055085,GO:0071702,GO:1904659	-	ko:K05340	-	-	-	-	ko00000,ko02000	2.A.7.5	-	-	Sugar_transport	AIM2.1, IKBKB.3, IRAK1.1, IRAK1.2, IRAK1.3, IRAK1.4, IRAK4.1, IRAK4.2, NAIP.1, NAIP.2, NFKB1.2, NFKBIA.1, NLRC4.1, NLRC4.2, NLRC4.3, NLRC4.4, NLRP1.1, NLRP1.2, NLRP1.3, NLRP1.4, NLRP1.5, NLRP12.1, NLRP12.2, NLRP12.4, NLRP12.5, NLRP12.6, NLRP12.7, NLRP3.1, NLRP3.2, NLRP3.3, NLRP3.4, NLRP3.5, NLRP3.6, NLRP6.1, NLRP6.2, RELA.1, RELA.2, RELA.3, RELA.4, TAB2.1, TAB2.2, TLR4.1, TLR4.2, TLR4.3, TRAF6.1	45
PRODB_00462	N	N	Y	Ld_328M_01644	Lactobacillus delbrueckii	Elongation factor G	Y	353496.LBU_0318	0.00E+00	1352	COG0480@1|root,COG0480@2|Bacteria,1TPF9@1239|Firmicutes,4HAB8@91061|Bacilli,3F3JR@33958|Lactobacillaceae	91061|Bacilli	J	Catalyzes the GTP-dependent ribosomal translocation step during translation elongation. During this step, the ribosome changes from the pre-translocational (PRE) to the post- translocational (POST) state as the newly formed A-site-bound peptidyl-tRNA and P-site-bound deacylated tRNA move to the P and E sites, respectively. Catalyzes the coordinated movement of the two tRNA molecules, the mRNA and conformational changes in the ribosome	fusA	-	-	ko:K02355	-	-	-	-	ko00000,ko03012,ko03029	-	-	-	EFG_C,EFG_II,EFG_IV,GTP_EFTU,GTP_EFTU_D2	IRAK1.1, IRAK1.2, NFKB1.2, NLRP3.1	4
PRODB_00463	N	N	Y	Ec_PD7_04138	Escherichia coli	hypothetical protein	Y	1440052.EAKF1_ch1787	2.03E-136	385	COG0847@1|root,COG0847@2|Bacteria,1R9YS@1224|Proteobacteria,1S23K@1236|Gammaproteobacteria	1236|Gammaproteobacteria	L	3' exoribonuclease, RNase T-like	-	-	-	-	-	-	-	-	-	-	-	-	DUF5051	AIM2.1, IRAK1.1, IRAK1.2, IRAK1.3, IRAK1.4, IRAK4.1, NFKB1.2, NFKBIA.1, NLRC4.3, NLRC4.4, NLRP3.1, NLRP3.2, NLRP3.3, NLRP3.4, NLRP3.5, NLRP3.6, TAB2.1, TAB2.2	18
PRODB_00464	N	N	Y	Ef_18-243_02055	Enterococcus faecalis	hypothetical protein	Y	1201292.DR75_25	1.96E-18	80.9	28Z2S@1|root,2ZKV9@2|Bacteria,1W3D0@1239|Firmicutes,4I0NB@91061|Bacilli,4B5HC@81852|Enterococcaceae	91061|Bacilli	-	-	-	-	-	-	-	-	-	-	-	-	-	-	-	AIM2.1, IKBKB.1, IKBKB.2, IKBKB.3, IKBKB.4, IRAK1.1, IRAK1.2, IRAK1.3, IRAK1.4, IRAK4.1, IRAK4.2, NAIP.1, NAIP.2, NFKB1.2, NFKBIA.1, NLRC4.1, NLRC4.2, NLRC4.3, NLRC4.4, NLRP1.1, NLRP1.2, NLRP1.3, NLRP1.4, NLRP1.5, NLRP12.1, NLRP12.2, NLRP12.3, NLRP12.4, NLRP12.5, NLRP12.6, NLRP12.7, NLRP3.1, NLRP3.2, NLRP3.3, NLRP3.4, NLRP3.5, NLRP3.6, NLRP6.1, NLRP6.2, RELA.1, RELA.2, RELA.3, RELA.4, TAB2.1, TAB2.2, TLR4.1, TLR4.2, TLR4.3, TRAF6.1	49
PRODB_00465	N	N	Y	Ef_N775_PC7_01982	Enterococcus faecalis	hypothetical protein	Y	1300150.EMQU_2004	4.29E-10	58.9	292WD@1|root,2ZQDW@2|Bacteria,1W1YN@1239|Firmicutes,4I0BC@91061|Bacilli,4B5KJ@81852|Enterococcaceae	91061|Bacilli	-	-	-	-	-	-	-	-	-	-	-	-	-	-	-	AIM2.1, IKBKB.1, IKBKB.2, IKBKB.3, IKBKB.4, IRAK1.1, IRAK1.2, IRAK1.3, IRAK1.4, IRAK4.1, IRAK4.2, NAIP.1, NAIP.2, NFKB1.2, NFKBIA.1, NLRC4.1, NLRC4.2, NLRC4.3, NLRC4.4, NLRP1.1, NLRP1.2, NLRP1.3, NLRP1.4, NLRP1.5, NLRP12.1, NLRP12.2, NLRP12.3, NLRP12.4, NLRP12.5, NLRP12.6, NLRP12.7, NLRP3.1, NLRP3.2, NLRP3.3, NLRP3.4, NLRP3.5, NLRP3.6, NLRP6.1, NLRP6.2, RELA.1, RELA.2, RELA.3, RELA.4, TAB2.1, TAB2.2, TLR4.1, TLR4.2, TLR4.3, TRAF6.1	49
PRODB_00466	N	N	Y	Ef_N775_PC7_01983	Enterococcus faecalis	hypothetical protein	Y	1158609.I586_02577	1.58E-95	299	2CJHH@1|root,32SA1@2|Bacteria,1V6G9@1239|Firmicutes,4HIZ6@91061|Bacilli,4B1K3@81852|Enterococcaceae	91061|Bacilli	-	-	-	-	-	-	-	-	-	-	-	-	-	-	DUF2974	AIM2.1, IKBKB.1, IKBKB.2, IKBKB.3, IKBKB.4, IRAK1.1, IRAK1.2, IRAK1.3, IRAK1.4, IRAK4.1, IRAK4.2, NAIP.1, NAIP.2, NFKB1.2, NFKBIA.1, NLRC4.1, NLRC4.2, NLRC4.3, NLRC4.4, NLRP1.1, NLRP1.2, NLRP1.3, NLRP1.4, NLRP1.5, NLRP12.1, NLRP12.2, NLRP12.3, NLRP12.4, NLRP12.5, NLRP12.6, NLRP12.7, NLRP3.1, NLRP3.2, NLRP3.3, NLRP3.4, NLRP3.5, NLRP3.6, NLRP6.1, NLRP6.2, RELA.1, RELA.2, RELA.3, RELA.4, TAB2.1, TAB2.2, TLR4.1, TLR4.2, TLR4.3, TRAF6.1	49
PRODB_00467	N	N	Y	Lc_P1D9_01454	Lactobacillus crispatus	2-dehydropantoate 2-reductase	Y	416870.llmg_1131	1.01E-224	619	COG1893@1|root,COG1893@2|Bacteria,1UM1M@1239|Firmicutes,4HBPD@91061|Bacilli	91061|Bacilli	H	Catalyzes the NADPH-dependent reduction of ketopantoate into pantoic acid	panE	-	1.1.1.169	ko:K00077	ko00770,ko01100,ko01110,map00770,map01100,map01110	M00119	R02472	RC00726	ko00000,ko00001,ko00002,ko01000	-	-	-	ApbA,ApbA_C	AIM2.1, IKBKB.3, IRAK1.1, IRAK1.2, IRAK1.3, IRAK1.4, IRAK4.1, NAIP.1, NAIP.2, NFKB1.2, NLRC4.4, NLRP1.1, NLRP1.2, NLRP1.3, NLRP1.4, NLRP12.5, NLRP3.1, NLRP3.2, NLRP3.3, NLRP3.4, NLRP3.5, NLRP3.6, RELA.1, RELA.2, RELA.3, RELA.4, TAB2.1, TAB2.2, TLR4.3, TRAF6.1	30
PRODB_00468	N	N	Y	Lc_ATA-LTC-Lz160700_02749	Lactobacillus crispatus	Cystathionine gamma-synthase	Y	797515.HMPREF9103_03168	1.05E-272	747	COG0626@1|root,COG0626@2|Bacteria,1TPC7@1239|Firmicutes,4HAFQ@91061|Bacilli,3F3Y2@33958|Lactobacillaceae	91061|Bacilli	E	cystathionine	mccB	GO:0000096,GO:0000098,GO:0003674,GO:0003824,GO:0003962,GO:0004123,GO:0005575,GO:0005622,GO:0005623,GO:0005737,GO:0006082,GO:0006520,GO:0006790,GO:0006807,GO:0008150,GO:0008152,GO:0008284,GO:0009056,GO:0009063,GO:0009987,GO:0016054,GO:0016740,GO:0016765,GO:0016829,GO:0016846,GO:0019752,GO:0042127,GO:0043418,GO:0043436,GO:0044237,GO:0044238,GO:0044248,GO:0044273,GO:0044281,GO:0044282,GO:0044424,GO:0044464,GO:0046395,GO:0048518,GO:0048522,GO:0050667,GO:0050789,GO:0050794,GO:0065007,GO:0071704,GO:1901564,GO:1901565,GO:1901575,GO:1901605,GO:1901606	4.4.1.1,4.4.1.2,4.4.1.8	ko:K01760,ko:K17217	ko00260,ko00270,ko00450,ko00920,ko01100,ko01110,ko01130,ko01230,map00260,map00270,map00450,map00920,map01100,map01110,map01130,map01230	M00017,M00609	R00782,R01001,R01283,R01286,R02408,R04941	RC00056,RC00069,RC00348,RC00382,RC00487,RC00488,RC00710,RC01245,RC02303,RC02814	ko00000,ko00001,ko00002,ko01000	-	-	iYO844.BSU27250	Cys_Met_Meta_PP	AIM2.1, IKBKB.3, IRAK1.1, IRAK1.2, IRAK1.3, IRAK1.4, IRAK4.1, NAIP.1, NAIP.2, NFKB1.2, NFKBIA.1, NLRC4.1, NLRC4.2, NLRC4.4, NLRP1.1, NLRP1.4, NLRP12.5, NLRP3.1, NLRP3.2, NLRP3.3, NLRP3.4, NLRP3.5, NLRP3.6, RELA.1, RELA.2, RELA.3, RELA.4, TAB2.1, TAB2.2, TLR4.1, TLR4.2, TLR4.3	32
PRODB_00469	N	N	Y	Ef_AKSZ-208_01191	Enterococcus faecalis	hypothetical protein	Y	226185.EF_1329	6.63E-204	568	COG0476@1|root,COG0476@2|Bacteria,1TQ3U@1239|Firmicutes,4HBGP@91061|Bacilli,4B4DA@81852|Enterococcaceae	91061|Bacilli	H	ThiF family	thiF	-	2.7.7.73,2.7.7.80	ko:K03148,ko:K21029	ko00730,ko01100,ko04122,map00730,map01100,map04122	-	R07459	RC00043	ko00000,ko00001,ko01000	-	-	-	ThiF		0
PRODB_00470	N	N	Y	Ef_29212_01538	Enterococcus faecalis	hypothetical protein	N	-	-	-	-	-	-	-	-	-	-	-	-	-	-	-	-	-	-	-	-	AIM2.1, IKBKB.1, IKBKB.2, IKBKB.3, IKBKB.4, IRAK1.1, IRAK1.2, IRAK1.3, IRAK1.4, IRAK4.1, IRAK4.2, NAIP.1, NAIP.2, NFKB1.2, NFKBIA.1, NLRC4.1, NLRC4.2, NLRC4.3, NLRC4.4, NLRP1.1, NLRP1.2, NLRP1.3, NLRP1.4, NLRP1.5, NLRP12.1, NLRP12.2, NLRP12.3, NLRP12.4, NLRP12.5, NLRP12.6, NLRP12.7, NLRP3.1, NLRP3.2, NLRP3.3, NLRP3.4, NLRP3.5, NLRP3.6, NLRP6.1, NLRP6.2, RELA.1, RELA.2, RELA.3, RELA.4, TAB2.1, TAB2.2, TLR4.1, TLR4.2, TLR4.3, TRAF6.1	49
PRODB_00471	N	N	Y	Ef_BE33_00491	Enterococcus faecalis	Dipeptide-binding protein DppE	Y	1201292.DR75_2544	1.76E-155	436	COG4166@1|root,COG4166@2|Bacteria,1TNYQ@1239|Firmicutes,4HDYN@91061|Bacilli,4B1VW@81852|Enterococcaceae	91061|Bacilli	E	Bacterial extracellular solute-binding proteins, family 5 Middle	-	-	-	ko:K15580	ko01501,ko02010,ko02024,map01501,map02010,map02024	M00439	-	-	ko00000,ko00001,ko00002,ko02000	3.A.1.5.1,3.A.1.5.18,3.A.1.5.19,3.A.1.5.25	-	-	SBP_bac_5	AIM2.1, IKBKB.3, IRAK1.1, IRAK1.2, IRAK1.3, IRAK1.4, IRAK4.1, IRAK4.2, NAIP.1, NAIP.2, NFKB1.2, NFKBIA.1, NLRC4.1, NLRC4.2, NLRC4.3, NLRC4.4, NLRP1.1, NLRP1.2, NLRP1.3, NLRP1.4, NLRP1.5, NLRP12.1, NLRP12.2, NLRP12.3, NLRP12.4, NLRP12.5, NLRP12.6, NLRP12.7, NLRP3.1, NLRP3.2, NLRP3.3, NLRP3.4, NLRP3.5, NLRP3.6, NLRP6.1, NLRP6.2, RELA.1, RELA.2, RELA.3, RELA.4, TAB2.1, TAB2.2, TLR4.1, TLR4.2, TLR4.3, TRAF6.1	46
PRODB_00472	N	N	Y	Ef_R5_00578	Enterococcus faecalis	hypothetical protein	Y	1201292.DR75_2542	9.02E-109	315	COG0546@1|root,COG3335@1|root,COG0546@2|Bacteria,COG3335@2|Bacteria,1V3DR@1239|Firmicutes,4HGMU@91061|Bacilli,4B2AY@81852|Enterococcaceae	91061|Bacilli	L	HAD-hyrolase-like	-	-	-	-	-	-	-	-	-	-	-	-	HAD_2	AIM2.1, IRAK1.1, IRAK1.2, IRAK1.3, IRAK1.4, IRAK4.1, NAIP.1, NAIP.2, NFKB1.2, NLRC4.3, NLRC4.4, NLRP1.1, NLRP1.2, NLRP1.3, NLRP1.4, NLRP3.1, NLRP3.2, NLRP3.3, NLRP3.4, NLRP3.5, NLRP3.6, RELA.1, RELA.2, RELA.3, RELA.4, TAB2.1, TAB2.2	27
PRODB_00473	N	N	Y	Ef_EfsPF24-2_00459	Enterococcus faecalis	Multidrug export protein MepA	Y	1201292.DR75_2537	2.22E-185	519	COG0534@1|root,COG0534@2|Bacteria,1TNZN@1239|Firmicutes,4HANM@91061|Bacilli,4AZZV@81852|Enterococcaceae	91061|Bacilli	V	MviN-like protein	dinF	-	-	-	-	-	-	-	-	-	-	-	MatE	AIM2.1, IKBKB.3, IKBKB.4, IRAK1.1, IRAK1.2, IRAK1.3, IRAK1.4, IRAK4.1, IRAK4.2, NAIP.1, NAIP.2, NFKB1.2, NFKBIA.1, NLRC4.1, NLRC4.2, NLRC4.3, NLRC4.4, NLRP1.1, NLRP1.2, NLRP1.3, NLRP1.4, NLRP1.5, NLRP12.1, NLRP12.2, NLRP12.3, NLRP12.4, NLRP12.5, NLRP12.6, NLRP12.7, NLRP3.1, NLRP3.2, NLRP3.3, NLRP3.4, NLRP3.5, NLRP3.6, NLRP6.1, NLRP6.2, RELA.1, RELA.2, RELA.3, RELA.4, TAB2.1, TAB2.2, TLR4.1, TLR4.2, TLR4.3, TRAF6.1	47
PRODB_00474	N	N	Y	Ef_59_00447	Enterococcus faecalis	hypothetical protein	Y	1201292.DR75_2538	2.94E-71	214	COG3037@1|root,COG3037@2|Bacteria,1TQK5@1239|Firmicutes,4HBAD@91061|Bacilli,4B047@81852|Enterococcaceae	91061|Bacilli	S	PTS system sugar-specific permease component	-	-	-	ko:K03475	ko00053,ko01100,ko01120,ko02060,map00053,map01100,map01120,map02060	M00283,M00550	R07671	RC00017,RC03206	ko00000,ko00001,ko00002,ko02000	4.A.7.1	-	-	EIIC-GAT	AIM2.1, IKBKB.1, IKBKB.2, IKBKB.3, IKBKB.4, IRAK1.1, IRAK1.2, IRAK1.3, IRAK1.4, IRAK4.1, IRAK4.2, NAIP.1, NAIP.2, NFKB1.2, NFKBIA.1, NLRC4.1, NLRC4.2, NLRC4.3, NLRC4.4, NLRP1.1, NLRP1.2, NLRP1.3, NLRP1.4, NLRP1.5, NLRP12.1, NLRP12.2, NLRP12.3, NLRP12.4, NLRP12.5, NLRP12.6, NLRP12.7, NLRP3.1, NLRP3.2, NLRP3.3, NLRP3.4, NLRP3.5, NLRP3.6, NLRP6.1, NLRP6.2, RELA.1, RELA.2, RELA.3, RELA.4, TAB2.1, TAB2.2, TLR4.1, TLR4.2, TLR4.3, TRAF6.1	49
PRODB_00475	N	N	Y	Ef_111540047-1_02679	Enterococcus faecalis	hypothetical protein	Y	1201292.DR75_2541	0.00E+00	853	COG2848@1|root,COG2848@2|Bacteria,1TQG8@1239|Firmicutes,4HBTU@91061|Bacilli,4AZK7@81852|Enterococcaceae	91061|Bacilli	S	Uncharacterised ACR (DUF711)	XK27_08635	-	-	ko:K09157	-	-	-	-	ko00000	-	-	-	DUF711	AIM2.1, IRAK1.1, IRAK1.2, IRAK1.3, IRAK1.4, IRAK4.1, NAIP.2, NFKB1.2, NFKBIA.1, NLRC4.3, NLRC4.4, NLRP12.5, NLRP3.1, NLRP3.2, NLRP3.3, NLRP3.4, NLRP3.5, NLRP3.6, RELA.1, RELA.4, TAB2.1, TAB2.2, TLR4.3, TRAF6.1	24
PRODB_00476	N	N	Y	Ef_29212_02544	Enterococcus faecalis	hypothetical protein	Y	1201292.DR75_2543	8.44E-91	267	2CFUA@1|root,32S2G@2|Bacteria,1V63K@1239|Firmicutes,4HMRB@91061|Bacilli,4B2YE@81852|Enterococcaceae	91061|Bacilli	-	-	-	-	-	-	-	-	-	-	-	-	-	-	-	AIM2.1, IKBKB.3, IRAK1.1, IRAK1.2, IRAK1.3, IRAK1.4, IRAK4.1, IRAK4.2, NAIP.1, NAIP.2, NFKB1.2, NFKBIA.1, NLRC4.2, NLRC4.3, NLRC4.4, NLRP1.1, NLRP1.2, NLRP1.3, NLRP1.4, NLRP1.5, NLRP12.2, NLRP12.5, NLRP3.1, NLRP3.2, NLRP3.3, NLRP3.4, NLRP3.5, NLRP3.6, RELA.1, RELA.2, RELA.3, RELA.4, TAB2.1, TAB2.2, TLR4.3, TRAF6.1	36
PRODB_00477	N	N	Y	Ef_59_00446	Enterococcus faecalis	hypothetical protein	Y	1201292.DR75_2536	6.16E-48	153	COG3037@1|root,COG3037@2|Bacteria,1TQK5@1239|Firmicutes,4HBAD@91061|Bacilli,4B047@81852|Enterococcaceae	91061|Bacilli	S	PTS system sugar-specific permease component	-	-	-	ko:K03475	ko00053,ko01100,ko01120,ko02060,map00053,map01100,map01120,map02060	M00283,M00550	R07671	RC00017,RC03206	ko00000,ko00001,ko00002,ko02000	4.A.7.1	-	-	EIIC-GAT	AIM2.1, IKBKB.1, IKBKB.2, IKBKB.3, IKBKB.4, IRAK1.1, IRAK1.2, IRAK1.3, IRAK1.4, IRAK4.1, IRAK4.2, NAIP.1, NAIP.2, NFKB1.2, NFKBIA.1, NLRC4.1, NLRC4.2, NLRC4.3, NLRC4.4, NLRP1.1, NLRP1.2, NLRP1.3, NLRP1.4, NLRP1.5, NLRP12.1, NLRP12.2, NLRP12.3, NLRP12.4, NLRP12.5, NLRP12.6, NLRP12.7, NLRP3.1, NLRP3.2, NLRP3.3, NLRP3.4, NLRP3.5, NLRP3.6, NLRP6.1, NLRP6.2, RELA.1, RELA.2, RELA.3, RELA.4, TAB2.1, TAB2.2, TLR4.1, TLR4.2, TLR4.3, TRAF6.1	49
PRODB_00478	N	N	Y	Ef_N775_PC7_00483	Enterococcus faecalis	hypothetical protein	Y	1201292.DR75_2545	2.11E-49	157	COG4166@1|root,COG4166@2|Bacteria	2|Bacteria	E	transmembrane transport	-	-	-	ko:K15580	ko01501,ko02010,ko02024,map01501,map02010,map02024	M00439	-	-	ko00000,ko00001,ko00002,ko02000	3.A.1.5.1,3.A.1.5.18,3.A.1.5.19,3.A.1.5.25	-	-	SBP_bac_5	AIM2.1, IKBKB.1, IKBKB.2, IKBKB.3, IKBKB.4, IRAK1.1, IRAK1.2, IRAK1.3, IRAK1.4, IRAK4.1, IRAK4.2, NAIP.1, NAIP.2, NFKB1.2, NFKBIA.1, NLRC4.1, NLRC4.2, NLRC4.3, NLRC4.4, NLRP1.1, NLRP1.2, NLRP1.3, NLRP1.4, NLRP1.5, NLRP12.1, NLRP12.2, NLRP12.3, NLRP12.4, NLRP12.5, NLRP12.6, NLRP12.7, NLRP3.1, NLRP3.2, NLRP3.3, NLRP3.4, NLRP3.5, NLRP3.6, NLRP6.1, NLRP6.2, RELA.1, RELA.2, RELA.3, RELA.4, TAB2.1, TAB2.2, TLR4.1, TLR4.2, TLR4.3, TRAF6.1	49
PRODB_00479	N	N	Y	Ef_HRH55_02576	Enterococcus faecalis	hypothetical protein	Y	1201292.DR75_2540	6.91E-50	159	COG3830@1|root,COG3830@2|Bacteria,1VENW@1239|Firmicutes,4HNJ4@91061|Bacilli,4B3FY@81852|Enterococcaceae	91061|Bacilli	T	ACT domain	XK27_08630	-	-	ko:K07166	-	-	-	-	ko00000	-	-	-	ACT_6	AIM2.1, IKBKB.1, IKBKB.2, IKBKB.3, IKBKB.4, IRAK1.1, IRAK1.2, IRAK1.3, IRAK1.4, IRAK4.1, IRAK4.2, NAIP.1, NAIP.2, NFKB1.2, NFKBIA.1, NLRC4.1, NLRC4.2, NLRC4.3, NLRC4.4, NLRP1.1, NLRP1.2, NLRP1.3, NLRP1.4, NLRP1.5, NLRP12.1, NLRP12.2, NLRP12.3, NLRP12.4, NLRP12.5, NLRP12.6, NLRP12.7, NLRP3.1, NLRP3.2, NLRP3.3, NLRP3.4, NLRP3.5, NLRP3.6, NLRP6.1, NLRP6.2, RELA.1, RELA.2, RELA.3, RELA.4, TAB2.1, TAB2.2, TLR4.1, TLR4.2, TLR4.3, TRAF6.1	49
PRODB_00480	N	N	Y	Ef_DSM_20478_00476	Enterococcus faecalis	2,3-bisphosphoglycerate-dependent phosphoglycerate mutase	Y	1201292.DR75_2539	4.17E-163	456	COG0588@1|root,COG0588@2|Bacteria,1TQFP@1239|Firmicutes,4HVMR@91061|Bacilli,4AZS0@81852|Enterococcaceae	91061|Bacilli	G	Catalyzes the interconversion of 2-phosphoglycerate and 3-phosphoglycerate	-	-	5.4.2.11	ko:K01834	ko00010,ko00260,ko00680,ko01100,ko01110,ko01120,ko01130,ko01200,ko01230,ko04922,ko05230,map00010,map00260,map00680,map01100,map01110,map01120,map01130,map01200,map01230,map04922,map05230	M00001,M00002,M00003	R01518	RC00536	ko00000,ko00001,ko00002,ko01000,ko04131,ko04147	-	-	-	His_Phos_1	AIM2.1, IRAK1.1, IRAK1.2, IRAK1.3, IRAK1.4, NFKB1.2, NFKBIA.1, NLRC4.1, NLRC4.3, NLRC4.4, NLRP12.5, NLRP3.1, NLRP3.2, NLRP3.3, NLRP3.4, NLRP3.5, NLRP3.6, RELA.1, RELA.2, RELA.3, RELA.4, TAB2.1, TAB2.2, TLR4.1, TLR4.3, TRAF6.1	26
PRODB_00481	N	N	Y	Ef_ES-108-1_01857	Enterococcus faecalis	hypothetical protein	Y	1158602.I590_02582	9.37E-18	79	2BURH@1|root,32Q2N@2|Bacteria,1U38Q@1239|Firmicutes,4ID0H@91061|Bacilli,4B5SQ@81852|Enterococcaceae	91061|Bacilli	-	-	-	-	-	-	-	-	-	-	-	-	-	-	-	AIM2.1, IKBKB.1, IKBKB.2, IKBKB.3, IKBKB.4, IRAK1.1, IRAK1.2, IRAK1.3, IRAK1.4, IRAK4.1, IRAK4.2, NAIP.1, NAIP.2, NFKB1.2, NFKBIA.1, NLRC4.1, NLRC4.2, NLRC4.3, NLRC4.4, NLRP1.1, NLRP1.2, NLRP1.3, NLRP1.4, NLRP1.5, NLRP12.1, NLRP12.2, NLRP12.3, NLRP12.4, NLRP12.5, NLRP12.6, NLRP12.7, NLRP3.1, NLRP3.2, NLRP3.3, NLRP3.4, NLRP3.5, NLRP3.6, NLRP6.1, NLRP6.2, RELA.1, RELA.2, RELA.3, RELA.4, TAB2.1, TAB2.2, TLR4.1, TLR4.2, TLR4.3, TRAF6.1	49
PRODB_00482	N	N	Y	Ef_661_dup_5DW9E_01637	Enterococcus faecalis	hypothetical protein	Y	396513.SCA_0513	1.64E-08	52	2A1PW@1|root,30PYA@2|Bacteria,1TY5D@1239|Firmicutes,4I78P@91061|Bacilli,4H06B@90964|Staphylococcaceae	91061|Bacilli	S	Phage uncharacterised protein (Phage_XkdX)	-	-	-	-	-	-	-	-	-	-	-	-	Phage_XkdX	AIM2.1, IKBKB.1, IKBKB.2, IKBKB.3, IKBKB.4, IRAK1.1, IRAK1.2, IRAK1.3, IRAK1.4, IRAK4.1, IRAK4.2, NAIP.1, NAIP.2, NFKB1.2, NFKBIA.1, NLRC4.1, NLRC4.2, NLRC4.3, NLRC4.4, NLRP1.1, NLRP1.2, NLRP1.3, NLRP1.4, NLRP1.5, NLRP12.1, NLRP12.2, NLRP12.3, NLRP12.4, NLRP12.5, NLRP12.6, NLRP12.7, NLRP3.1, NLRP3.2, NLRP3.3, NLRP3.4, NLRP3.5, NLRP3.6, NLRP6.1, NLRP6.2, RELA.1, RELA.2, RELA.3, RELA.4, TAB2.1, TAB2.2, TLR4.1, TLR4.2, TLR4.3, TRAF6.1	49
PRODB_00483	N	N	Y	Ec_FJ_Ec_21_03866	Escherichia coli	hypothetical protein	Y	379066.GAU_0079	1.12E-100	302	COG5635@1|root,COG5635@2|Bacteria	2|Bacteria	T	Nacht domain	-	-	-	-	-	-	-	-	-	-	-	-	DUF4062	AIM2.1, IKBKB.3, IRAK1.1, IRAK1.2, IRAK1.3, IRAK1.4, IRAK4.1, IRAK4.2, NAIP.1, NAIP.2, NFKB1.2, NFKBIA.1, NLRC4.1, NLRC4.2, NLRC4.3, NLRC4.4, NLRP1.1, NLRP1.2, NLRP1.3, NLRP1.4, NLRP1.5, NLRP12.1, NLRP12.2, NLRP12.3, NLRP12.4, NLRP12.5, NLRP12.6, NLRP12.7, NLRP3.1, NLRP3.2, NLRP3.3, NLRP3.4, NLRP3.5, NLRP3.6, NLRP6.1, NLRP6.2, RELA.1, RELA.2, RELA.3, RELA.4, TAB2.1, TAB2.2, TLR4.1, TLR4.2, TLR4.3, TRAF6.1	46
PRODB_00484	N	N	Y	Ec_H3_00605	Escherichia coli	hypothetical protein	Y	1005994.GTGU_03574	2.68E-116	342	arCOG14015@1|root,30H02@2|Bacteria,1R3JD@1224|Proteobacteria,1S3GD@1236|Gammaproteobacteria	1236|Gammaproteobacteria	-	-	-	-	-	-	-	-	-	-	-	-	-	-	-	AIM2.1, IKBKB.3, IRAK1.1, IRAK1.2, IRAK1.3, IRAK1.4, IRAK4.1, IRAK4.2, NAIP.1, NAIP.2, NFKB1.2, NFKBIA.1, NLRC4.1, NLRC4.2, NLRC4.3, NLRC4.4, NLRP1.1, NLRP1.2, NLRP1.3, NLRP1.4, NLRP1.5, NLRP12.1, NLRP12.2, NLRP12.3, NLRP12.4, NLRP12.5, NLRP12.6, NLRP12.7, NLRP3.1, NLRP3.2, NLRP3.3, NLRP3.4, NLRP3.5, NLRP3.6, NLRP6.1, NLRP6.2, RELA.1, RELA.2, RELA.3, RELA.4, TAB2.1, TAB2.2, TLR4.1, TLR4.2, TLR4.3, TRAF6.1	46
PRODB_00485	N	N	Y	Ef_PCH555_02577	Enterococcus faecalis	Ascorbate-specific PTS system EIIB component	Y	1201292.DR75_2535	1.99E-44	145	COG3414@1|root,COG3414@2|Bacteria,1VFJK@1239|Firmicutes,4HQ69@91061|Bacilli,4B3EP@81852|Enterococcaceae	91061|Bacilli	G	PTS system, Lactose/Cellobiose specific IIB subunit	-	-	2.7.1.194	ko:K02822	ko00053,ko01100,ko01120,ko02060,map00053,map01100,map01120,map02060	M00283,M00550	R07671	RC00017,RC03206	ko00000,ko00001,ko00002,ko01000,ko02000	4.A.7.1	-	-	PTS_IIB	AIM2.1, IRAK1.1, IRAK1.2, IRAK1.3, IRAK1.4, IRAK4.1, NFKB1.2, NLRC4.4, NLRP12.5, NLRP3.1, RELA.1, RELA.2, RELA.3, RELA.4, TAB2.1, TAB2.2	16
PRODB_00486	N	N	Y	Ec_K_EC180_04278	Escherichia coli	hypothetical protein	N	-	-	-	-	-	-	-	-	-	-	-	-	-	-	-	-	-	-	-	-	AIM2.1, IRAK1.1, IRAK1.2, IRAK1.3, IRAK1.4, IRAK4.1, NFKB1.2, NFKBIA.1, NLRC4.4, NLRP1.1, NLRP1.2, NLRP1.4, NLRP3.1, NLRP3.2, NLRP3.3, NLRP3.4, NLRP3.5, NLRP3.6, RELA.1, RELA.2, RELA.3, RELA.4, TAB2.1, TAB2.2, TLR4.3, TRAF6.1	26
PRODB_00487	N	N	Y	Ef_Fac74_00768	Enterococcus faecalis	hypothetical protein	N	-	-	-	-	-	-	-	-	-	-	-	-	-	-	-	-	-	-	-	-	AIM2.1, IKBKB.1, IKBKB.2, IKBKB.3, IKBKB.4, IRAK1.1, IRAK1.2, IRAK1.3, IRAK1.4, IRAK4.1, IRAK4.2, NAIP.1, NAIP.2, NFKB1.2, NFKBIA.1, NLRC4.1, NLRC4.2, NLRC4.3, NLRC4.4, NLRP1.1, NLRP1.2, NLRP1.3, NLRP1.4, NLRP1.5, NLRP12.1, NLRP12.2, NLRP12.3, NLRP12.4, NLRP12.5, NLRP12.6, NLRP12.7, NLRP3.1, NLRP3.2, NLRP3.3, NLRP3.4, NLRP3.5, NLRP3.6, NLRP6.1, NLRP6.2, RELA.1, RELA.2, RELA.3, RELA.4, TAB2.1, TAB2.2, TLR4.1, TLR4.2, TLR4.3, TRAF6.1	49
PRODB_00488	N	N	Y	Ll_FS2_02445	Leuconostoc lactis	Acetyl-coenzyme A carboxylase carboxyl transferase subunit beta	Y	272623.L0180	1.47E-153	436	COG0777@1|root,COG0777@2|Bacteria,1TP4U@1239|Firmicutes,4HAI7@91061|Bacilli,1YBF6@1357|Lactococcus	91061|Bacilli	I	Component of the acetyl coenzyme A carboxylase (ACC) complex. Biotin carboxylase (BC) catalyzes the carboxylation of biotin on its carrier protein (BCCP) and then the CO(2) group is transferred by the transcarboxylase to acetyl-CoA to form malonyl- CoA	accD	-	2.1.3.15,6.4.1.2	ko:K01963	ko00061,ko00620,ko00640,ko00720,ko01100,ko01110,ko01120,ko01130,ko01200,ko01212,map00061,map00620,map00640,map00720,map01100,map01110,map01120,map01130,map01200,map01212	M00082,M00376	R00742,R04386	RC00040,RC00253,RC00367	ko00000,ko00001,ko00002,ko01000	-	-	-	Carboxyl_trans	NLRC4.4, NLRP3.1, NLRP3.3, NLRP3.5	4
PRODB_00489	N	N	Y	Ll_WiKim0098_00005	Leuconostoc lactis	hypothetical protein	Y	416870.llmg_0005	1.20E-38	129	COG4481@1|root,COG4481@2|Bacteria,1VEQ7@1239|Firmicutes,4HNHU@91061|Bacilli,1YBVY@1357|Lactococcus	91061|Bacilli	S	Bacterial protein of unknown function (DUF951)	yyzM	-	-	-	-	-	-	-	-	-	-	-	DUF951	AIM2.1, IRAK1.1, IRAK1.2, IRAK1.3, IRAK1.4, IRAK4.1, NAIP.1, NAIP.2, NFKB1.2, NFKBIA.1, NLRC4.1, NLRC4.2, NLRC4.3, NLRC4.4, NLRP1.1, NLRP1.2, NLRP1.3, NLRP1.4, NLRP12.1, NLRP12.2, NLRP12.4, NLRP12.5, NLRP12.6, NLRP12.7, NLRP3.1, NLRP3.2, NLRP3.3, NLRP3.4, NLRP3.5, NLRP3.6, NLRP6.1, NLRP6.2, RELA.1, RELA.2, RELA.3, RELA.4, TAB2.1, TAB2.2, TLR4.1, TLR4.2, TLR4.3, TRAF6.1	42
PRODB_00490	N	N	Y	Ef_119-2_00365	Enterococcus faecalis	hypothetical protein	Y	641112.ACOK01000093_gene1108	1.99E-10	58.2	2DRZ1@1|root,33DRR@2|Bacteria,1VQMR@1239|Firmicutes,24UWB@186801|Clostridia,3WMDU@541000|Ruminococcaceae	186801|Clostridia	S	Helix-turn-helix domain	-	-	-	-	-	-	-	-	-	-	-	-	HTH_17	AIM2.1, IKBKB.1, IKBKB.2, IKBKB.3, IKBKB.4, IRAK1.1, IRAK1.2, IRAK1.3, IRAK1.4, IRAK4.1, IRAK4.2, NAIP.1, NAIP.2, NFKB1.2, NFKBIA.1, NLRC4.1, NLRC4.2, NLRC4.3, NLRC4.4, NLRP1.1, NLRP1.2, NLRP1.3, NLRP1.4, NLRP1.5, NLRP12.1, NLRP12.2, NLRP12.3, NLRP12.4, NLRP12.5, NLRP12.6, NLRP12.7, NLRP3.1, NLRP3.2, NLRP3.3, NLRP3.4, NLRP3.5, NLRP3.6, NLRP6.1, NLRP6.2, RELA.1, RELA.2, RELA.3, RELA.4, TAB2.1, TAB2.2, TLR4.1, TLR4.2, TLR4.3, TRAF6.1	49
PRODB_00491	N	N	Y	Ec_AVS0223_01754	Escherichia coli	hypothetical protein	Y	1004785.AMBLS11_16310	1.59E-104	330	COG0463@1|root,COG0463@2|Bacteria,1QXZ7@1224|Proteobacteria,1T4SI@1236|Gammaproteobacteria	1236|Gammaproteobacteria	M	Glycosyl transferase family 2	-	-	-	-	-	-	-	-	-	-	-	-	Glycos_transf_2	AIM2.1, IRAK1.1, IRAK1.2, IRAK1.3, IRAK1.4, NFKB1.2, NLRC4.4, NLRP3.1, NLRP3.2, NLRP3.3, NLRP3.4, NLRP3.5, NLRP3.6, RELA.4, TAB2.1, TAB2.2	16
PRODB_00492	N	N	Y	Ec_AVS0223_01755	Escherichia coli	IS481 family transposase ISKpn28	Y	502347.ESCAB7627_1056	4.49E-29	114	COG2801@1|root,COG2801@2|Bacteria,1MVTI@1224|Proteobacteria,1RVYV@1236|Gammaproteobacteria,3XRAD@561|Escherichia	1236|Gammaproteobacteria	L	Integrase core domain protein	-	-	-	-	-	-	-	-	-	-	-	-	HTH_28,rve,rve_3	AIM2.1, IKBKB.1, IKBKB.2, IKBKB.3, IKBKB.4, IRAK1.1, IRAK1.2, IRAK1.3, IRAK1.4, IRAK4.1, IRAK4.2, NAIP.1, NAIP.2, NFKB1.2, NFKBIA.1, NLRC4.1, NLRC4.2, NLRC4.3, NLRC4.4, NLRP1.1, NLRP1.2, NLRP1.3, NLRP1.4, NLRP1.5, NLRP12.1, NLRP12.2, NLRP12.3, NLRP12.4, NLRP12.5, NLRP12.6, NLRP12.7, NLRP3.1, NLRP3.2, NLRP3.3, NLRP3.4, NLRP3.5, NLRP3.6, NLRP6.1, NLRP6.2, RELA.1, RELA.2, RELA.3, RELA.4, TAB2.1, TAB2.2, TLR4.1, TLR4.2, TLR4.3, TRAF6.1	49
PRODB_00493	N	N	Y	Ec_4_4_03321	Escherichia coli	hypothetical protein	Y	948565.AFFP02000053_gene6	3.88E-46	177	COG1196@1|root,COG1196@2|Bacteria,1RIYC@1224|Proteobacteria,1TFPK@1236|Gammaproteobacteria,1Y9HA@135625|Pasteurellales	135625|Pasteurellales	D	PFAM metal-dependent phosphohydrolase, HD sub domain	-	-	-	-	-	-	-	-	-	-	-	-	-	AIM2.1, IRAK1.1, IRAK1.2, IRAK1.3, IRAK1.4, NAIP.2, NFKB1.2, NLRC4.4, NLRP3.1, NLRP3.2, NLRP3.3, NLRP3.4, NLRP3.5, NLRP3.6, TAB2.1, TAB2.2	16
PRODB_00494	N	N	Y	Ec_AVS0935_01667	Escherichia coli	hypothetical protein	Y	1004785.AMBLS11_16305	2.16E-68	217	COG1215@1|root,COG1215@2|Bacteria,1QZGD@1224|Proteobacteria	1224|Proteobacteria	M	transferase activity, transferring glycosyl groups	-	-	-	-	-	-	-	-	-	-	-	-	-	AIM2.1, IKBKB.3, IRAK1.1, IRAK1.2, IRAK1.3, IRAK1.4, IRAK4.1, NAIP.1, NAIP.2, NFKB1.2, NFKBIA.1, NLRC4.3, NLRC4.4, NLRP1.1, NLRP1.2, NLRP1.3, NLRP1.4, NLRP1.5, NLRP12.1, NLRP12.2, NLRP12.3, NLRP12.4, NLRP12.5, NLRP12.6, NLRP12.7, NLRP3.1, NLRP3.2, NLRP3.3, NLRP3.4, NLRP3.5, NLRP3.6, RELA.1, RELA.2, RELA.3, RELA.4, TAB2.1, TAB2.2, TLR4.3, TRAF6.1	39
PRODB_00495	N	N	Y	Ef_18-243_00399	Enterococcus faecalis	IS256 family transposase ISLgar5	Y	1121864.OMO_02298	1.63E-283	776	COG3328@1|root,COG3328@2|Bacteria,1TP4C@1239|Firmicutes,4HAXJ@91061|Bacilli,4B0EH@81852|Enterococcaceae	91061|Bacilli	L	to GB X15145, SP P26998, PID 1340164, GB X15145, SP P26998, and PID 1340164	B4168_4126	-	-	ko:K07493	-	-	-	-	ko00000	-	-	-	Transposase_mut	AIM2.1, IKBKB.3, IRAK1.1, IRAK1.2, IRAK1.3, IRAK1.4, IRAK4.1, NAIP.1, NAIP.2, NFKB1.2, NLRC4.1, NLRC4.2, NLRC4.3, NLRC4.4, NLRP1.1, NLRP1.2, NLRP1.3, NLRP1.4, NLRP1.5, NLRP12.1, NLRP12.2, NLRP12.3, NLRP12.4, NLRP12.5, NLRP12.6, NLRP12.7, NLRP3.1, NLRP3.2, NLRP3.3, NLRP3.4, NLRP3.5, NLRP3.6, RELA.1, RELA.2, RELA.3, RELA.4, TAB2.1, TAB2.2, TLR4.1, TLR4.2, TLR4.3, TRAF6.1	42
PRODB_00496	N	N	Y	Ef_GENOMIC22-006_01562	Enterococcus faecalis	hypothetical protein	Y	1140002.I570_02405	5.66E-70	211	COG2963@1|root,COG2963@2|Bacteria,1V9ZX@1239|Firmicutes,4HKN9@91061|Bacilli,4B301@81852|Enterococcaceae	91061|Bacilli	L	Transposase	-	-	-	ko:K07483	-	-	-	-	ko00000	-	-	-	HTH_Tnp_1	AIM2.1, IKBKB.1, IKBKB.2, IKBKB.3, IKBKB.4, IRAK1.1, IRAK1.2, IRAK1.3, IRAK1.4, IRAK4.1, IRAK4.2, NAIP.1, NAIP.2, NFKB1.2, NFKBIA.1, NLRC4.1, NLRC4.2, NLRC4.3, NLRC4.4, NLRP1.1, NLRP1.2, NLRP1.3, NLRP1.4, NLRP1.5, NLRP12.1, NLRP12.2, NLRP12.3, NLRP12.4, NLRP12.5, NLRP12.6, NLRP12.7, NLRP3.1, NLRP3.2, NLRP3.3, NLRP3.4, NLRP3.5, NLRP3.6, NLRP6.1, NLRP6.2, RELA.1, RELA.2, RELA.3, RELA.4, TAB2.1, TAB2.2, TLR4.1, TLR4.2, TLR4.3, TRAF6.1	49
PRODB_00497	N	N	Y	Ec_SS17_05342	Escherichia coli	Tn3 family transposase ISYps3	Y	155864.EDL933_5622	5.50E-123	352	COG1961@1|root,COG1961@2|Bacteria,1RA0V@1224|Proteobacteria,1RPSK@1236|Gammaproteobacteria,3XR8X@561|Escherichia	1236|Gammaproteobacteria	L	recombinase activity	pinR	GO:0000150,GO:0003674,GO:0003824,GO:0006139,GO:0006259,GO:0006310,GO:0006725,GO:0006807,GO:0008150,GO:0008152,GO:0009987,GO:0034641,GO:0043170,GO:0044237,GO:0044238,GO:0044260,GO:0046483,GO:0071704,GO:0090304,GO:0140097,GO:1901360	-	ko:K14060	-	-	-	-	ko00000	-	-	-	HTH_7,Resolvase		0
PRODB_00498	N	N	Y	Ef_62_00779	Enterococcus faecalis	hypothetical protein	Y	226185.EF_0479	5.21E-275	753	COG0582@1|root,COG0582@2|Bacteria,1TTJI@1239|Firmicutes,4HI12@91061|Bacilli,4B6A7@81852|Enterococcaceae	91061|Bacilli	L	Phage integrase SAM-like domain	-	-	-	-	-	-	-	-	-	-	-	-	Phage_int_SAM_3,Phage_integrase	AIM2.1, IRAK1.1, IRAK1.2, IRAK1.3, IRAK1.4, NFKB1.2, NLRC4.4, NLRP1.4, NLRP3.1, NLRP3.2, NLRP3.3, NLRP3.4, NLRP3.5, NLRP3.6, RELA.1, RELA.2, RELA.3, RELA.4, TAB2.1, TAB2.2	20
PRODB_00499	N	N	Y	Lc_B26_dup_E1F5D_00499	Lactobacillus crispatus	hypothetical protein	Y	272623.L0309	0.00E+00	1035	COG0286@1|root,COG0286@2|Bacteria,1TPGZ@1239|Firmicutes,4HA1J@91061|Bacilli,1YB9T@1357|Lactococcus	91061|Bacilli	V	HsdM N-terminal domain	hsdM	-	2.1.1.72	ko:K03427	-	-	-	-	ko00000,ko01000,ko02048	-	-	-	HsdM_N,N6_Mtase	AIM2.1, IKBKB.3, IRAK1.1, IRAK1.2, IRAK1.3, IRAK1.4, IRAK4.1, NFKB1.2, NLRC4.3, NLRC4.4, NLRP1.1, NLRP1.2, NLRP1.3, NLRP1.4, NLRP3.1, NLRP3.2, NLRP3.3, NLRP3.4, NLRP3.5, NLRP3.6, RELA.1, RELA.2, RELA.3, RELA.4, TAB2.1, TAB2.2	26
PRODB_00500	N	N	Y	Ec_K_EC180_04277	Escherichia coli	hypothetical protein	Y	349965.yinte0001_5850	1.44E-97	286	COG1396@1|root,COG1396@2|Bacteria,1REU5@1224|Proteobacteria,1SHHD@1236|Gammaproteobacteria	1236|Gammaproteobacteria	K	The globular domain of the protein is located near the polypeptide exit tunnel on the outside of the subunit, while an extended beta-hairpin is found that lines the wall of the exit tunnel in the center of the 70S ribosome	-	-	-	-	-	-	-	-	-	-	-	-	-	AIM2.1, IRAK1.1, IRAK1.2, IRAK4.1, NFKB1.2, NLRC4.4, NLRP12.5, TAB2.1, TAB2.2	9
PRODB_00501	N	N	Y	Ec_2024CK-00184_01809	Escherichia coli	Pap fimbrial major pilin protein	Y	362663.ECP_2972	3.54E-16	76.3	COG3539@1|root,COG3539@2|Bacteria,1RC0B@1224|Proteobacteria,1S1FT@1236|Gammaproteobacteria,3XR0B@561|Escherichia	1236|Gammaproteobacteria	NU	Fimbrial protein	fimA	GO:0005575,GO:0005623,GO:0009289,GO:0042995,GO:0044464	-	ko:K12517	-	-	-	-	ko00000,ko02044	-	-	-	Fimbrial	AIM2.1, IKBKB.1, IKBKB.2, IKBKB.3, IKBKB.4, IRAK1.1, IRAK1.2, IRAK1.3, IRAK1.4, IRAK4.1, IRAK4.2, NAIP.1, NAIP.2, NFKB1.2, NFKBIA.1, NLRC4.1, NLRC4.2, NLRC4.3, NLRC4.4, NLRP1.1, NLRP1.2, NLRP1.3, NLRP1.4, NLRP1.5, NLRP12.1, NLRP12.2, NLRP12.3, NLRP12.4, NLRP12.5, NLRP12.6, NLRP12.7, NLRP3.1, NLRP3.2, NLRP3.3, NLRP3.4, NLRP3.5, NLRP3.6, NLRP6.1, NLRP6.2, RELA.1, RELA.2, RELA.3, RELA.4, TAB2.1, TAB2.2, TLR4.1, TLR4.2, TLR4.3, TRAF6.1	49
PRODB_00502	N	N	Y	Ef_JF3A-223_02766	Enterococcus faecalis	hypothetical protein	Y	1158601.I585_01340	2.73E-134	381	COG0582@1|root,COG0582@2|Bacteria,1V2RX@1239|Firmicutes,4HMNN@91061|Bacilli,4B25J@81852|Enterococcaceae	91061|Bacilli	L	Site-specific recombinase, phage integrase family	-	-	-	-	-	-	-	-	-	-	-	-	Phage_integrase	AIM2.1, IRAK1.1, IRAK1.2, IRAK1.3, IRAK1.4, NFKB1.2, NLRC4.4, NLRP3.1, NLRP3.3, NLRP3.5, NLRP3.6, TAB2.1, TAB2.2	13
PRODB_00503	N	N	Y	Ec_ZH063_03181	Escherichia coli	hypothetical protein	Y	667121.ET1_14_01920	7.88E-15	73.9	COG1620@1|root,COG1620@2|Bacteria,1MV13@1224|Proteobacteria,1RPNW@1236|Gammaproteobacteria	1236|Gammaproteobacteria	C	L-lactate permease	lldP	-	-	ko:K03303	-	-	-	-	ko00000,ko02000	2.A.14	-	-	Lactate_perm	AIM2.1, IKBKB.1, IKBKB.2, IKBKB.3, IKBKB.4, IRAK1.1, IRAK1.2, IRAK1.3, IRAK1.4, IRAK4.1, IRAK4.2, NAIP.1, NAIP.2, NFKB1.2, NFKBIA.1, NLRC4.1, NLRC4.2, NLRC4.3, NLRC4.4, NLRP1.1, NLRP1.2, NLRP1.3, NLRP1.4, NLRP1.5, NLRP12.1, NLRP12.2, NLRP12.3, NLRP12.4, NLRP12.5, NLRP12.6, NLRP12.7, NLRP3.1, NLRP3.2, NLRP3.3, NLRP3.4, NLRP3.5, NLRP3.6, NLRP6.1, NLRP6.2, RELA.1, RELA.2, RELA.3, RELA.4, TAB2.1, TAB2.2, TLR4.1, TLR4.2, TLR4.3, TRAF6.1	49
PRODB_00504	N	N	Y	Ef_HL1_02323	Enterococcus faecalis	Multidrug resistance ABC transporter ATP-binding and permease protein	Y	768486.EHR_01070	0.00E+00	900	COG1132@1|root,COG1132@2|Bacteria,1TSY4@1239|Firmicutes,4HAJQ@91061|Bacilli,4AZ8Z@81852|Enterococcaceae	91061|Bacilli	V	ABC transporter transmembrane region	lmrA	GO:0003674,GO:0003824,GO:0005215,GO:0005319,GO:0006810,GO:0006869,GO:0008150,GO:0010876,GO:0015399,GO:0015405,GO:0016462,GO:0016787,GO:0016817,GO:0016818,GO:0016887,GO:0017111,GO:0022804,GO:0022857,GO:0033036,GO:0034040,GO:0042623,GO:0042626,GO:0043492,GO:0051179,GO:0051234,GO:0055085,GO:0071702	3.6.3.44	ko:K02021,ko:K06147,ko:K18104	ko01501,ko02010,map01501,map02010	M00700	-	-	ko00000,ko00001,ko00002,ko01000,ko01504,ko02000	3.A.1.106,3.A.1.109,3.A.1.110,3.A.1.112,3.A.1.113,3.A.1.117,3.A.1.123,3.A.1.21	-	-	ABC_membrane,ABC_tran	NLRC4.4, RELA.1, RELA.4	3
PRODB_00505	N	N	Y	Ef_C54_02536	Enterococcus faecalis	hypothetical protein	Y	345219.Bcoa_2006	1.34E-74	230	COG1846@1|root,COG1846@2|Bacteria,1VMIX@1239|Firmicutes,4IR3R@91061|Bacilli	91061|Bacilli	K	Iron dependent repressor, N-terminal DNA binding domain	-	-	-	-	-	-	-	-	-	-	-	-	MarR	AIM2.1, IKBKB.1, IKBKB.2, IKBKB.3, IKBKB.4, IRAK1.1, IRAK1.2, IRAK1.3, IRAK1.4, IRAK4.1, IRAK4.2, NAIP.1, NAIP.2, NFKB1.2, NFKBIA.1, NLRC4.1, NLRC4.2, NLRC4.3, NLRC4.4, NLRP1.1, NLRP1.2, NLRP1.3, NLRP1.4, NLRP1.5, NLRP12.1, NLRP12.2, NLRP12.3, NLRP12.4, NLRP12.5, NLRP12.6, NLRP12.7, NLRP3.1, NLRP3.2, NLRP3.3, NLRP3.4, NLRP3.5, NLRP3.6, NLRP6.1, NLRP6.2, RELA.1, RELA.2, RELA.3, RELA.4, TAB2.1, TAB2.2, TLR4.1, TLR4.2, TLR4.3, TRAF6.1	49
PRODB_00506	N	N	Y	Ec_AVS0713_00831	Escherichia coli	IS3 family transposase ISKpn38	Y	198628.Dda3937_03603	1.31E-89	278	COG2801@1|root,COG2963@1|root,COG2801@2|Bacteria,COG2963@2|Bacteria,1PNRG@1224|Proteobacteria,1RPA5@1236|Gammaproteobacteria,2JEP3@204037|Dickeya	1236|Gammaproteobacteria	L	Integrase core domain	-	-	-	ko:K07497	-	-	-	-	ko00000	-	-	-	HTH_21,HTH_Tnp_1,rve,rve_2	AIM2.1, IKBKB.1, IKBKB.2, IKBKB.3, IKBKB.4, IRAK1.1, IRAK1.2, IRAK1.3, IRAK1.4, IRAK4.1, IRAK4.2, NAIP.1, NAIP.2, NFKB1.2, NFKBIA.1, NLRC4.1, NLRC4.2, NLRC4.3, NLRC4.4, NLRP1.1, NLRP1.2, NLRP1.3, NLRP1.4, NLRP1.5, NLRP12.1, NLRP12.2, NLRP12.3, NLRP12.4, NLRP12.5, NLRP12.6, NLRP12.7, NLRP3.1, NLRP3.2, NLRP3.3, NLRP3.4, NLRP3.5, NLRP3.6, NLRP6.1, NLRP6.2, RELA.1, RELA.2, RELA.3, RELA.4, TAB2.1, TAB2.2, TLR4.1, TLR4.2, TLR4.3, TRAF6.1	49
PRODB_00507	N	N	Y	Ef_IDRL-7415_00121	Enterococcus faecalis	IS30 family transposase IS6770	Y	1201292.DR75_1905	8.75E-236	647	COG2826@1|root,COG2826@2|Bacteria,1TWVR@1239|Firmicutes,4HCM1@91061|Bacilli,4B15P@81852|Enterococcaceae	91061|Bacilli	L	PFAM Integrase catalytic region	-	-	-	-	-	-	-	-	-	-	-	-	HTH_38,rve	AIM2.1, IKBKB.3, IRAK1.1, IRAK1.2, IRAK1.3, IRAK1.4, NFKB1.2, NFKBIA.1, NLRC4.2, NLRC4.3, NLRC4.4, NLRP1.1, NLRP1.2, NLRP1.3, NLRP1.4, NLRP12.1, NLRP12.2, NLRP12.5, NLRP12.7, NLRP3.1, NLRP3.2, NLRP3.3, NLRP3.4, NLRP3.5, NLRP3.6, RELA.1, RELA.2, RELA.3, RELA.4, TAB2.1, TAB2.2, TLR4.3, TRAF6.1	33
PRODB_00508	N	N	Y	Ef_EfaR372_01348	Enterococcus faecalis	DNA-binding protein HU	Y	1201292.DR75_554	1.87E-53	168	COG0776@1|root,COG0776@2|Bacteria,1V9XQ@1239|Firmicutes,4HKF2@91061|Bacilli,4B30R@81852|Enterococcaceae	91061|Bacilli	L	Histone-like DNA-binding protein which is capable of wrapping DNA to stabilize it, and thus to prevent its denaturation under extreme environmental conditions	hup	-	-	ko:K03530	-	-	-	-	ko00000,ko03032,ko03036,ko03400	-	-	-	Bac_DNA_binding	AIM2.1, IKBKB.3, IRAK1.1, IRAK1.2, IRAK1.3, IRAK1.4, IRAK4.1, NAIP.1, NAIP.2, NFKB1.2, NFKBIA.1, NLRC4.1, NLRC4.2, NLRC4.3, NLRC4.4, NLRP1.1, NLRP1.2, NLRP1.3, NLRP1.4, NLRP1.5, NLRP12.1, NLRP12.2, NLRP12.3, NLRP12.4, NLRP12.5, NLRP12.6, NLRP12.7, NLRP3.1, NLRP3.2, NLRP3.3, NLRP3.4, NLRP3.5, NLRP3.6, NLRP6.1, NLRP6.2, RELA.1, RELA.2, RELA.3, RELA.4, TAB2.1, TAB2.2, TLR4.1, TLR4.2, TLR4.3, TRAF6.1	45
PRODB_00509	N	N	Y	Sd_69-3818_00541	Shigella dysenteriae	IS3 family transposase ISKpn38	Y	393305.YEP0001	3.82E-89	266	COG2963@1|root,COG2963@2|Bacteria,1QVZW@1224|Proteobacteria,1T2YA@1236|Gammaproteobacteria	1236|Gammaproteobacteria	K	transposase activity	-	-	-	ko:K07483	-	-	-	-	ko00000	-	-	-	-	AIM2.1, IRAK1.1, IRAK1.2, IRAK1.3, NFKB1.2, NLRC4.4, NLRP3.1, TAB2.1, TAB2.2	9
PRODB_00510	N	N	Y	Lc_CHLC-LB07_00358	Lactobacillus crispatus	Copper-exporting P-type ATPase B	Y	416870.llmg_1694	0.00E+00	1145	COG2217@1|root,COG2217@2|Bacteria,1TP5S@1239|Firmicutes,4HAI0@91061|Bacilli,1YBC6@1357|Lactococcus	91061|Bacilli	P	haloacid dehalogenase-like hydrolase	copB	-	3.6.3.4	ko:K01533	-	-	R00086	RC00002	ko00000,ko01000	3.A.3.5	-	-	E1-E2_ATPase,Hydrolase	AIM2.1, IRAK1.2, IRAK4.1, NFKB1.2, NLRC4.4, NLRP3.1, NLRP3.3, TAB2.1, TAB2.2	9
PRODB_00511	N	N	Y	Ef_AT50_02312	Enterococcus faecalis	hypothetical protein	Y	226185.EF_3075	0.00E+00	2021	COG4886@1|root,COG4886@2|Bacteria,1TY5W@1239|Firmicutes,4I793@91061|Bacilli,4B1SU@81852|Enterococcaceae	91061|Bacilli	S	by Glimmer2	-	-	-	-	-	-	-	-	-	-	-	-	WxL	AIM2.1, IKBKB.1, IKBKB.2, IKBKB.3, IKBKB.4, IRAK1.1, IRAK1.2, IRAK1.3, IRAK1.4, IRAK4.1, IRAK4.2, NAIP.1, NAIP.2, NFKB1.2, NFKBIA.1, NLRC4.1, NLRC4.2, NLRC4.3, NLRC4.4, NLRP1.1, NLRP1.2, NLRP1.3, NLRP1.4, NLRP1.5, NLRP12.1, NLRP12.2, NLRP12.3, NLRP12.4, NLRP12.5, NLRP12.6, NLRP12.7, NLRP3.1, NLRP3.2, NLRP3.3, NLRP3.4, NLRP3.5, NLRP3.6, NLRP6.1, NLRP6.2, RELA.1, RELA.2, RELA.3, RELA.4, TAB2.1, TAB2.2, TLR4.1, TLR4.2, TLR4.3, TRAF6.1	49
PRODB_00512	N	N	Y	Ef_BE52_02307	Enterococcus faecalis	Tagatose 1,6-diphosphate aldolase	Y	1158601.I585_04004	1.19E-230	635	COG3684@1|root,COG3684@2|Bacteria,1TQRR@1239|Firmicutes,4HBS9@91061|Bacilli,4AZUS@81852|Enterococcaceae	91061|Bacilli	G	Belongs to the aldolase LacD family	lacD	GO:0003674,GO:0003824,GO:0006082,GO:0006790,GO:0008150,GO:0008152,GO:0009056,GO:0009987,GO:0016054,GO:0016829,GO:0016830,GO:0016832,GO:0044237,GO:0044248,GO:0044273,GO:0044281,GO:0044282,GO:0061595,GO:0071704,GO:1901135,GO:1901136,GO:1901575,GO:1902776,GO:1902777	4.1.2.40	ko:K01635	ko00052,ko01100,ko02024,map00052,map01100,map02024	-	R01069	RC00438,RC00439	ko00000,ko00001,ko01000	-	-	-	DeoC	AIM2.1, NFKB1.2, NLRC4.4, NLRP3.1, NLRP3.3, TAB2.1, TAB2.2	7
PRODB_00513	N	N	Y	Ef_J-5_02724	Enterococcus faecalis	hypothetical protein	N	-	-	-	-	-	-	-	-	-	-	-	-	-	-	-	-	-	-	-	-	AIM2.1, IKBKB.1, IKBKB.2, IKBKB.3, IKBKB.4, IRAK1.1, IRAK1.2, IRAK1.3, IRAK1.4, IRAK4.1, IRAK4.2, NAIP.1, NAIP.2, NFKB1.2, NFKBIA.1, NLRC4.1, NLRC4.2, NLRC4.3, NLRC4.4, NLRP1.1, NLRP1.2, NLRP1.3, NLRP1.4, NLRP1.5, NLRP12.1, NLRP12.2, NLRP12.3, NLRP12.4, NLRP12.5, NLRP12.6, NLRP12.7, NLRP3.1, NLRP3.2, NLRP3.3, NLRP3.4, NLRP3.5, NLRP3.6, NLRP6.1, NLRP6.2, RELA.1, RELA.2, RELA.3, RELA.4, TAB2.1, TAB2.2, TLR4.1, TLR4.2, TLR4.3, TRAF6.1	49
PRODB_00514	N	N	Y	Ef_E006xJH2-2-TC1_02454	Enterococcus faecalis	IS3 family transposase IS1485	Y	1140001.I571_00552	5.94E-200	553	COG2801@1|root,COG2801@2|Bacteria,1TPEH@1239|Firmicutes,4HCHG@91061|Bacilli,4B04U@81852|Enterococcaceae	91061|Bacilli	L	Integrase core domain	-	-	-	-	-	-	-	-	-	-	-	-	HTH_21,rve,rve_3	NFKB1.2, NLRP3.1, TAB2.2	3
PRODB_00515	N	N	Y	Ec_C_691-04A_04134	Escherichia coli	hypothetical protein	N	-	-	-	-	-	-	-	-	-	-	-	-	-	-	-	-	-	-	-	-	AIM2.1, IKBKB.1, IKBKB.2, IKBKB.3, IKBKB.4, IRAK1.1, IRAK1.2, IRAK1.3, IRAK1.4, IRAK4.1, IRAK4.2, NAIP.1, NAIP.2, NFKB1.2, NFKBIA.1, NLRC4.1, NLRC4.2, NLRC4.3, NLRC4.4, NLRP1.1, NLRP1.2, NLRP1.3, NLRP1.4, NLRP1.5, NLRP12.1, NLRP12.2, NLRP12.3, NLRP12.4, NLRP12.5, NLRP12.6, NLRP12.7, NLRP3.1, NLRP3.2, NLRP3.3, NLRP3.4, NLRP3.5, NLRP3.6, NLRP6.1, NLRP6.2, RELA.1, RELA.2, RELA.3, RELA.4, TAB2.1, TAB2.2, TLR4.1, TLR4.2, TLR4.3, TRAF6.1	49
PRODB_00516	N	N	Y	Lm_C3_02127	Leuconostoc mesenteroides	hypothetical protein	Y	272626.lin0521	0.00E+00	1888	COG0610@1|root,COG0610@2|Bacteria,1TP7S@1239|Firmicutes,4HB5A@91061|Bacilli,26JP7@186820|Listeriaceae	91061|Bacilli	L	Type I site-specific restriction-modification system R (restriction) subunit and related helicases	hsdR	-	3.1.21.3	ko:K01153	-	-	-	-	ko00000,ko01000,ko02048	-	-	-	EcoR124_C,HSDR_N,ResIII	NFKB1.2, TAB2.2	2
PRODB_00517	N	N	Y	Ec_WCHEC020032_03904	Escherichia coli	hypothetical protein	Y	155864.EDL933_5615	1.35E-306	850	COG0582@1|root,COG0582@2|Bacteria,1REKP@1224|Proteobacteria,1T01S@1236|Gammaproteobacteria	1236|Gammaproteobacteria	L	Belongs to the 'phage' integrase family	-	-	-	-	-	-	-	-	-	-	-	-	Phage_integrase	AIM2.1, IRAK1.1, IRAK1.2, IRAK1.3, IRAK1.4, NAIP.1, NAIP.2, NFKB1.2, NFKBIA.1, NLRC4.3, NLRC4.4, NLRP12.6, NLRP3.1, NLRP3.2, NLRP3.3, NLRP3.4, NLRP3.5, NLRP3.6, RELA.1, RELA.2, RELA.3, RELA.4, TAB2.1, TAB2.2, TRAF6.1	25
PRODB_00518	N	N	Y	Ef_PCH555_00917	Enterococcus faecalis	hypothetical protein	N	-	-	-	-	-	-	-	-	-	-	-	-	-	-	-	-	-	-	-	-	AIM2.1, IKBKB.3, IRAK1.1, IRAK1.2, IRAK1.3, IRAK1.4, IRAK4.1, NAIP.1, NAIP.2, NFKB1.2, NFKBIA.1, NLRC4.1, NLRC4.2, NLRC4.3, NLRC4.4, NLRP1.1, NLRP1.2, NLRP1.3, NLRP1.4, NLRP1.5, NLRP12.1, NLRP12.2, NLRP12.3, NLRP12.4, NLRP12.5, NLRP12.6, NLRP12.7, NLRP3.1, NLRP3.2, NLRP3.3, NLRP3.4, NLRP3.5, NLRP3.6, NLRP6.1, NLRP6.2, RELA.1, RELA.2, RELA.3, RELA.4, TAB2.1, TAB2.2, TLR4.1, TLR4.2, TLR4.3, TRAF6.1	45
PRODB_00519	N	N	Y	Ec_7636_04763	Escherichia coli	hypothetical protein	Y	155864.EDL933_5621	8.73E-114	325	COG4333@1|root,COG4333@2|Bacteria,1N19M@1224|Proteobacteria,1SAS8@1236|Gammaproteobacteria	1236|Gammaproteobacteria	S	protein conserved in bacteria	-	-	-	-	-	-	-	-	-	-	-	-	DUF1643	AIM2.1, IKBKB.1, IKBKB.2, IKBKB.3, IKBKB.4, IRAK1.1, IRAK1.2, IRAK1.3, IRAK1.4, IRAK4.1, IRAK4.2, NAIP.1, NAIP.2, NFKB1.2, NFKBIA.1, NLRC4.1, NLRC4.2, NLRC4.3, NLRC4.4, NLRP1.1, NLRP1.2, NLRP1.3, NLRP1.4, NLRP1.5, NLRP12.1, NLRP12.2, NLRP12.3, NLRP12.4, NLRP12.5, NLRP12.6, NLRP12.7, NLRP3.1, NLRP3.2, NLRP3.3, NLRP3.4, NLRP3.5, NLRP3.6, NLRP6.1, NLRP6.2, RELA.1, RELA.2, RELA.3, RELA.4, TAB2.1, TAB2.2, TLR4.1, TLR4.2, TLR4.3, TRAF6.1	49
PRODB_00520	N	N	Y	Ef_142-1_00864	Enterococcus faecalis	hypothetical protein	Y	1201292.DR75_25	1.57E-61	189	28Z2S@1|root,2ZKV9@2|Bacteria,1W3D0@1239|Firmicutes,4I0NB@91061|Bacilli,4B5HC@81852|Enterococcaceae	91061|Bacilli	-	-	-	-	-	-	-	-	-	-	-	-	-	-	-	AIM2.1, IKBKB.1, IKBKB.2, IKBKB.3, IKBKB.4, IRAK1.1, IRAK1.2, IRAK1.3, IRAK1.4, IRAK4.1, IRAK4.2, NAIP.1, NAIP.2, NFKB1.2, NFKBIA.1, NLRC4.1, NLRC4.2, NLRC4.3, NLRC4.4, NLRP1.1, NLRP1.2, NLRP1.3, NLRP1.4, NLRP1.5, NLRP12.1, NLRP12.2, NLRP12.3, NLRP12.4, NLRP12.5, NLRP12.6, NLRP12.7, NLRP3.1, NLRP3.2, NLRP3.3, NLRP3.4, NLRP3.5, NLRP3.6, NLRP6.1, NLRP6.2, RELA.1, RELA.2, RELA.3, RELA.4, TAB2.1, TAB2.2, TLR4.1, TLR4.2, TLR4.3, TRAF6.1	49
PRODB_00521	N	N	Y	Ec_035152_04049	Escherichia coli	hypothetical protein	Y	155864.EDL933_5620	3.67E-62	191	2DZND@1|root,32VEJ@2|Bacteria,1N2ZR@1224|Proteobacteria,1S9ST@1236|Gammaproteobacteria	1236|Gammaproteobacteria	-	-	-	-	-	-	-	-	-	-	-	-	-	-	NIPSNAP	AIM2.1, IKBKB.1, IKBKB.2, IKBKB.3, IKBKB.4, IRAK1.1, IRAK1.2, IRAK1.3, IRAK1.4, IRAK4.1, IRAK4.2, NAIP.1, NAIP.2, NFKB1.2, NFKBIA.1, NLRC4.1, NLRC4.2, NLRC4.3, NLRC4.4, NLRP1.1, NLRP1.2, NLRP1.3, NLRP1.4, NLRP1.5, NLRP12.1, NLRP12.2, NLRP12.3, NLRP12.4, NLRP12.5, NLRP12.6, NLRP12.7, NLRP3.1, NLRP3.2, NLRP3.3, NLRP3.4, NLRP3.5, NLRP3.6, NLRP6.1, NLRP6.2, RELA.1, RELA.2, RELA.3, RELA.4, TAB2.1, TAB2.2, TLR4.1, TLR4.2, TLR4.3, TRAF6.1	49
PRODB_00522	N	N	Y	Ef_ES-1_02292	Enterococcus faecalis	hypothetical protein	N	-	-	-	-	-	-	-	-	-	-	-	-	-	-	-	-	-	-	-	-	AIM2.1, IKBKB.1, IKBKB.2, IKBKB.3, IKBKB.4, IRAK1.1, IRAK1.2, IRAK1.3, IRAK1.4, IRAK4.1, IRAK4.2, NAIP.1, NAIP.2, NFKB1.2, NFKBIA.1, NLRC4.1, NLRC4.2, NLRC4.3, NLRC4.4, NLRP1.1, NLRP1.2, NLRP1.3, NLRP1.4, NLRP1.5, NLRP12.1, NLRP12.2, NLRP12.3, NLRP12.4, NLRP12.5, NLRP12.6, NLRP12.7, NLRP3.1, NLRP3.2, NLRP3.3, NLRP3.4, NLRP3.5, NLRP3.6, NLRP6.1, NLRP6.2, RELA.1, RELA.2, RELA.3, RELA.4, TAB2.1, TAB2.2, TLR4.1, TLR4.2, TLR4.3, TRAF6.1	49
PRODB_00523	N	N	Y	Ld_CIRM-BIA_220_01631	Lactobacillus delbrueckii	hypothetical protein	Y	1138822.PL11_10395	1.63E-39	132	COG2261@1|root,COG2261@2|Bacteria,1VENK@1239|Firmicutes,4HNKV@91061|Bacilli,3F7EK@33958|Lactobacillaceae	91061|Bacilli	S	Transglycosylase associated protein	-	-	-	-	-	-	-	-	-	-	-	-	Transgly_assoc	AIM2.1, IKBKB.1, IKBKB.2, IKBKB.3, IKBKB.4, IRAK1.1, IRAK1.2, IRAK1.3, IRAK1.4, IRAK4.1, IRAK4.2, NAIP.1, NAIP.2, NFKB1.2, NFKBIA.1, NLRC4.1, NLRC4.2, NLRC4.3, NLRC4.4, NLRP1.1, NLRP1.2, NLRP1.3, NLRP1.4, NLRP1.5, NLRP12.1, NLRP12.2, NLRP12.3, NLRP12.4, NLRP12.5, NLRP12.6, NLRP12.7, NLRP3.1, NLRP3.2, NLRP3.3, NLRP3.4, NLRP3.5, NLRP3.6, NLRP6.1, NLRP6.2, RELA.1, RELA.2, RELA.3, RELA.4, TAB2.1, TAB2.2, TLR4.1, TLR4.2, TLR4.3, TRAF6.1	49
PRODB_00524	N	N	Y	Ef_DSM_20478_00796	Enterococcus faecalis	hypothetical protein	Y	1201292.DR75_23	1.17E-278	768	2EWQJ@1|root,33Q2C@2|Bacteria,1VSX4@1239|Firmicutes,4HUVP@91061|Bacilli	91061|Bacilli	S	Lipase (class 3)	-	-	-	-	-	-	-	-	-	-	-	-	Cutinase,Lipase_3	AIM2.1, IKBKB.1, IKBKB.2, IKBKB.3, IKBKB.4, IRAK1.1, IRAK1.2, IRAK1.3, IRAK1.4, IRAK4.1, IRAK4.2, NAIP.1, NAIP.2, NFKB1.2, NFKBIA.1, NLRC4.1, NLRC4.2, NLRC4.3, NLRC4.4, NLRP1.1, NLRP1.2, NLRP1.3, NLRP1.4, NLRP1.5, NLRP12.1, NLRP12.2, NLRP12.3, NLRP12.4, NLRP12.5, NLRP12.6, NLRP12.7, NLRP3.1, NLRP3.2, NLRP3.3, NLRP3.4, NLRP3.5, NLRP3.6, NLRP6.1, NLRP6.2, RELA.1, RELA.2, RELA.3, RELA.4, TAB2.1, TAB2.2, TLR4.1, TLR4.2, TLR4.3, TRAF6.1	49
PRODB_00525	N	N	Y	Ef_AFL-109F_01938	Enterococcus faecalis	hypothetical protein	Y	1201292.DR75_24	1.10E-51	164	292WD@1|root,2ZQDW@2|Bacteria,1W1YN@1239|Firmicutes,4I0BC@91061|Bacilli,4B5KJ@81852|Enterococcaceae	91061|Bacilli	-	-	-	-	-	-	-	-	-	-	-	-	-	-	-	AIM2.1, IKBKB.1, IKBKB.2, IKBKB.3, IKBKB.4, IRAK1.1, IRAK1.2, IRAK1.3, IRAK1.4, IRAK4.1, IRAK4.2, NAIP.1, NAIP.2, NFKB1.2, NFKBIA.1, NLRC4.1, NLRC4.2, NLRC4.3, NLRC4.4, NLRP1.1, NLRP1.2, NLRP1.3, NLRP1.4, NLRP1.5, NLRP12.1, NLRP12.2, NLRP12.3, NLRP12.4, NLRP12.5, NLRP12.6, NLRP12.7, NLRP3.1, NLRP3.2, NLRP3.3, NLRP3.4, NLRP3.5, NLRP3.6, NLRP6.1, NLRP6.2, RELA.1, RELA.2, RELA.3, RELA.4, TAB2.1, TAB2.2, TLR4.1, TLR4.2, TLR4.3, TRAF6.1	49
PRODB_00526	N	N	Y	Ef_111540027-2_00543	Enterococcus faecalis	hypothetical protein	Y	1201292.DR75_17	1.89E-100	291	COG2764@1|root,COG2764@2|Bacteria,1V1HM@1239|Firmicutes,4HG18@91061|Bacilli	91061|Bacilli	S	glyoxalase bleomycin resistance protein dioxygenase	-	-	-	-	-	-	-	-	-	-	-	-	Glyoxalase	AIM2.1, IKBKB.3, IRAK1.1, IRAK1.2, IRAK1.3, IRAK1.4, IRAK4.1, IRAK4.2, NAIP.1, NAIP.2, NFKB1.2, NFKBIA.1, NLRC4.1, NLRC4.2, NLRC4.3, NLRC4.4, NLRP1.1, NLRP1.2, NLRP1.3, NLRP1.4, NLRP1.5, NLRP12.1, NLRP12.2, NLRP12.3, NLRP12.4, NLRP12.5, NLRP12.6, NLRP12.7, NLRP3.1, NLRP3.2, NLRP3.3, NLRP3.4, NLRP3.5, NLRP3.6, RELA.1, RELA.2, RELA.3, RELA.4, TAB2.1, TAB2.2, TLR4.3, TRAF6.1	42
PRODB_00527	N	N	Y	Ef_EfsC116_02354	Enterococcus faecalis	hypothetical protein	Y	1201292.DR75_1493	6.02E-40	132	2EK5K@1|root,33DW0@2|Bacteria,1VKGK@1239|Firmicutes,4HRYF@91061|Bacilli,4B42S@81852|Enterococcaceae	91061|Bacilli	S	Putative phage holin Dp-1	-	-	-	-	-	-	-	-	-	-	-	-	Phage_holin_Dp1	AIM2.1, IKBKB.1, IKBKB.2, IKBKB.3, IKBKB.4, IRAK1.1, IRAK1.2, IRAK1.3, IRAK1.4, IRAK4.1, IRAK4.2, NAIP.1, NAIP.2, NFKB1.2, NFKBIA.1, NLRC4.1, NLRC4.2, NLRC4.3, NLRC4.4, NLRP1.1, NLRP1.2, NLRP1.3, NLRP1.4, NLRP1.5, NLRP12.1, NLRP12.2, NLRP12.3, NLRP12.4, NLRP12.5, NLRP12.6, NLRP12.7, NLRP3.1, NLRP3.2, NLRP3.3, NLRP3.4, NLRP3.5, NLRP3.6, NLRP6.1, NLRP6.2, RELA.1, RELA.2, RELA.3, RELA.4, TAB2.1, TAB2.2, TLR4.1, TLR4.2, TLR4.3, TRAF6.1	49
PRODB_00528	N	N	Y	Ec_BEC1-S17-ESBL-09_01729	Escherichia coli	hypothetical protein	Y	198628.Dda3937_02192	5.05E-19	79.7	COG3311@1|root,COG3311@2|Bacteria,1P6M3@1224|Proteobacteria,1SUXV@1236|Gammaproteobacteria	1236|Gammaproteobacteria	K	Prophage CP4-57 regulatory protein (AlpA)	-	-	-	ko:K07733	-	-	-	-	ko00000,ko03000	-	-	-	Phage_AlpA	AIM2.1, IKBKB.1, IKBKB.2, IKBKB.3, IKBKB.4, IRAK1.1, IRAK1.2, IRAK1.3, IRAK1.4, IRAK4.1, IRAK4.2, NAIP.1, NAIP.2, NFKB1.2, NFKBIA.1, NLRC4.1, NLRC4.2, NLRC4.3, NLRC4.4, NLRP1.1, NLRP1.2, NLRP1.3, NLRP1.4, NLRP1.5, NLRP12.1, NLRP12.2, NLRP12.3, NLRP12.4, NLRP12.5, NLRP12.6, NLRP12.7, NLRP3.1, NLRP3.2, NLRP3.3, NLRP3.4, NLRP3.5, NLRP3.6, NLRP6.1, NLRP6.2, RELA.1, RELA.2, RELA.3, RELA.4, TAB2.1, TAB2.2, TLR4.1, TLR4.2, TLR4.3, TRAF6.1	49
PRODB_00529	N	N	Y	La_AM18-13_00787	Lactobacillus acidophilus	Maltose/maltodextrin transport system permease protein MalG	Y	272621.LBA1864	9.39E-196	543	COG3833@1|root,COG3833@2|Bacteria,1TRB7@1239|Firmicutes,4HC5K@91061|Bacilli,3F4NP@33958|Lactobacillaceae	91061|Bacilli	P	ABC transporter permease	malG	-	-	ko:K15772	ko02010,map02010	M00491	-	-	ko00000,ko00001,ko00002,ko02000	3.A.1.1.16,3.A.1.1.2	-	-	BPD_transp_1	AIM2.1, IRAK1.1, IRAK1.2, IRAK1.3, IRAK1.4, IRAK4.1, IRAK4.2, NAIP.1, NAIP.2, NFKB1.2, NFKBIA.1, NLRC4.1, NLRC4.2, NLRC4.3, NLRC4.4, NLRP1.1, NLRP1.2, NLRP1.3, NLRP1.4, NLRP1.5, NLRP12.1, NLRP12.5, NLRP12.6, NLRP12.7, NLRP3.1, NLRP3.2, NLRP3.3, NLRP3.4, NLRP3.5, NLRP3.6, NLRP6.1, NLRP6.2, RELA.1, RELA.2, RELA.3, RELA.4, TAB2.1, TAB2.2, TLR4.2, TLR4.3, TRAF6.1	41
PRODB_00530	N	N	Y	Ef_JARB-HU0796_02663	Enterococcus faecalis	hypothetical protein	Y	1201292.DR75_2471	3.06E-222	615	COG3641@1|root,COG3641@2|Bacteria,1TS5F@1239|Firmicutes,4HAK5@91061|Bacilli,4B0MT@81852|Enterococcaceae	91061|Bacilli	S	Phosphotransferase system, EIIC	pfoS/R	-	-	ko:K07035	-	-	-	-	ko00000	-	-	-	PTS_EIIC_2	AIM2.1, IKBKB.3, IRAK1.1, IRAK1.2, IRAK1.3, IRAK1.4, IRAK4.1, IRAK4.2, NAIP.2, NFKB1.2, NFKBIA.1, NLRC4.2, NLRC4.3, NLRC4.4, NLRP1.1, NLRP1.2, NLRP1.3, NLRP1.4, NLRP1.5, NLRP12.5, NLRP3.1, NLRP3.2, NLRP3.3, NLRP3.4, NLRP3.5, NLRP3.6, NLRP6.1, NLRP6.2, RELA.1, RELA.2, RELA.3, RELA.4, TAB2.1, TAB2.2, TLR4.1, TLR4.3, TRAF6.1	37
PRODB_00531	N	N	Y	Ld_CIRM-BIA_1374_01456	Lactobacillus delbrueckii	Cysteine synthase	Y	405566.lhv_1905	2.86E-215	594	COG0031@1|root,COG0031@2|Bacteria,1TP30@1239|Firmicutes,4HAMU@91061|Bacilli,3F4VD@33958|Lactobacillaceae	91061|Bacilli	E	Belongs to the cysteine synthase cystathionine beta- synthase family	mccA	GO:0000096,GO:0000097,GO:0003674,GO:0003824,GO:0004122,GO:0004124,GO:0005488,GO:0005575,GO:0005622,GO:0005623,GO:0005737,GO:0006082,GO:0006520,GO:0006534,GO:0006535,GO:0006563,GO:0006790,GO:0006807,GO:0008144,GO:0008150,GO:0008152,GO:0008284,GO:0008652,GO:0009058,GO:0009069,GO:0009070,GO:0009987,GO:0016053,GO:0016740,GO:0016765,GO:0016829,GO:0016835,GO:0016836,GO:0016846,GO:0019344,GO:0019752,GO:0019842,GO:0030170,GO:0036094,GO:0042127,GO:0043167,GO:0043168,GO:0043436,GO:0044237,GO:0044238,GO:0044249,GO:0044272,GO:0044281,GO:0044283,GO:0044424,GO:0044464,GO:0046394,GO:0048037,GO:0048518,GO:0048522,GO:0050662,GO:0050789,GO:0050794,GO:0065007,GO:0070279,GO:0071704,GO:0080146,GO:0097159,GO:1901363,GO:1901564,GO:1901566,GO:1901576,GO:1901605,GO:1901607	2.5.1.134,2.5.1.47	ko:K01738,ko:K17216	ko00270,ko00920,ko01100,ko01110,ko01120,ko01130,ko01200,ko01230,map00270,map00920,map01100,map01110,map01120,map01130,map01200,map01230	M00021,M00609	R00897,R03601,R04859,R10305	RC00020,RC00069,RC02814,RC02821	ko00000,ko00001,ko00002,ko01000	-	-	iSB619.SA_RS02385	PALP	NFKB1.2, NLRC4.4, NLRP3.1, NLRP3.5, TAB2.1, TAB2.2	6
PRODB_00532	N	N	Y	Ef_EfsC123_00410	Enterococcus faecalis	Choloylglycine hydrolase	Y	226185.EF_0521	8.46E-239	655	COG3049@1|root,COG3049@2|Bacteria,1TPZS@1239|Firmicutes,4HC4Y@91061|Bacilli,4B18E@81852|Enterococcaceae	91061|Bacilli	M	Linear amide C-N hydrolases, choloylglycine hydrolase family	bsh	-	3.5.1.24	ko:K01442	ko00120,ko00121,ko01100,map00120,map00121,map01100	-	R02797,R03975,R03977,R04486,R04487,R05835	RC00090,RC00096	ko00000,ko00001,ko01000	-	-	-	CBAH	AIM2.1, IRAK1.1, IRAK1.2, IRAK1.3, IRAK1.4, NFKB1.2, NLRC4.4, NLRP1.1, NLRP1.4, NLRP3.1, NLRP3.2, NLRP3.3, NLRP3.4, NLRP3.5, NLRP3.6, TAB2.1, TAB2.2	17
PRODB_00533	N	N	Y	Ec_TUM9803_01927	Escherichia coli	Prophage integrase IntA	Y	502347.ESCAB7627_1702	1.04E-289	792	COG0582@1|root,COG0582@2|Bacteria,1MU23@1224|Proteobacteria,1RMJ1@1236|Gammaproteobacteria,3XPHQ@561|Escherichia	1236|Gammaproteobacteria	L	Integrase is necessary for integration of the phage into the host genome by site-specific recombination. In conjunction with excisionase, integrase is also necessary for excision of the prophage from the host genome. Part of the cryptic P4-like prophage CP4-57, it excises the prophage when overexpressed, which also requires integration host factor (encoded by ihfA and ihfB). Overexpression of AlpA leads to excision of the CP4-57 prophage, which inactivates ssrA (the gene upstream of the prophage) that encodes tmRNA which is required to rescue stalled ribosomes in a process known as trans-translation	intA	GO:0000150,GO:0003674,GO:0003824,GO:0005575,GO:0006139,GO:0006259,GO:0006310,GO:0006725,GO:0006807,GO:0008150,GO:0008152,GO:0008907,GO:0008979,GO:0009009,GO:0009987,GO:0015074,GO:0016032,GO:0019012,GO:0019015,GO:0019038,GO:0019042,GO:0019043,GO:0019045,GO:0019046,GO:0032359,GO:0034641,GO:0043170,GO:0044237,GO:0044238,GO:0044260,GO:0044403,GO:0044419,GO:0044423,GO:0046483,GO:0051704,GO:0071704,GO:0075713,GO:0090304,GO:0140097,GO:1901360	-	-	-	-	-	-	-	-	-	-	Arm-DNA-bind_3,Phage_int_SAM_3,Phage_integrase	AIM2.1, IRAK1.1, IRAK1.2, IRAK1.3, IRAK1.4, IRAK4.1, NFKB1.2, NLRC4.3, NLRC4.4, NLRP1.1, NLRP1.2, NLRP1.4, NLRP12.5, NLRP3.1, NLRP3.2, NLRP3.3, NLRP3.4, NLRP3.5, NLRP3.6, RELA.1, RELA.2, RELA.3, RELA.4, TAB2.1, TAB2.2	25
PRODB_00534	N	N	Y	La_AM102-77_00647	Lactobacillus acidophilus	Recombination protein RecR	Y	272621.LBA0379	3.75E-141	398	COG0353@1|root,COG0353@2|Bacteria,1TR87@1239|Firmicutes,4HAZR@91061|Bacilli,3F4JQ@33958|Lactobacillaceae	91061|Bacilli	L	May play a role in DNA repair. It seems to be involved in an RecBC-independent recombinational process of DNA repair. It may act with RecF and RecO	recR	-	-	ko:K06187	ko03440,map03440	-	-	-	ko00000,ko00001,ko03400	-	-	-	RecR,Toprim_4	AIM2.1, IRAK1.1, IRAK1.2, IRAK1.4, NFKB1.2, NFKBIA.1, NLRC4.4, NLRP1.4, NLRP12.5, NLRP3.1, NLRP3.2, NLRP3.3, NLRP3.4, NLRP3.5, NLRP3.6, RELA.4, TAB2.1, TAB2.2	18
PRODB_00535	N	N	Y	La_AF16-5LB_00982	Lactobacillus acidophilus	hypothetical protein	Y	272621.LBA0352	3.42E-45	145	29PH8@1|root,30AFD@2|Bacteria,1U6KC@1239|Firmicutes,4IGD6@91061|Bacilli,3F83D@33958|Lactobacillaceae	91061|Bacilli	-	-	-	-	-	-	-	-	-	-	-	-	-	-	-	AIM2.1, IKBKB.1, IKBKB.2, IKBKB.3, IKBKB.4, IRAK1.1, IRAK1.2, IRAK1.3, IRAK1.4, IRAK4.1, IRAK4.2, NAIP.1, NAIP.2, NFKB1.2, NFKBIA.1, NLRC4.1, NLRC4.2, NLRC4.3, NLRC4.4, NLRP1.1, NLRP1.2, NLRP1.3, NLRP1.4, NLRP1.5, NLRP12.1, NLRP12.2, NLRP12.3, NLRP12.4, NLRP12.5, NLRP12.6, NLRP12.7, NLRP3.1, NLRP3.2, NLRP3.3, NLRP3.4, NLRP3.5, NLRP3.6, NLRP6.1, NLRP6.2, RELA.1, RELA.2, RELA.3, RELA.4, TAB2.1, TAB2.2, TLR4.1, TLR4.2, TLR4.3, TRAF6.1	49
PRODB_00536	N	N	Y	La_BCRC_12255_01439	Lactobacillus acidophilus	Response regulator ArlR	Y	272621.LBA1525	2.03E-162	455	COG0745@1|root,COG0745@2|Bacteria,1TS81@1239|Firmicutes,4H9NE@91061|Bacilli,3F421@33958|Lactobacillaceae	91061|Bacilli	K	response regulator	csrR	-	-	-	-	-	-	-	-	-	-	-	Response_reg,Trans_reg_C	NFKB1.2, TAB2.1	2
PRODB_00537	N	N	Y	Lc_lc83_01640	Lactobacillus crispatus	hypothetical protein	Y	272621.LBA0773	1.30E-38	129	COG0636@1|root,COG0636@2|Bacteria,1VEHP@1239|Firmicutes,4HNKQ@91061|Bacilli,3F82A@33958|Lactobacillaceae	91061|Bacilli	C	F(1)F(0) ATP synthase produces ATP from ADP in the presence of a proton or sodium gradient. F-type ATPases consist of two structural domains, F(1) containing the extramembraneous catalytic core and F(0) containing the membrane proton channel, linked together by a central stalk and a peripheral stalk. During catalysis, ATP synthesis in the catalytic domain of F(1) is coupled via a rotary mechanism of the central stalk subunits to proton translocation	atpE	GO:0003674,GO:0003824,GO:0005215,GO:0005575,GO:0005622,GO:0005623,GO:0006139,GO:0006163,GO:0006164,GO:0006725,GO:0006753,GO:0006754,GO:0006793,GO:0006796,GO:0006807,GO:0006810,GO:0006811,GO:0006812,GO:0008150,GO:0008152,GO:0008324,GO:0009058,GO:0009117,GO:0009123,GO:0009124,GO:0009126,GO:0009127,GO:0009141,GO:0009142,GO:0009144,GO:0009145,GO:0009150,GO:0009152,GO:0009156,GO:0009161,GO:0009165,GO:0009167,GO:0009168,GO:0009199,GO:0009201,GO:0009205,GO:0009206,GO:0009259,GO:0009260,GO:0009987,GO:0015075,GO:0015077,GO:0015078,GO:0015318,GO:0015399,GO:0015405,GO:0015672,GO:0015985,GO:0015986,GO:0016020,GO:0016462,GO:0016469,GO:0016787,GO:0016817,GO:0016818,GO:0016887,GO:0017111,GO:0017144,GO:0018130,GO:0019438,GO:0019637,GO:0019693,GO:0019829,GO:0022804,GO:0022853,GO:0022857,GO:0022890,GO:0032991,GO:0033177,GO:0034220,GO:0034641,GO:0034654,GO:0042623,GO:0042625,GO:0042626,GO:0043492,GO:0044237,GO:0044238,GO:0044249,GO:0044271,GO:0044281,GO:0044424,GO:0044425,GO:0044464,GO:0044769,GO:0045259,GO:0045263,GO:0046034,GO:0046390,GO:0046483,GO:0046933,GO:0051179,GO:0051234,GO:0055085,GO:0055086,GO:0071704,GO:0072521,GO:0072522,GO:0090407,GO:0090662,GO:0098655,GO:0098660,GO:0098662,GO:0098796,GO:0099131,GO:0099132,GO:1901135,GO:1901137,GO:1901293,GO:1901360,GO:1901362,GO:1901564,GO:1901566,GO:1901576,GO:1902600	-	ko:K02110	ko00190,ko00195,ko01100,map00190,map00195,map01100	M00157	-	-	ko00000,ko00001,ko00002,ko00194	3.A.2.1	-	-	ATP-synt_C	AIM2.1, IKBKB.1, IKBKB.2, IKBKB.3, IKBKB.4, IRAK1.1, IRAK1.2, IRAK1.3, IRAK1.4, IRAK4.1, IRAK4.2, NAIP.1, NAIP.2, NFKB1.2, NFKBIA.1, NLRC4.1, NLRC4.2, NLRC4.3, NLRC4.4, NLRP1.1, NLRP1.2, NLRP1.3, NLRP1.4, NLRP1.5, NLRP12.1, NLRP12.2, NLRP12.3, NLRP12.4, NLRP12.5, NLRP12.6, NLRP12.7, NLRP3.1, NLRP3.2, NLRP3.3, NLRP3.4, NLRP3.5, NLRP3.6, NLRP6.1, NLRP6.2, RELA.1, RELA.2, RELA.3, RELA.4, TAB2.1, TAB2.2, TLR4.1, TLR4.2, TLR4.3, TRAF6.1	49
PRODB_00538	N	N	Y	La_LA-5_00658	Lactobacillus acidophilus	Peptide chain release factor 3	Y	272621.LBA0636	0.00E+00	1039	COG4108@1|root,COG4108@2|Bacteria,1TPYT@1239|Firmicutes,4HADS@91061|Bacilli,3F489@33958|Lactobacillaceae	91061|Bacilli	J	Increases the formation of ribosomal termination complexes and stimulates activities of RF-1 and RF-2. It binds guanine nucleotides and has strong preference for UGA stop codons. It may interact directly with the ribosome. The stimulation of RF- 1 and RF-2 is significantly reduced by GTP and GDP, but not by GMP	prfC	GO:0003674,GO:0003676,GO:0003723,GO:0003747,GO:0005488,GO:0005575,GO:0005622,GO:0005623,GO:0005737,GO:0005829,GO:0006412,GO:0006415,GO:0006518,GO:0006807,GO:0008079,GO:0008135,GO:0008150,GO:0008152,GO:0009058,GO:0009059,GO:0009987,GO:0010467,GO:0016043,GO:0016150,GO:0019538,GO:0022411,GO:0032984,GO:0034641,GO:0034645,GO:0043043,GO:0043170,GO:0043603,GO:0043604,GO:0043624,GO:0043933,GO:0044237,GO:0044238,GO:0044249,GO:0044260,GO:0044267,GO:0044271,GO:0044424,GO:0044444,GO:0044464,GO:0071704,GO:0071840,GO:0097159,GO:1901363,GO:1901564,GO:1901566,GO:1901576	-	ko:K02837	-	-	-	-	ko00000,ko03012	-	-	-	GTP_EFTU,GTP_EFTU_D2,RF3_C	NFKB1.2	1
PRODB_00539	N	N	Y	Lh_H-9_00124	Lactobacillus helveticus	Redox-sensing transcriptional repressor Rex	Y	405566.lhv_0416	3.97E-149	421	COG2344@1|root,COG2344@2|Bacteria,1TSMR@1239|Firmicutes,4HB7Q@91061|Bacilli,3F40G@33958|Lactobacillaceae	91061|Bacilli	K	Modulates transcription in response to changes in cellular NADH NAD( ) redox state	rex	-	-	ko:K01926	-	-	-	-	ko00000,ko03000	-	-	-	CoA_binding,Put_DNA-bind_N	AIM2.1, IKBKB.3, IRAK1.1, IRAK1.2, IRAK1.3, IRAK1.4, IRAK4.1, NAIP.1, NAIP.2, NFKB1.2, NLRC4.1, NLRC4.2, NLRC4.3, NLRC4.4, NLRP1.1, NLRP1.2, NLRP1.3, NLRP1.4, NLRP12.1, NLRP12.2, NLRP12.5, NLRP12.6, NLRP12.7, NLRP3.1, NLRP3.2, NLRP3.3, NLRP3.4, NLRP3.5, NLRP3.6, RELA.1, RELA.2, RELA.3, RELA.4, TAB2.1, TAB2.2, TLR4.3, TRAF6.1	37
PRODB_00540	N	N	Y	Ld_CIRM_BIA_265_00827	Lactobacillus delbrueckii	50S ribosomal protein L1	Y	353496.LBU_1419	7.07E-155	436	COG0081@1|root,COG0081@2|Bacteria,1TPTS@1239|Firmicutes,4HAK4@91061|Bacilli,3F3VQ@33958|Lactobacillaceae	91061|Bacilli	J	Binds directly to 23S rRNA. The L1 stalk is quite mobile in the ribosome, and is involved in E site tRNA release	rplA	GO:0000470,GO:0003674,GO:0003676,GO:0003723,GO:0005488,GO:0005575,GO:0005622,GO:0005623,GO:0005737,GO:0005829,GO:0005840,GO:0006139,GO:0006364,GO:0006396,GO:0006412,GO:0006518,GO:0006725,GO:0006807,GO:0008150,GO:0008152,GO:0009058,GO:0009059,GO:0009987,GO:0010467,GO:0015934,GO:0016070,GO:0016072,GO:0019538,GO:0022613,GO:0022625,GO:0022626,GO:0032991,GO:0034470,GO:0034641,GO:0034645,GO:0034660,GO:0042254,GO:0042273,GO:0043043,GO:0043170,GO:0043226,GO:0043228,GO:0043229,GO:0043232,GO:0043603,GO:0043604,GO:0044085,GO:0044237,GO:0044238,GO:0044249,GO:0044260,GO:0044267,GO:0044271,GO:0044391,GO:0044422,GO:0044424,GO:0044444,GO:0044445,GO:0044446,GO:0044464,GO:0046483,GO:0071704,GO:0071840,GO:0090304,GO:0097159,GO:1901360,GO:1901363,GO:1901564,GO:1901566,GO:1901576,GO:1990904	-	ko:K02863	ko03010,map03010	M00178,M00179	-	-	br01610,ko00000,ko00001,ko00002,ko03011	-	-	-	Ribosomal_L1	AIM2.1, IRAK1.1, IRAK1.2, NFKB1.2, NLRC4.4, NLRP3.1, NLRP3.5, TAB2.1, TAB2.2	9
PRODB_00541	N	N	Y	Lc_233_S810-bin_1_00734	Lactobacillus crispatus	ATP-dependent Clp protease ATP-binding subunit ClpE	Y	748671.LCRIS_00649	0.00E+00	1346	COG0542@1|root,COG0542@2|Bacteria,1TPMU@1239|Firmicutes,4HA0V@91061|Bacilli,3F3K9@33958|Lactobacillaceae	91061|Bacilli	O	Belongs to the ClpA ClpB family	clpE	-	-	ko:K03697	-	-	-	-	ko00000,ko03110	-	-	-	AAA,AAA_2,ClpB_D2-small,UVR	AIM2.1, IRAK1.1, IRAK1.2, IRAK1.4, NFKB1.2, NLRC4.4, NLRP3.1, NLRP3.2, NLRP3.3, NLRP3.4, NLRP3.5, NLRP3.6, TAB2.1, TAB2.2	14
PRODB_00542	N	N	Y	La_KLDS_1.0901_01606	Lactobacillus acidophilus	Asparagine synthetase [glutamine-hydrolyzing] 1	Y	272621.LBA0158	0.00E+00	1321	COG0367@1|root,COG0367@2|Bacteria,1TRPB@1239|Firmicutes,4HA44@91061|Bacilli,3FB65@33958|Lactobacillaceae	91061|Bacilli	E	Asparagine synthase	asnB	-	6.3.5.4	ko:K01953	ko00250,ko01100,ko01110,map00250,map01100,map01110	-	R00578	RC00010	ko00000,ko00001,ko01000,ko01002	-	-	-	Asn_synthase,GATase_7	AIM2.1, IKBKB.3, IRAK1.1, IRAK1.2, IRAK1.3, IRAK1.4, IRAK4.1, NAIP.1, NAIP.2, NFKB1.2, NLRC4.3, NLRC4.4, NLRP1.2, NLRP12.1, NLRP12.2, NLRP12.3, NLRP12.4, NLRP12.5, NLRP12.6, NLRP12.7, NLRP3.1, NLRP3.2, NLRP3.3, NLRP3.4, NLRP3.5, NLRP3.6, RELA.1, RELA.2, RELA.3, RELA.4, TAB2.1, TAB2.2, TLR4.3, TRAF6.1	34
PRODB_00543	N	N	Y	Ld_11143_01713	Lactobacillus delbrueckii	tRNA N6-adenosine threonylcarbamoyltransferase	Y	353496.LBU_1382	9.22E-245	672	COG0533@1|root,COG0533@2|Bacteria,1TQDR@1239|Firmicutes,4HANB@91061|Bacilli,3F4AX@33958|Lactobacillaceae	91061|Bacilli	J	Required for the formation of a threonylcarbamoyl group on adenosine at position 37 (t(6)A37) in tRNAs that read codons beginning with adenine. Is involved in the transfer of the threonylcarbamoyl moiety of threonylcarbamoyl-AMP (TC-AMP) to the N6 group of A37, together with TsaE and TsaB. TsaD likely plays a direct catalytic role in this reaction	tsaD	GO:0000408,GO:0002949,GO:0005575,GO:0005622,GO:0005623,GO:0006139,GO:0006396,GO:0006399,GO:0006400,GO:0006725,GO:0006807,GO:0008033,GO:0008150,GO:0008152,GO:0009451,GO:0009987,GO:0010467,GO:0016070,GO:0032991,GO:0034470,GO:0034641,GO:0034660,GO:0043170,GO:0043412,GO:0044237,GO:0044238,GO:0044424,GO:0044464,GO:0046483,GO:0070525,GO:0071704,GO:0090304,GO:1901360	2.3.1.234	ko:K01409	-	-	R10648	RC00070,RC00416	ko00000,ko01000,ko03016	-	-	-	Peptidase_M22	IRAK1.1, IRAK1.2, IRAK1.4, NFKB1.2, NFKBIA.1, NLRC4.4, NLRP3.1, NLRP3.2, NLRP3.3, NLRP3.4, NLRP3.5, NLRP3.6, RELA.1, RELA.2, RELA.3, RELA.4, TAB2.1, TAB2.2, TLR4.3	19
PRODB_00544	N	N	Y	Lc_0795_578_1_1_MRS1_S862-bin_1_00254	Lactobacillus crispatus	Peptide chain release factor 1	Y	748671.LCRIS_00761	7.36E-234	646	COG0216@1|root,COG0216@2|Bacteria,1TQ7V@1239|Firmicutes,4H9MB@91061|Bacilli,3F3Q0@33958|Lactobacillaceae	91061|Bacilli	J	Peptide chain release factor 1 directs the termination of translation in response to the peptide chain termination codons UAG and UAA	prfA	-	-	ko:K02835	-	-	-	-	ko00000,ko03012	-	-	-	PCRF,RF-1	AIM2.1, IKBKB.3, IRAK1.1, IRAK1.2, IRAK1.3, IRAK1.4, IRAK4.1, IRAK4.2, NAIP.1, NAIP.2, NFKB1.2, NLRC4.2, NLRC4.3, NLRC4.4, NLRP1.1, NLRP1.2, NLRP1.3, NLRP1.4, NLRP1.5, NLRP12.2, NLRP12.4, NLRP12.5, NLRP3.1, NLRP3.2, NLRP3.3, NLRP3.4, NLRP3.5, NLRP3.6, RELA.1, RELA.2, RELA.3, RELA.4, TAB2.1, TAB2.2, TLR4.3, TRAF6.1	36
PRODB_00545	N	N	Y	Ld_FAM_22680_01778	Lactobacillus delbrueckii	putative ABC transporter ATP-binding protein YheS	Y	353496.LBU_1646	0.00E+00	986	COG0488@1|root,COG0488@2|Bacteria,1TPAX@1239|Firmicutes,4HBVV@91061|Bacilli,3F3QI@33958|Lactobacillaceae	91061|Bacilli	S	ABC transporter, ATP-binding protein	-	-	-	-	-	-	-	-	-	-	-	-	ABC_tran,ABC_tran_Xtn	AIM2.1, IRAK1.1, NFKB1.2, NLRC4.4, RELA.1, RELA.2, RELA.3, RELA.4, TAB2.1, TAB2.2	10
PRODB_00546	N	N	Y	La_AM18-13_01244	Lactobacillus acidophilus	DNA repair protein RadA	Y	272621.LBA0346	0.00E+00	884	COG1066@1|root,COG1066@2|Bacteria,1TQ7Y@1239|Firmicutes,4H9YC@91061|Bacilli,3F3W8@33958|Lactobacillaceae	91061|Bacilli	O	DNA-dependent ATPase involved in processing of recombination intermediates, plays a role in repairing DNA breaks. Stimulates the branch migration of RecA-mediated strand transfer reactions, allowing the 3' invading strand to extend heteroduplex DNA faster. Binds ssDNA in the presence of ADP but not other nucleotides, has ATPase activity that is stimulated by ssDNA and various branched DNA structures, but inhibited by SSB. Does not have RecA's homology-searching function	radA	-	-	ko:K04485	-	-	-	-	ko00000,ko03400	-	-	-	AAA_25,ATPase,ChlI	IRAK1.1, IRAK1.2, IRAK1.3, IRAK1.4, NFKB1.2, NLRC4.4, NLRP3.1, TAB2.1, TAB2.2	9
PRODB_00547	N	N	Y	La_AM104-58_01554	Lactobacillus acidophilus	Ribosome-binding ATPase YchF	Y	272621.LBA1824	4.85E-257	705	COG0012@1|root,COG0012@2|Bacteria,1TPRK@1239|Firmicutes,4H9SQ@91061|Bacilli,3F3TK@33958|Lactobacillaceae	91061|Bacilli	J	ATPase that binds to both the 70S ribosome and the 50S ribosomal subunit in a nucleotide-independent manner	ychF	GO:0003674,GO:0003824,GO:0005575,GO:0005622,GO:0005623,GO:0005737,GO:0016462,GO:0016787,GO:0016817,GO:0016818,GO:0016887,GO:0017111,GO:0044424,GO:0044464	-	ko:K06942	-	-	-	-	ko00000,ko03009	-	-	-	MMR_HSR1,YchF-GTPase_C		0
PRODB_00548	N	N	Y	Lj_117q_01791	Lactobacillus johnsonii	Glucose-6-phosphate isomerase	Y	257314.LJ_0924	0.00E+00	895	COG0166@1|root,COG0166@2|Bacteria,1TP29@1239|Firmicutes,4H9VI@91061|Bacilli,3F3XK@33958|Lactobacillaceae	91061|Bacilli	G	Belongs to the GPI family	pgi	GO:0003674,GO:0003824,GO:0004347,GO:0005575,GO:0005622,GO:0005623,GO:0005737,GO:0005975,GO:0005996,GO:0006006,GO:0006082,GO:0006090,GO:0006091,GO:0006094,GO:0006096,GO:0006139,GO:0006163,GO:0006164,GO:0006165,GO:0006725,GO:0006732,GO:0006733,GO:0006753,GO:0006754,GO:0006757,GO:0006793,GO:0006796,GO:0006807,GO:0008150,GO:0008152,GO:0009056,GO:0009058,GO:0009108,GO:0009117,GO:0009123,GO:0009124,GO:0009126,GO:0009127,GO:0009132,GO:0009135,GO:0009141,GO:0009142,GO:0009144,GO:0009145,GO:0009150,GO:0009152,GO:0009156,GO:0009161,GO:0009165,GO:0009166,GO:0009167,GO:0009168,GO:0009179,GO:0009185,GO:0009199,GO:0009201,GO:0009205,GO:0009206,GO:0009259,GO:0009260,GO:0009987,GO:0016051,GO:0016052,GO:0016053,GO:0016310,GO:0016853,GO:0016860,GO:0016861,GO:0017144,GO:0018130,GO:0019318,GO:0019319,GO:0019359,GO:0019362,GO:0019363,GO:0019438,GO:0019439,GO:0019637,GO:0019693,GO:0019752,GO:0032787,GO:0034404,GO:0034641,GO:0034654,GO:0034655,GO:0042866,GO:0043436,GO:0044237,GO:0044238,GO:0044248,GO:0044249,GO:0044270,GO:0044271,GO:0044281,GO:0044283,GO:0044424,GO:0044464,GO:0046031,GO:0046034,GO:0046364,GO:0046390,GO:0046394,GO:0046434,GO:0046483,GO:0046496,GO:0046700,GO:0046939,GO:0051186,GO:0051188,GO:0055086,GO:0071704,GO:0072330,GO:0072521,GO:0072522,GO:0072524,GO:0072525,GO:0090407,GO:1901135,GO:1901137,GO:1901292,GO:1901293,GO:1901360,GO:1901361,GO:1901362,GO:1901564,GO:1901566,GO:1901575,GO:1901576	5.3.1.9	ko:K01810	ko00010,ko00030,ko00500,ko00520,ko01100,ko01110,ko01120,ko01130,ko01200,map00010,map00030,map00500,map00520,map01100,map01110,map01120,map01130,map01200	M00001,M00004,M00114	R02739,R02740,R03321	RC00376,RC00563	ko00000,ko00001,ko00002,ko01000,ko04147	-	-	-	PGI		0
PRODB_00549	N	N	Y	Lc_C0020A2_01283	Lactobacillus crispatus	putative tRNA sulfurtransferase	Y	748671.LCRIS_00785	2.16E-282	773	COG0301@1|root,COG0301@2|Bacteria,1TPNW@1239|Firmicutes,4HAV9@91061|Bacilli,3F3N0@33958|Lactobacillaceae	91061|Bacilli	H	Catalyzes the ATP-dependent transfer of a sulfur to tRNA to produce 4-thiouridine in position 8 of tRNAs, which functions as a near-UV photosensor. Also catalyzes the transfer of sulfur to the sulfur carrier protein ThiS, forming ThiS-thiocarboxylate. This is a step in the synthesis of thiazole, in the thiamine biosynthesis pathway. The sulfur is donated as persulfide by IscS	thiI	-	2.8.1.4	ko:K03151	ko00730,ko01100,ko04122,map00730,map01100,map04122	-	R07461	-	ko00000,ko00001,ko01000,ko03016	-	-	-	THUMP,ThiI	AIM2.1, IRAK1.1, IRAK1.2, IRAK1.3, NFKB1.2, NLRC4.3, NLRC4.4, NLRP1.1, NLRP1.2, NLRP1.4, NLRP3.1, NLRP3.2, NLRP3.3, NLRP3.4, NLRP3.5, NLRP3.6, RELA.1, RELA.2, RELA.4, TAB2.1, TAB2.2, TLR4.3	22
PRODB_00550	N	N	Y	La_DS24_1_00833	Lactobacillus acidophilus	Phosphoglycerate kinase	Y	272621.LBA0699	3.33E-285	780	COG0126@1|root,COG0126@2|Bacteria,1TP3H@1239|Firmicutes,4H9R3@91061|Bacilli,3F3SC@33958|Lactobacillaceae	91061|Bacilli	F	Belongs to the phosphoglycerate kinase family	pgk	GO:0001871,GO:0002020,GO:0003674,GO:0003824,GO:0004618,GO:0005488,GO:0005515,GO:0005575,GO:0005618,GO:0005622,GO:0005623,GO:0005737,GO:0005975,GO:0006082,GO:0006090,GO:0006091,GO:0006096,GO:0006139,GO:0006163,GO:0006164,GO:0006165,GO:0006725,GO:0006732,GO:0006733,GO:0006753,GO:0006754,GO:0006757,GO:0006793,GO:0006796,GO:0006807,GO:0008150,GO:0008152,GO:0009056,GO:0009058,GO:0009108,GO:0009117,GO:0009123,GO:0009124,GO:0009126,GO:0009127,GO:0009132,GO:0009135,GO:0009141,GO:0009142,GO:0009144,GO:0009145,GO:0009150,GO:0009152,GO:0009156,GO:0009161,GO:0009165,GO:0009166,GO:0009167,GO:0009168,GO:0009179,GO:0009185,GO:0009199,GO:0009201,GO:0009205,GO:0009206,GO:0009259,GO:0009260,GO:0009893,GO:0009986,GO:0009987,GO:0010468,GO:0010604,GO:0010628,GO:0010755,GO:0010756,GO:0010954,GO:0016052,GO:0016053,GO:0016301,GO:0016310,GO:0016740,GO:0016772,GO:0016774,GO:0017144,GO:0018130,GO:0019222,GO:0019359,GO:0019362,GO:0019363,GO:0019438,GO:0019439,GO:0019637,GO:0019693,GO:0019752,GO:0019899,GO:0030162,GO:0030193,GO:0030195,GO:0030246,GO:0030247,GO:0030312,GO:0031323,GO:0031325,GO:0032101,GO:0032102,GO:0032268,GO:0032270,GO:0032787,GO:0034404,GO:0034641,GO:0034654,GO:0034655,GO:0042866,GO:0043436,GO:0043532,GO:0044237,GO:0044238,GO:0044248,GO:0044249,GO:0044270,GO:0044271,GO:0044281,GO:0044283,GO:0044424,GO:0044464,GO:0045862,GO:0046031,GO:0046034,GO:0046390,GO:0046394,GO:0046434,GO:0046483,GO:0046496,GO:0046700,GO:0046939,GO:0048518,GO:0048519,GO:0048522,GO:0048583,GO:0048585,GO:0050789,GO:0050794,GO:0050818,GO:0050819,GO:0050878,GO:0051171,GO:0051173,GO:0051186,GO:0051188,GO:0051239,GO:0051241,GO:0051246,GO:0051247,GO:0051917,GO:0051919,GO:0055086,GO:0060255,GO:0061041,GO:0061045,GO:0065007,GO:0065008,GO:0070613,GO:0071704,GO:0071944,GO:0072330,GO:0072521,GO:0072522,GO:0072524,GO:0072525,GO:0080090,GO:0080134,GO:0090407,GO:1900046,GO:1900047,GO:1901135,GO:1901137,GO:1901292,GO:1901293,GO:1901360,GO:1901361,GO:1901362,GO:1901564,GO:1901566,GO:1901575,GO:1901576,GO:1903034,GO:1903035,GO:1903317,GO:1903319,GO:2001065	2.7.2.3	ko:K00927	ko00010,ko00710,ko01100,ko01110,ko01120,ko01130,ko01200,ko01230,map00010,map00710,map01100,map01110,map01120,map01130,map01200,map01230	M00001,M00002,M00003,M00165,M00166,M00308,M00552	R01512	RC00002,RC00043	ko00000,ko00001,ko00002,ko01000,ko04147	-	-	iSB619.SA_RS04145	PGK	NFKB1.2	1
PRODB_00551	N	N	Y	Ld_CIRM_BIA_1374_00017	Lactobacillus delbrueckii	putative transcriptional regulatory protein	Y	353496.LBU_0573	1.33E-164	461	COG0217@1|root,COG0217@2|Bacteria,1TPP5@1239|Firmicutes,4H9WJ@91061|Bacilli,3F4WF@33958|Lactobacillaceae	91061|Bacilli	K	Transcriptional regulatory protein	yebC	GO:0005575,GO:0005622,GO:0005623,GO:0005737,GO:0005829,GO:0044424,GO:0044444,GO:0044464	-	-	-	-	-	-	-	-	-	-	Transcrip_reg	AIM2.1, IKBKB.1, IKBKB.2, IKBKB.3, IKBKB.4, IRAK1.1, IRAK1.2, IRAK1.3, IRAK1.4, IRAK4.1, IRAK4.2, NAIP.1, NAIP.2, NFKB1.2, NFKBIA.1, NLRC4.1, NLRC4.2, NLRC4.3, NLRC4.4, NLRP1.1, NLRP1.2, NLRP1.3, NLRP1.4, NLRP1.5, NLRP12.1, NLRP12.2, NLRP12.3, NLRP12.4, NLRP12.5, NLRP12.6, NLRP12.7, NLRP3.1, NLRP3.2, NLRP3.3, NLRP3.4, NLRP3.5, NLRP3.6, NLRP6.1, NLRP6.2, RELA.1, RELA.2, RELA.3, RELA.4, TAB2.1, TAB2.2, TLR4.1, TLR4.2, TLR4.3, TRAF6.1	49
PRODB_00552	N	N	Y	La_ATCC_4796_00995	Lactobacillus acidophilus	Methionine aminopeptidase 1	Y	272621.LBA0623	3.48E-211	582	COG0024@1|root,COG0024@2|Bacteria,1TQC1@1239|Firmicutes,4H9S9@91061|Bacilli,3F3MK@33958|Lactobacillaceae	91061|Bacilli	E	Methionine Aminopeptidase	map	-	3.4.11.18	ko:K01265	-	-	-	-	ko00000,ko01000,ko01002	-	-	-	Peptidase_M24	AIM2.1, IKBKB.3, IRAK1.1, IRAK1.2, IRAK1.3, IRAK1.4, IRAK4.1, NAIP.1, NAIP.2, NFKB1.2, NFKBIA.1, NLRC4.3, NLRC4.4, NLRP1.1, NLRP1.2, NLRP1.3, NLRP1.4, NLRP1.5, NLRP12.2, NLRP12.4, NLRP12.5, NLRP12.6, NLRP3.1, NLRP3.2, NLRP3.3, NLRP3.4, NLRP3.5, NLRP3.6, RELA.1, RELA.2, RELA.3, RELA.4, TAB2.1, TAB2.2, TLR4.3	35
PRODB_00553	N	N	Y	Lh_IMAU30044_00763	Lactobacillus helveticus	Aspartate racemase	Y	405566.lhv_1852	4.22E-185	514	COG1794@1|root,COG1794@2|Bacteria,1TQ6M@1239|Firmicutes,4HR12@91061|Bacilli,3FCEP@33958|Lactobacillaceae	91061|Bacilli	M	Belongs to the aspartate glutamate racemases family	racD	-	5.1.1.13	ko:K01779	ko00250,ko01054,map00250,map01054	-	R00491	RC00302	ko00000,ko00001,ko01000	-	-	-	Asp_Glu_race	AIM2.1, IKBKB.3, IRAK1.1, IRAK1.2, IRAK1.3, IRAK1.4, IRAK4.1, IRAK4.2, NAIP.1, NAIP.2, NFKB1.2, NFKBIA.1, NLRC4.1, NLRC4.2, NLRC4.3, NLRC4.4, NLRP1.1, NLRP1.2, NLRP1.3, NLRP1.4, NLRP1.5, NLRP12.1, NLRP12.2, NLRP12.3, NLRP12.4, NLRP12.5, NLRP12.6, NLRP12.7, NLRP3.1, NLRP3.2, NLRP3.3, NLRP3.4, NLRP3.5, NLRP3.6, NLRP6.1, NLRP6.2, RELA.1, RELA.2, RELA.3, RELA.4, TAB2.1, TAB2.2, TLR4.1, TLR4.2, TLR4.3, TRAF6.1	46
PRODB_00554	N	N	Y	Ld_FAM_12109_00599	Lactobacillus delbrueckii	NH(3)-dependent NAD(+) synthetase	Y	353496.LBU_0375	7.09E-185	515	COG0171@1|root,COG0171@2|Bacteria,1TQ38@1239|Firmicutes,4HA2R@91061|Bacilli,3F43Z@33958|Lactobacillaceae	91061|Bacilli	F	Catalyzes the ATP-dependent amidation of deamido-NAD to form NAD. Uses ammonia as a nitrogen source	nadE	GO:0003674,GO:0003824,GO:0005575,GO:0005622,GO:0005623,GO:0005737,GO:0006139,GO:0006725,GO:0006732,GO:0006733,GO:0006753,GO:0006793,GO:0006796,GO:0006807,GO:0008150,GO:0008152,GO:0008795,GO:0009058,GO:0009108,GO:0009117,GO:0009165,GO:0009435,GO:0009987,GO:0016874,GO:0016879,GO:0016880,GO:0018130,GO:0019359,GO:0019362,GO:0019363,GO:0019438,GO:0019637,GO:0019674,GO:0034641,GO:0034654,GO:0044237,GO:0044238,GO:0044249,GO:0044271,GO:0044281,GO:0044424,GO:0044464,GO:0046483,GO:0046496,GO:0051186,GO:0051188,GO:0055086,GO:0071704,GO:0072524,GO:0072525,GO:0090407,GO:1901293,GO:1901360,GO:1901362,GO:1901564,GO:1901566,GO:1901576	6.3.1.5	ko:K01916	ko00760,ko01100,map00760,map01100	M00115	R00189	RC00100	ko00000,ko00001,ko00002,ko01000	-	-	-	NAD_synthase	AIM2.1, IRAK1.1, IRAK1.2, IRAK1.3, IRAK1.4, IRAK4.1, IRAK4.2, NAIP.1, NAIP.2, NFKB1.2, NFKBIA.1, NLRC4.1, NLRC4.2, NLRC4.3, NLRC4.4, NLRP1.1, NLRP1.2, NLRP1.3, NLRP1.4, NLRP1.5, NLRP12.1, NLRP12.2, NLRP12.3, NLRP12.4, NLRP12.5, NLRP12.6, NLRP12.7, NLRP3.1, NLRP3.2, NLRP3.3, NLRP3.4, NLRP3.5, NLRP3.6, RELA.1, RELA.2, RELA.3, RELA.4, TAB2.1, TAB2.2, TLR4.3, TRAF6.1	41
PRODB_00555	N	N	Y	La_BA05_00472	Lactobacillus acidophilus	30S ribosomal protein S4	Y	272621.LBA0786	8.80E-142	400	COG0522@1|root,COG0522@2|Bacteria,1TR0J@1239|Firmicutes,4HAC9@91061|Bacilli,3F3P0@33958|Lactobacillaceae	91061|Bacilli	J	One of the primary rRNA binding proteins, it binds directly to 16S rRNA where it nucleates assembly of the body of the 30S subunit	rpsD	GO:0003674,GO:0003676,GO:0003723,GO:0003735,GO:0005198,GO:0005488,GO:0005575,GO:0005622,GO:0005623,GO:0005737,GO:0005840,GO:0006417,GO:0006450,GO:0008150,GO:0009889,GO:0009891,GO:0009893,GO:0010468,GO:0010556,GO:0010557,GO:0010604,GO:0010608,GO:0010628,GO:0015935,GO:0019222,GO:0019843,GO:0031323,GO:0031325,GO:0031326,GO:0031328,GO:0032268,GO:0032270,GO:0032991,GO:0034248,GO:0034250,GO:0043226,GO:0043228,GO:0043229,GO:0043232,GO:0044391,GO:0044422,GO:0044424,GO:0044444,GO:0044446,GO:0044464,GO:0045727,GO:0045903,GO:0048518,GO:0048522,GO:0050789,GO:0050794,GO:0051171,GO:0051173,GO:0051246,GO:0051247,GO:0060255,GO:0065007,GO:0065008,GO:0080090,GO:0097159,GO:1901363,GO:1990904,GO:2000112	-	ko:K02986	ko03010,map03010	M00178,M00179	-	-	br01610,ko00000,ko00001,ko00002,ko03011	-	-	-	Ribosomal_S4,S4	AIM2.1, IRAK1.1, IRAK1.2, IRAK1.3, IRAK1.4, NFKB1.2, NFKBIA.1, NLRC4.3, NLRC4.4, NLRP1.1, NLRP1.2, NLRP12.2, NLRP12.5, NLRP12.6, NLRP3.1, NLRP3.2, NLRP3.3, NLRP3.4, NLRP3.5, NLRP3.6, RELA.1, RELA.2, RELA.3, RELA.4, TAB2.1, TAB2.2, TRAF6.1	27
PRODB_00556	N	N	Y	Ld_A4_01353	Lactobacillus delbrueckii	50S ribosomal protein L31 type B	Y	1293597.BN147_05085	1.28E-54	170	COG0254@1|root,COG0254@2|Bacteria,1VEGU@1239|Firmicutes,4HNQF@91061|Bacilli,3FCDM@33958|Lactobacillaceae	91061|Bacilli	J	Ribosomal protein L31	rpmE	-	-	ko:K02909	ko03010,map03010	M00178	-	-	br01610,ko00000,ko00001,ko00002,ko03011	-	-	-	Ribosomal_L31	AIM2.1, IKBKB.1, IKBKB.2, IKBKB.3, IKBKB.4, IRAK1.1, IRAK1.2, IRAK1.3, IRAK1.4, IRAK4.1, IRAK4.2, NAIP.1, NAIP.2, NFKB1.2, NFKBIA.1, NLRC4.1, NLRC4.2, NLRC4.3, NLRC4.4, NLRP1.1, NLRP1.2, NLRP1.3, NLRP1.4, NLRP1.5, NLRP12.1, NLRP12.2, NLRP12.3, NLRP12.4, NLRP12.5, NLRP12.6, NLRP12.7, NLRP3.1, NLRP3.2, NLRP3.3, NLRP3.4, NLRP3.5, NLRP3.6, NLRP6.1, NLRP6.2, RELA.1, RELA.2, RELA.3, RELA.4, TAB2.1, TAB2.2, TLR4.1, TLR4.2, TLR4.3, TRAF6.1	49
PRODB_00557	N	N	Y	Lh_LZ-R-5_01827	Lactobacillus helveticus	Phosphoenolpyruvate-protein phosphotransferase	Y	326425.lhe_0657	0.00E+00	1078	COG1080@1|root,COG1080@2|Bacteria,1TPK8@1239|Firmicutes,4H9VD@91061|Bacilli,3F3MS@33958|Lactobacillaceae	91061|Bacilli	G	General (non sugar-specific) component of the phosphoenolpyruvate-dependent sugar phosphotransferase system (sugar PTS). This major carbohydrate active-transport system catalyzes the phosphorylation of incoming sugar substrates concomitantly with their translocation across the cell membrane. Enzyme I transfers the phosphoryl group from phosphoenolpyruvate (PEP) to the phosphoryl carrier protein (HPr)	ptsI	GO:0006810,GO:0008150,GO:0008643,GO:0009401,GO:0051179,GO:0051234,GO:0071702	2.7.3.9	ko:K08483	ko02060,map02060	-	-	-	ko00000,ko00001,ko01000,ko02000	8.A.7	-	-	PEP-utilisers_N,PEP-utilizers,PEP-utilizers_C	AIM2.1, IRAK1.1, IRAK1.2, IRAK1.3, IRAK1.4, IRAK4.1, NFKB1.2, NLRC4.3, NLRC4.4, NLRP1.1, NLRP1.2, NLRP1.4, NLRP12.2, NLRP12.5, NLRP3.1, NLRP3.2, NLRP3.3, NLRP3.4, NLRP3.5, NLRP3.6, RELA.1, RELA.2, RELA.3, RELA.4, TAB2.1, TAB2.2	26
PRODB_00558	N	N	Y	Lj_AM77-01b14_01215	Lactobacillus johnsonii	Putative universal stress protein	Y	257314.LJ_0128	1.00E-112	323	COG0589@1|root,COG0589@2|Bacteria,1VEJR@1239|Firmicutes,4HNHG@91061|Bacilli,3F4Z0@33958|Lactobacillaceae	91061|Bacilli	T	universal stress protein	usp5	-	-	-	-	-	-	-	-	-	-	-	Usp	AIM2.1, IKBKB.2, IKBKB.3, IKBKB.4, IRAK1.1, IRAK1.2, IRAK1.3, IRAK1.4, IRAK4.1, IRAK4.2, NAIP.1, NAIP.2, NFKB1.2, NFKBIA.1, NLRC4.1, NLRC4.2, NLRC4.3, NLRC4.4, NLRP1.1, NLRP1.2, NLRP1.3, NLRP1.4, NLRP1.5, NLRP12.1, NLRP12.2, NLRP12.3, NLRP12.4, NLRP12.5, NLRP12.6, NLRP12.7, NLRP3.1, NLRP3.2, NLRP3.3, NLRP3.4, NLRP3.5, NLRP3.6, NLRP6.1, NLRP6.2, RELA.1, RELA.2, RELA.3, RELA.4, TAB2.1, TAB2.2, TLR4.1, TLR4.2, TLR4.3, TRAF6.1	48
PRODB_00559	N	N	Y	Lh_IMAU30035_01802	Lactobacillus helveticus	Proline iminopeptidase	Y	1423748.BALB01000015_gene1369	5.03E-226	622	COG2267@1|root,COG2267@2|Bacteria,1UEDT@1239|Firmicutes,4HF61@91061|Bacilli,3F47H@33958|Lactobacillaceae	91061|Bacilli	E	Releases the N-terminal proline from various substrates	pepR	-	3.4.11.5	ko:K01259	ko00330,map00330	-	R00135	-	ko00000,ko00001,ko01000,ko01002	-	-	-	Abhydrolase_1	AIM2.1, IRAK1.1, IRAK1.2, IRAK1.3, IRAK1.4, NFKB1.2, NFKBIA.1, NLRC4.4, NLRP1.1, NLRP1.2, NLRP1.3, NLRP1.4, NLRP1.5, NLRP12.5, NLRP3.1, NLRP3.2, NLRP3.3, NLRP3.4, NLRP3.5, NLRP3.6, RELA.1, RELA.2, RELA.4, TAB2.1, TAB2.2, TRAF6.1	26
PRODB_00560	N	N	Y	Ld_CIRM_BIA_1581_00615	Lactobacillus delbrueckii	Glutamate--tRNA ligase	Y	353496.LBU_1438	0.00E+00	994	COG0008@1|root,COG0008@2|Bacteria,1TPJC@1239|Firmicutes,4HAKH@91061|Bacilli,3F3PR@33958|Lactobacillaceae	91061|Bacilli	J	Catalyzes the attachment of glutamate to tRNA(Glu) in a two-step reaction glutamate is first activated by ATP to form Glu-AMP and then transferred to the acceptor end of tRNA(Glu)	gltX	GO:0001871,GO:0003674,GO:0005488,GO:0005575,GO:0005623,GO:0009986,GO:0030246,GO:0030247,GO:0044464,GO:2001065	6.1.1.24	ko:K09698	ko00970,ko01100,map00970,map01100	M00360	R03651,R05578	RC00055,RC00523	ko00000,ko00001,ko00002,ko01000,ko01007,ko03016	-	-	iSB619.SA_RS02860	tRNA-synt_1c	IRAK1.1, IRAK1.2, NFKB1.2, NLRP3.1, TAB2.1, TAB2.2	6
PRODB_00561	N	N	Y	Lh_IMAU50022_00030	Lactobacillus helveticus	Trigger factor	Y	1423748.BALB01000001_gene4	5.43E-270	744	COG0544@1|root,COG0544@2|Bacteria,1TQQ8@1239|Firmicutes,4H9Q8@91061|Bacilli,3F40B@33958|Lactobacillaceae	91061|Bacilli	D	Involved in protein export. Acts as a chaperone by maintaining the newly synthesized protein in an open conformation. Functions as a peptidyl-prolyl cis-trans isomerase	tig	GO:0005575,GO:0005622,GO:0005623,GO:0005737,GO:0044424,GO:0044464	-	ko:K03545	-	-	-	-	ko00000	-	-	-	FKBP_C,Trigger_C,Trigger_N	AIM2.1, IRAK1.1, IRAK1.2, IRAK1.4, NAIP.1, NFKB1.2, NFKBIA.1, NLRC4.3, NLRC4.4, NLRP12.5, NLRP3.1, NLRP3.2, NLRP3.3, NLRP3.4, NLRP3.5, NLRP3.6, TAB2.1, TAB2.2	18
PRODB_00562	N	N	Y	Ld_SW-B10_00203	Lactobacillus delbrueckii	Ribose-phosphate pyrophosphokinase	Y	390333.Ldb0180	8.39E-231	636	COG0462@1|root,COG0462@2|Bacteria,1TQ6Q@1239|Firmicutes,4HB61@91061|Bacilli,3F3V8@33958|Lactobacillaceae	91061|Bacilli	F	Involved in the biosynthesis of the central metabolite phospho-alpha-D-ribosyl-1-pyrophosphate (PRPP) via the transfer of pyrophosphoryl group from ATP to 1-hydroxyl of ribose-5-phosphate (Rib-5-P)	prs2	-	2.7.6.1	ko:K00948	ko00030,ko00230,ko01100,ko01110,ko01120,ko01130,ko01200,ko01230,map00030,map00230,map01100,map01110,map01120,map01130,map01200,map01230	M00005	R01049	RC00002,RC00078	ko00000,ko00001,ko00002,ko01000	-	-	-	Pribosyl_synth,Pribosyltran_N		0
PRODB_00563	N	N	Y	La_APC2845_00373	Lactobacillus acidophilus	Peptide deformylase 2	Y	272621.LBA0830	1.46E-130	370	COG0242@1|root,COG0242@2|Bacteria,1V70B@1239|Firmicutes,4HH0G@91061|Bacilli,3F3YH@33958|Lactobacillaceae	91061|Bacilli	J	Removes the formyl group from the N-terminal Met of newly synthesized proteins. Requires at least a dipeptide for an efficient rate of reaction. N-terminal L-methionine is a prerequisite for activity but the enzyme has broad specificity at other positions	def	GO:0003674,GO:0003824,GO:0006464,GO:0006807,GO:0008150,GO:0008152,GO:0009987,GO:0016787,GO:0016810,GO:0016811,GO:0018193,GO:0018206,GO:0019538,GO:0031365,GO:0036211,GO:0042586,GO:0043170,GO:0043412,GO:0043686,GO:0044237,GO:0044238,GO:0044260,GO:0044267,GO:0071704,GO:1901564	3.5.1.88	ko:K01462	-	-	-	-	ko00000,ko01000	-	-	-	Pep_deformylase	AIM2.1, IRAK1.1, IRAK1.2, IRAK1.4, NAIP.1, NAIP.2, NFKB1.2, NLRC4.4, NLRP12.2, NLRP3.1, NLRP3.3, NLRP3.5, NLRP3.6, RELA.1, RELA.2, RELA.3, RELA.4, TAB2.1, TAB2.2, TLR4.3	20
PRODB_00564	N	N	Y	La_AM102-83_00112	Lactobacillus acidophilus	Pyruvate kinase	Y	272621.LBA0957	0.00E+00	1130	COG0469@1|root,COG0469@2|Bacteria,1TPGG@1239|Firmicutes,4H9VY@91061|Bacilli,3F3JU@33958|Lactobacillaceae	91061|Bacilli	G	Belongs to the pyruvate kinase family	pyk	GO:0003674,GO:0003824,GO:0004743,GO:0005575,GO:0005622,GO:0005623,GO:0005737,GO:0005829,GO:0005975,GO:0006082,GO:0006090,GO:0006091,GO:0006096,GO:0006139,GO:0006163,GO:0006164,GO:0006165,GO:0006725,GO:0006732,GO:0006733,GO:0006753,GO:0006754,GO:0006757,GO:0006793,GO:0006796,GO:0006807,GO:0008150,GO:0008152,GO:0009056,GO:0009058,GO:0009108,GO:0009117,GO:0009123,GO:0009124,GO:0009126,GO:0009127,GO:0009132,GO:0009135,GO:0009141,GO:0009142,GO:0009144,GO:0009145,GO:0009150,GO:0009152,GO:0009156,GO:0009161,GO:0009165,GO:0009166,GO:0009167,GO:0009168,GO:0009179,GO:0009185,GO:0009199,GO:0009201,GO:0009205,GO:0009206,GO:0009259,GO:0009260,GO:0009987,GO:0016052,GO:0016053,GO:0016310,GO:0016740,GO:0016772,GO:0016773,GO:0017144,GO:0018130,GO:0019359,GO:0019362,GO:0019363,GO:0019438,GO:0019439,GO:0019637,GO:0019693,GO:0019752,GO:0032787,GO:0034404,GO:0034641,GO:0034654,GO:0034655,GO:0042866,GO:0043436,GO:0044237,GO:0044238,GO:0044248,GO:0044249,GO:0044270,GO:0044271,GO:0044281,GO:0044283,GO:0044424,GO:0044444,GO:0044464,GO:0046031,GO:0046034,GO:0046390,GO:0046394,GO:0046434,GO:0046483,GO:0046496,GO:0046700,GO:0046939,GO:0051186,GO:0051188,GO:0055086,GO:0071704,GO:0072330,GO:0072521,GO:0072522,GO:0072524,GO:0072525,GO:0090407,GO:1901135,GO:1901137,GO:1901292,GO:1901293,GO:1901360,GO:1901361,GO:1901362,GO:1901564,GO:1901566,GO:1901575,GO:1901576	2.7.1.40	ko:K00873	ko00010,ko00230,ko00620,ko01100,ko01110,ko01120,ko01130,ko01200,ko01230,ko04922,ko04930,ko05165,ko05203,ko05230,map00010,map00230,map00620,map01100,map01110,map01120,map01130,map01200,map01230,map04922,map04930,map05165,map05203,map05230	M00001,M00002,M00049,M00050	R00200,R00430,R01138,R01858,R02320	RC00002,RC00015	ko00000,ko00001,ko00002,ko01000,ko04131,ko04147	-	-	-	PEP-utilizers,PK,PK_C	IRAK1.1, IRAK1.2, NFKB1.2, NLRC4.3, NLRC4.4, NLRP12.5, NLRP3.1, NLRP3.3, NLRP3.4, NLRP3.5, NLRP3.6, RELA.1, RELA.2, RELA.3, RELA.4, TAB2.1, TAB2.2	17
PRODB_00565	N	N	Y	Ld_CIRM-BIA_313_00163	Lactobacillus delbrueckii	GTP-binding protein TypA/BipA	Y	390333.Ldb0763	0.00E+00	1191	COG1217@1|root,COG1217@2|Bacteria,1TQ5Y@1239|Firmicutes,4HAQ6@91061|Bacilli,3F3UK@33958|Lactobacillaceae	91061|Bacilli	T	GTP-binding protein TypA	typA	-	-	ko:K06207	-	-	-	-	ko00000	-	-	-	EFG_C,EFG_II,GTP_EFTU,GTP_EFTU_D2	IKBKB.3, IRAK1.1, IRAK1.2, IRAK1.3, IRAK1.4, IRAK4.1, NFKB1.2, NLRC4.4, NLRP12.5, NLRP12.6, NLRP3.1, NLRP3.2, NLRP3.3, NLRP3.4, NLRP3.5, NLRP3.6, RELA.1, RELA.2, RELA.3, RELA.4, TAB2.1, TAB2.2	22
PRODB_00566	N	N	Y	La_KLDS_1.0901_01272	Lactobacillus acidophilus	Uracil-DNA glycosylase	Y	272621.LBA0703	8.11E-175	486	COG0692@1|root,COG0692@2|Bacteria,1TPSN@1239|Firmicutes,4HBTR@91061|Bacilli,3F3W0@33958|Lactobacillaceae	91061|Bacilli	L	Excises uracil residues from the DNA which can arise as a result of misincorporation of dUMP residues by DNA polymerase or due to deamination of cytosine	ung	GO:0003674,GO:0003824,GO:0004844,GO:0006139,GO:0006259,GO:0006281,GO:0006284,GO:0006285,GO:0006725,GO:0006807,GO:0006950,GO:0006974,GO:0008150,GO:0008152,GO:0009987,GO:0016787,GO:0016798,GO:0016799,GO:0019104,GO:0033554,GO:0034641,GO:0043170,GO:0044237,GO:0044238,GO:0044260,GO:0046483,GO:0050896,GO:0051716,GO:0071704,GO:0090304,GO:0097506,GO:0097510,GO:0140097,GO:1901360	3.2.2.27	ko:K03648	ko03410,ko05340,map03410,map05340	-	-	-	ko00000,ko00001,ko01000,ko03400	-	-	-	UDG	AIM2.1, IKBKB.1, IKBKB.2, IKBKB.3, IKBKB.4, IRAK1.1, IRAK1.2, IRAK1.3, IRAK1.4, IRAK4.1, IRAK4.2, NAIP.1, NAIP.2, NFKB1.2, NFKBIA.1, NLRC4.1, NLRC4.2, NLRC4.3, NLRC4.4, NLRP1.1, NLRP1.2, NLRP1.3, NLRP1.4, NLRP1.5, NLRP12.1, NLRP12.2, NLRP12.3, NLRP12.4, NLRP12.5, NLRP12.6, NLRP12.7, NLRP3.1, NLRP3.2, NLRP3.3, NLRP3.4, NLRP3.5, NLRP3.6, NLRP6.1, NLRP6.2, RELA.1, RELA.2, RELA.3, RELA.4, TAB2.1, TAB2.2, TLR4.1, TLR4.2, TLR4.3, TRAF6.1	49
PRODB_00567	N	N	Y	Ld_FAM_24849_00760	Lactobacillus delbrueckii	Aspartyl/glutamyl-tRNA(Asn/Gln) amidotransferase subunit B	Y	353496.LBU_0388	0.00E+00	942	COG0064@1|root,COG0064@2|Bacteria,1TPG3@1239|Firmicutes,4HAFB@91061|Bacilli,3F44H@33958|Lactobacillaceae	91061|Bacilli	J	Allows the formation of correctly charged Asn-tRNA(Asn) or Gln-tRNA(Gln) through the transamidation of misacylated Asp- tRNA(Asn) or Glu-tRNA(Gln) in organisms which lack either or both of asparaginyl-tRNA or glutaminyl-tRNA synthetases. The reaction takes place in the presence of glutamine and ATP through an activated phospho-Asp-tRNA(Asn) or phospho-Glu-tRNA(Gln)	gatB	GO:0003674,GO:0003824,GO:0006082,GO:0006139,GO:0006399,GO:0006520,GO:0006725,GO:0006807,GO:0008150,GO:0008152,GO:0009987,GO:0016070,GO:0016874,GO:0016879,GO:0016884,GO:0019752,GO:0034641,GO:0034660,GO:0043038,GO:0043039,GO:0043170,GO:0043436,GO:0044237,GO:0044238,GO:0044281,GO:0046483,GO:0050567,GO:0070681,GO:0071704,GO:0090304,GO:0140098,GO:0140101,GO:1901360,GO:1901564	6.3.5.6,6.3.5.7	ko:K02434	ko00970,ko01100,map00970,map01100	-	R03905,R04212	RC00010	ko00000,ko00001,ko01000,ko03029	-	-	-	GatB_N,GatB_Yqey	AIM2.1, IRAK1.1, IRAK1.2, IRAK1.3, IRAK1.4, NFKB1.2, NLRC4.3, NLRC4.4, NLRP1.1, NLRP1.4, NLRP12.5, NLRP3.1, NLRP3.2, NLRP3.3, NLRP3.4, NLRP3.5, NLRP3.6, RELA.1, RELA.2, RELA.3, RELA.4, TAB2.1, TAB2.2	23
PRODB_00568	N	N	Y	Lh_IMAU30056_00804	Lactobacillus helveticus	GTP pyrophosphokinase YjbM	Y	326425.lhe_0663	2.45E-143	405	COG2357@1|root,COG2357@2|Bacteria,1TQ2F@1239|Firmicutes,4HA3Q@91061|Bacilli,3F452@33958|Lactobacillaceae	91061|Bacilli	S	RelA SpoT domain protein	yjbM	GO:0003674,GO:0003824,GO:0005575,GO:0005618,GO:0005623,GO:0005886,GO:0006139,GO:0006163,GO:0006725,GO:0006753,GO:0006793,GO:0006796,GO:0006807,GO:0006950,GO:0008150,GO:0008152,GO:0008728,GO:0008893,GO:0009116,GO:0009117,GO:0009119,GO:0009150,GO:0009259,GO:0009605,GO:0009987,GO:0009991,GO:0015969,GO:0016020,GO:0016740,GO:0016772,GO:0016778,GO:0016787,GO:0016788,GO:0016794,GO:0019637,GO:0019693,GO:0030312,GO:0031667,GO:0033865,GO:0033875,GO:0034032,GO:0034035,GO:0034641,GO:0042278,GO:0042578,GO:0042594,GO:0044237,GO:0044238,GO:0044281,GO:0044464,GO:0046128,GO:0046483,GO:0050896,GO:0055086,GO:0071704,GO:0071944,GO:0072521,GO:1901068,GO:1901135,GO:1901360,GO:1901564,GO:1901657	2.7.6.5	ko:K07816	ko00230,map00230	-	R00429	RC00002,RC00078	ko00000,ko00001,ko01000	-	-	-	RelA_SpoT	AIM2.1, IRAK1.1, IRAK1.2, IRAK1.3, IRAK1.4, NFKB1.2, NLRC4.4, NLRP12.5, NLRP3.1, RELA.2, TAB2.1, TAB2.2	12
PRODB_00569	N	N	Y	Ld_CIRM_BIA_1381_00194	Lactobacillus delbrueckii	Protein RecA	Y	353496.LBU_0503	3.11E-250	688	COG0468@1|root,COG0468@2|Bacteria,1TPD5@1239|Firmicutes,4HAG5@91061|Bacilli,3F3KU@33958|Lactobacillaceae	91061|Bacilli	L	Can catalyze the hydrolysis of ATP in the presence of single-stranded DNA, the ATP-dependent uptake of single-stranded DNA by duplex DNA, and the ATP-dependent hybridization of homologous single-stranded DNAs. It interacts with LexA causing its activation and leading to its autocatalytic cleavage	recA	GO:0005575,GO:0005622,GO:0005623,GO:0005737,GO:0005829,GO:0006950,GO:0006974,GO:0007154,GO:0008150,GO:0009292,GO:0009294,GO:0009432,GO:0009605,GO:0009987,GO:0009991,GO:0030420,GO:0031668,GO:0033554,GO:0044424,GO:0044444,GO:0044464,GO:0044764,GO:0050896,GO:0051704,GO:0051716,GO:0071496	-	ko:K03553	ko03440,map03440	M00729	-	-	ko00000,ko00001,ko00002,ko03400	-	-	-	RecA	AIM2.1, IKBKB.3, IRAK1.1, IRAK1.2, IRAK1.3, IRAK1.4, IRAK4.1, IRAK4.2, NAIP.1, NAIP.2, NFKB1.2, NFKBIA.1, NLRC4.2, NLRC4.3, NLRC4.4, NLRP1.1, NLRP1.2, NLRP1.3, NLRP1.4, NLRP1.5, NLRP12.1, NLRP12.2, NLRP12.3, NLRP12.4, NLRP12.5, NLRP12.6, NLRP12.7, NLRP3.1, NLRP3.2, NLRP3.3, NLRP3.4, NLRP3.5, NLRP3.6, NLRP6.1, NLRP6.2, RELA.1, RELA.2, RELA.3, RELA.4, TAB2.1, TAB2.2, TLR4.1, TLR4.2, TLR4.3, TRAF6.1	45
PRODB_00570	N	N	Y	La_CFH_01241	Lactobacillus acidophilus	Glutamine--fructose-6-phosphate aminotransferase [isomerizing]	Y	272621.LBA0462	0.00E+00	1177	COG0449@1|root,COG0449@2|Bacteria,1TPGU@1239|Firmicutes,4H9R4@91061|Bacilli,3F467@33958|Lactobacillaceae	91061|Bacilli	M	Catalyzes the first step in hexosamine metabolism, converting fructose-6P into glucosamine-6P using glutamine as a nitrogen source	glmS	GO:0003674,GO:0003824,GO:0004360,GO:0005575,GO:0005622,GO:0005623,GO:0005737,GO:0005829,GO:0006002,GO:0006040,GO:0006047,GO:0006139,GO:0006464,GO:0006486,GO:0006487,GO:0006725,GO:0006793,GO:0006796,GO:0006807,GO:0008150,GO:0008152,GO:0008483,GO:0009058,GO:0009059,GO:0009100,GO:0009101,GO:0009225,GO:0009987,GO:0016740,GO:0016769,GO:0019538,GO:0019637,GO:0034641,GO:0034645,GO:0036211,GO:0043170,GO:0043412,GO:0043413,GO:0044237,GO:0044238,GO:0044249,GO:0044260,GO:0044267,GO:0044281,GO:0044424,GO:0044444,GO:0044464,GO:0046483,GO:0055086,GO:0070085,GO:0070548,GO:0071704,GO:1901135,GO:1901137,GO:1901360,GO:1901564,GO:1901566,GO:1901576	2.6.1.16	ko:K00820	ko00250,ko00520,ko01100,ko01130,ko04931,map00250,map00520,map01100,map01130,map04931	-	R00768	RC00010,RC00163,RC02752	ko00000,ko00001,ko01000,ko01002	-	-	iSB619.SA_RS11245,iYO844.BSU01780	GATase_6,SIS	AIM2.1, IKBKB.3, IRAK1.1, IRAK1.2, IRAK1.3, IRAK1.4, IRAK4.1, NAIP.1, NAIP.2, NFKB1.2, NLRC4.3, NLRC4.4, NLRP12.5, NLRP3.1, NLRP3.2, NLRP3.3, NLRP3.4, NLRP3.5, NLRP3.6, RELA.1, RELA.2, RELA.3, RELA.4, TAB2.1, TAB2.2, TLR4.3	26
PRODB_00571	N	N	Y	La_ATCC_53544_00131	Lactobacillus acidophilus	putative protein-export membrane protein SecG	Y	272621.LBA0448	1.30E-40	134	COG1314@1|root,COG1314@2|Bacteria,1VEQR@1239|Firmicutes,4HNKC@91061|Bacilli,3F7IQ@33958|Lactobacillaceae	91061|Bacilli	U	Preprotein translocase	secG	GO:0005575,GO:0005623,GO:0005886,GO:0006810,GO:0006886,GO:0008104,GO:0008150,GO:0015031,GO:0015833,GO:0016020,GO:0033036,GO:0034613,GO:0042886,GO:0043952,GO:0044464,GO:0045184,GO:0046907,GO:0051179,GO:0051234,GO:0051641,GO:0051649,GO:0055085,GO:0065002,GO:0070727,GO:0071702,GO:0071705,GO:0071806,GO:0071944	-	ko:K03075	ko02024,ko03060,ko03070,map02024,map03060,map03070	M00335	-	-	ko00000,ko00001,ko00002,ko02044	3.A.5.1,3.A.5.2	-	-	SecG	AIM2.1, IKBKB.1, IKBKB.2, IKBKB.3, IKBKB.4, IRAK1.1, IRAK1.2, IRAK1.3, IRAK1.4, IRAK4.1, IRAK4.2, NAIP.1, NAIP.2, NFKB1.2, NFKBIA.1, NLRC4.1, NLRC4.2, NLRC4.3, NLRC4.4, NLRP1.1, NLRP1.2, NLRP1.3, NLRP1.4, NLRP1.5, NLRP12.1, NLRP12.2, NLRP12.3, NLRP12.4, NLRP12.5, NLRP12.6, NLRP12.7, NLRP3.1, NLRP3.2, NLRP3.3, NLRP3.4, NLRP3.5, NLRP3.6, NLRP6.1, NLRP6.2, RELA.1, RELA.2, RELA.3, RELA.4, TAB2.1, TAB2.2, TLR4.1, TLR4.2, TLR4.3, TRAF6.1	49
PRODB_00572	N	N	Y	La_DS1_1A_00471	Lactobacillus acidophilus	tRNA-specific 2-thiouridylase MnmA	Y	272621.LBA0822	3.28E-280	764	COG0482@1|root,COG0482@2|Bacteria,1TPIZ@1239|Firmicutes,4HBJ6@91061|Bacilli,3F4N5@33958|Lactobacillaceae	91061|Bacilli	J	Catalyzes the 2-thiolation of uridine at the wobble position (U34) of tRNA, leading to the formation of s(2)U34	mnmA	GO:0002097,GO:0002098,GO:0002143,GO:0006139,GO:0006396,GO:0006399,GO:0006400,GO:0006725,GO:0006807,GO:0008033,GO:0008150,GO:0008152,GO:0009451,GO:0009987,GO:0010467,GO:0016070,GO:0034227,GO:0034470,GO:0034641,GO:0034660,GO:0043170,GO:0043412,GO:0044237,GO:0044238,GO:0046483,GO:0071704,GO:0090304,GO:1901360	2.8.1.13	ko:K00566	ko04122,map04122	-	R08700	RC02313,RC02315	ko00000,ko00001,ko01000,ko03016	-	-	-	tRNA_Me_trans	AIM2.1, IKBKB.1, IKBKB.2, IKBKB.3, IKBKB.4, IRAK1.1, IRAK1.2, IRAK1.3, IRAK1.4, IRAK4.1, IRAK4.2, NAIP.1, NAIP.2, NFKB1.2, NFKBIA.1, NLRC4.1, NLRC4.2, NLRC4.3, NLRC4.4, NLRP1.1, NLRP1.2, NLRP1.3, NLRP1.4, NLRP1.5, NLRP12.1, NLRP12.2, NLRP12.3, NLRP12.4, NLRP12.5, NLRP12.6, NLRP12.7, NLRP3.1, NLRP3.2, NLRP3.3, NLRP3.4, NLRP3.5, NLRP3.6, NLRP6.1, NLRP6.2, RELA.1, RELA.2, RELA.3, RELA.4, TAB2.1, TAB2.2, TLR4.1, TLR4.2, TLR4.3, TRAF6.1	49
PRODB_00573	N	N	Y	Ld_CIRM_BIA_269_01516	Lactobacillus delbrueckii	Cell shape-determining protein Mbl	Y	353496.LBU_0607	4.02E-218	603	COG1077@1|root,COG1077@2|Bacteria,1TP51@1239|Firmicutes,4HA4S@91061|Bacilli,3F463@33958|Lactobacillaceae	91061|Bacilli	D	Cell shape determining protein MreB Mrl	mbl	-	-	ko:K03569	-	-	-	-	ko00000,ko02048,ko03036,ko04812	1.A.33.1,9.B.157.1	-	-	MreB_Mbl	NFKB1.2, NLRC4.4, TAB2.1, TAB2.2	4
PRODB_00574	N	N	Y	Ld_CRL581_00231	Lactobacillus delbrueckii	CTP synthase	Y	353496.LBU_0284	0.00E+00	915	COG0504@1|root,COG0504@2|Bacteria,1TP34@1239|Firmicutes,4H9X6@91061|Bacilli,3F42X@33958|Lactobacillaceae	91061|Bacilli	F	Catalyzes the ATP-dependent amination of UTP to CTP with either L-glutamine or ammonia as the source of nitrogen. Regulates intracellular CTP levels through interactions with the four ribonucleotide triphosphates	pyrG	-	6.3.4.2	ko:K01937	ko00240,ko01100,map00240,map01100	M00052	R00571,R00573	RC00010,RC00074	ko00000,ko00001,ko00002,ko01000	-	-	-	CTP_synth_N,GATase	AIM2.1, IRAK1.1, IRAK1.2, IRAK1.3, IRAK1.4, IRAK4.1, NAIP.1, NAIP.2, NFKB1.2, NFKBIA.1, NLRC4.1, NLRC4.2, NLRC4.3, NLRC4.4, NLRP1.1, NLRP1.2, NLRP1.3, NLRP1.4, NLRP1.5, NLRP12.5, NLRP3.1, NLRP3.2, NLRP3.3, NLRP3.4, NLRP3.5, NLRP3.6, NLRP6.1, RELA.1, RELA.2, RELA.3, RELA.4, TAB2.1, TAB2.2, TLR4.1, TLR4.2, TLR4.3, TRAF6.1	37
PRODB_00575	N	N	Y	La_AM04S-70_01895	Lactobacillus acidophilus	Thioredoxin	Y	272621.LBA0422	3.11E-71	214	COG3118@1|root,COG3118@2|Bacteria,1VA3Y@1239|Firmicutes,4HKKX@91061|Bacilli,3F6Y3@33958|Lactobacillaceae	91061|Bacilli	O	Belongs to the thioredoxin family	trxA	GO:0003674,GO:0003824,GO:0004791,GO:0005575,GO:0005622,GO:0005623,GO:0005737,GO:0005829,GO:0006950,GO:0006979,GO:0008150,GO:0008152,GO:0009636,GO:0009987,GO:0015035,GO:0015036,GO:0016209,GO:0016491,GO:0016651,GO:0016667,GO:0016668,GO:0016671,GO:0019725,GO:0033554,GO:0034599,GO:0042221,GO:0042592,GO:0044424,GO:0044444,GO:0044464,GO:0045454,GO:0047134,GO:0050789,GO:0050794,GO:0050896,GO:0051716,GO:0055114,GO:0065007,GO:0065008,GO:0070887,GO:0097237,GO:0098754,GO:0098869,GO:1990748	-	ko:K03671	ko04621,ko05418,map04621,map05418	-	-	-	ko00000,ko00001,ko03110	-	-	-	Thioredoxin	AIM2.1, IKBKB.3, IKBKB.4, IRAK1.1, IRAK1.2, IRAK1.3, IRAK1.4, IRAK4.1, NAIP.1, NAIP.2, NFKB1.2, NFKBIA.1, NLRC4.1, NLRC4.2, NLRC4.3, NLRC4.4, NLRP1.1, NLRP1.2, NLRP1.3, NLRP1.4, NLRP1.5, NLRP12.1, NLRP12.2, NLRP12.3, NLRP12.4, NLRP12.5, NLRP12.6, NLRP12.7, NLRP3.1, NLRP3.2, NLRP3.3, NLRP3.4, NLRP3.5, NLRP3.6, NLRP6.1, NLRP6.2, RELA.1, RELA.2, RELA.3, RELA.4, TAB2.1, TAB2.2, TLR4.1, TLR4.2, TLR4.3, TRAF6.1	46
PRODB_00576	N	N	Y	Lj_DPC_6026_01372	Lactobacillus johnsonii	UvrABC system protein A	Y	257314.LJ_0864	0.00E+00	1868	COG0178@1|root,COG0178@2|Bacteria,1TPIJ@1239|Firmicutes,4HAW9@91061|Bacilli,3F4TZ@33958|Lactobacillaceae	91061|Bacilli	L	The UvrABC repair system catalyzes the recognition and processing of DNA lesions. UvrA is an ATPase and a DNA-binding protein. A damage recognition complex composed of 2 UvrA and 2 UvrB subunits scans DNA for abnormalities. When the presence of a lesion has been verified by UvrB, the UvrA molecules dissociate	uvrA	-	-	ko:K03701	ko03420,map03420	-	-	-	ko00000,ko00001,ko03400	-	-	-	ABC_tran	NFKB1.2	1
PRODB_00577	N	N	Y	Lc_2029_01842	Lactobacillus crispatus	50S ribosomal protein L33 1	Y	1423748.BALB01000003_gene424	4.40E-29	103	COG0267@1|root,COG0267@2|Bacteria,1VEJ4@1239|Firmicutes,4HNIM@91061|Bacilli,3F828@33958|Lactobacillaceae	91061|Bacilli	J	Belongs to the bacterial ribosomal protein bL33 family	rpmG	-	-	ko:K02913	ko03010,map03010	M00178	-	-	br01610,ko00000,ko00001,ko00002,ko03011	-	-	-	Ribosomal_L33	AIM2.1, IKBKB.2, IKBKB.3, IKBKB.4, IRAK1.1, IRAK1.2, IRAK1.3, IRAK1.4, IRAK4.1, IRAK4.2, NAIP.1, NAIP.2, NFKB1.2, NFKBIA.1, NLRC4.1, NLRC4.2, NLRC4.3, NLRC4.4, NLRP1.1, NLRP1.2, NLRP1.3, NLRP1.4, NLRP1.5, NLRP12.1, NLRP12.2, NLRP12.3, NLRP12.4, NLRP12.5, NLRP12.6, NLRP12.7, NLRP3.1, NLRP3.2, NLRP3.3, NLRP3.4, NLRP3.5, NLRP3.6, NLRP6.1, NLRP6.2, RELA.1, RELA.2, RELA.3, RELA.4, TAB2.1, TAB2.2, TLR4.1, TLR4.2, TLR4.3, TRAF6.1	48
PRODB_00578	N	N	Y	Lh_FAM22157_00273	Lactobacillus helveticus	Sporulation initiation inhibitor protein Soj	Y	326425.lhe_0352	5.33E-162	455	COG1192@1|root,COG1192@2|Bacteria,1TP8S@1239|Firmicutes,4HAYM@91061|Bacilli,3F4AE@33958|Lactobacillaceae	91061|Bacilli	D	Sporulation initiation inhibitor	soj	GO:0008150,GO:0022603,GO:0042173,GO:0042174,GO:0043937,GO:0043939,GO:0045595,GO:0045596,GO:0048519,GO:0048523,GO:0050789,GO:0050793,GO:0050794,GO:0051093,GO:0065007	-	ko:K03496	-	-	-	-	ko00000,ko03036,ko04812	-	-	-	AAA_31	AIM2.1, IRAK4.1, NFKB1.2, NFKBIA.1, NLRC4.2, NLRC4.4, NLRP3.1, NLRP3.2, NLRP3.3, NLRP3.4, NLRP3.5, NLRP3.6, TAB2.1, TAB2.2, TLR4.3	15
PRODB_00579	N	N	Y	La_BCRC_14065_00644	Lactobacillus acidophilus	Triosephosphate isomerase	Y	272621.LBA0700	3.29E-184	511	COG0149@1|root,COG0149@2|Bacteria,1TP2F@1239|Firmicutes,4HAPT@91061|Bacilli,3F494@33958|Lactobacillaceae	91061|Bacilli	G	Involved in the gluconeogenesis. Catalyzes stereospecifically the conversion of dihydroxyacetone phosphate (DHAP) to D-glyceraldehyde-3-phosphate (G3P)	tpiA	GO:0003674,GO:0003824,GO:0004807,GO:0005575,GO:0005622,GO:0005623,GO:0005737,GO:0005829,GO:0005975,GO:0005996,GO:0006006,GO:0006066,GO:0006071,GO:0006081,GO:0006082,GO:0006090,GO:0006091,GO:0006094,GO:0006096,GO:0006139,GO:0006163,GO:0006164,GO:0006165,GO:0006725,GO:0006732,GO:0006733,GO:0006753,GO:0006754,GO:0006757,GO:0006793,GO:0006796,GO:0006807,GO:0008150,GO:0008152,GO:0009056,GO:0009058,GO:0009108,GO:0009117,GO:0009123,GO:0009124,GO:0009126,GO:0009127,GO:0009132,GO:0009135,GO:0009141,GO:0009142,GO:0009144,GO:0009145,GO:0009150,GO:0009152,GO:0009156,GO:0009161,GO:0009165,GO:0009166,GO:0009167,GO:0009168,GO:0009179,GO:0009185,GO:0009199,GO:0009201,GO:0009205,GO:0009206,GO:0009259,GO:0009260,GO:0009987,GO:0016051,GO:0016052,GO:0016053,GO:0016310,GO:0016853,GO:0016860,GO:0016861,GO:0017144,GO:0018130,GO:0019318,GO:0019319,GO:0019359,GO:0019362,GO:0019363,GO:0019400,GO:0019405,GO:0019438,GO:0019439,GO:0019563,GO:0019637,GO:0019682,GO:0019693,GO:0019751,GO:0019752,GO:0032787,GO:0034404,GO:0034641,GO:0034654,GO:0034655,GO:0042866,GO:0043436,GO:0044237,GO:0044238,GO:0044248,GO:0044249,GO:0044262,GO:0044270,GO:0044271,GO:0044275,GO:0044281,GO:0044282,GO:0044283,GO:0044424,GO:0044444,GO:0044464,GO:0046031,GO:0046034,GO:0046164,GO:0046166,GO:0046174,GO:0046184,GO:0046364,GO:0046390,GO:0046394,GO:0046434,GO:0046483,GO:0046496,GO:0046700,GO:0046939,GO:0051186,GO:0051188,GO:0055086,GO:0071704,GO:0072330,GO:0072521,GO:0072522,GO:0072524,GO:0072525,GO:0090407,GO:1901135,GO:1901137,GO:1901292,GO:1901293,GO:1901360,GO:1901361,GO:1901362,GO:1901564,GO:1901566,GO:1901575,GO:1901576,GO:1901615,GO:1901616	5.3.1.1	ko:K01803	ko00010,ko00051,ko00562,ko00710,ko01100,ko01110,ko01120,ko01130,ko01200,ko01230,map00010,map00051,map00562,map00710,map01100,map01110,map01120,map01130,map01200,map01230	M00001,M00002,M00003	R01015	RC00423	ko00000,ko00001,ko00002,ko01000,ko04147	-	-	-	TIM	IRAK1.1, IRAK1.2, NFKB1.2, NLRC4.4, NLRP3.1, NLRP3.2, NLRP3.3, NLRP3.4, NLRP3.5, NLRP3.6, TAB2.1, TAB2.2	12
PRODB_00580	N	N	Y	La_DS2_1A_01775	Lactobacillus acidophilus	Fructose-bisphosphate aldolase	Y	272621.LBA1599	1.22E-216	598	COG0191@1|root,COG0191@2|Bacteria,1TQ01@1239|Firmicutes,4H9ZU@91061|Bacilli,3F4EF@33958|Lactobacillaceae	91061|Bacilli	G	Fructose-1,6-bisphosphate aldolase, class II	fba	-	4.1.2.13,4.1.2.29	ko:K01624,ko:K03339	ko00010,ko00030,ko00051,ko00562,ko00680,ko00710,ko01100,ko01110,ko01120,ko01130,ko01200,ko01230,map00010,map00030,map00051,map00562,map00680,map00710,map01100,map01110,map01120,map01130,map01200,map01230	M00001,M00003,M00165,M00167,M00344,M00345	R01068,R01070,R01829,R02568,R05378	RC00438,RC00439,RC00603,RC00604,RC00721	ko00000,ko00001,ko00002,ko01000	-	-	-	F_bP_aldolase	AIM2.1, NFKB1.2, NLRC4.3, NLRP3.1, NLRP3.2, NLRP3.3, NLRP3.4, NLRP3.5, NLRP3.6	9
PRODB_00581	N	N	Y	Lj_BIO5467_00155	Lactobacillus johnsonii	ATP-dependent Clp protease ATP-binding subunit ClpX	Y	257314.LJ_1011	8.00E-293	800	COG1219@1|root,COG1219@2|Bacteria,1TQ00@1239|Firmicutes,4H9U4@91061|Bacilli,3F41K@33958|Lactobacillaceae	91061|Bacilli	O	ATP-dependent specificity component of the Clp protease. It directs the protease to specific substrates. Can perform chaperone functions in the absence of ClpP	clpX	GO:0000166,GO:0003674,GO:0003824,GO:0004176,GO:0005488,GO:0005524,GO:0006508,GO:0006807,GO:0008144,GO:0008150,GO:0008152,GO:0008233,GO:0009056,GO:0009057,GO:0009987,GO:0016462,GO:0016787,GO:0016817,GO:0016818,GO:0016887,GO:0017076,GO:0017111,GO:0019538,GO:0030163,GO:0030554,GO:0032553,GO:0032555,GO:0032559,GO:0035639,GO:0036094,GO:0042623,GO:0043167,GO:0043168,GO:0043170,GO:0044238,GO:0051301,GO:0070011,GO:0071704,GO:0097159,GO:0097367,GO:0140096,GO:1901265,GO:1901363,GO:1901564,GO:1901565,GO:1901575	-	ko:K03544	ko04112,map04112	-	-	-	ko00000,ko00001,ko03110	-	-	-	AAA_2,ClpB_D2-small,zf-C4_ClpX	NFKB1.2, TAB2.2	2
PRODB_00582	N	N	Y	Lc_AF71-07pH5_01651	Lactobacillus crispatus	SsrA-binding protein	Y	748671.LCRIS_00450	2.62E-100	291	COG0691@1|root,COG0691@2|Bacteria,1V3IJ@1239|Firmicutes,4HGZX@91061|Bacilli,3F65B@33958|Lactobacillaceae	91061|Bacilli	J	the 2 termini fold to resemble tRNA(Ala) and it encodes a tag peptide , a short internal open reading frame. During trans-translation Ala- aminoacylated tmRNA acts like a tRNA, entering the A-site of stalled ribosomes, displacing the stalled mRNA. The ribosome then switches to translate the ORF on the tmRNA	smpB	GO:0006464,GO:0006807,GO:0008150,GO:0008152,GO:0009987,GO:0019538,GO:0036211,GO:0043170,GO:0043412,GO:0044237,GO:0044238,GO:0044260,GO:0044267,GO:0070930,GO:0071704,GO:1901564	-	ko:K03664	-	-	-	-	ko00000	-	-	-	SmpB	AIM2.1, IKBKB.3, IRAK1.1, IRAK1.2, IRAK1.3, IRAK1.4, IRAK4.1, IRAK4.2, NAIP.1, NAIP.2, NFKB1.2, NFKBIA.1, NLRC4.1, NLRC4.2, NLRC4.3, NLRC4.4, NLRP1.1, NLRP1.2, NLRP1.3, NLRP1.4, NLRP1.5, NLRP12.1, NLRP12.2, NLRP12.3, NLRP12.4, NLRP12.5, NLRP12.6, NLRP12.7, NLRP3.1, NLRP3.2, NLRP3.3, NLRP3.4, NLRP3.5, NLRP3.6, NLRP6.1, NLRP6.2, RELA.1, RELA.2, RELA.3, RELA.4, TAB2.1, TAB2.2, TLR4.1, TLR4.2, TLR4.3, TRAF6.1	46
PRODB_00583	N	N	Y	Ld_ME-806_00941	Lactobacillus delbrueckii	Phosphoglucosamine mutase	Y	353496.LBU_0550	0.00E+00	864	COG1109@1|root,COG1109@2|Bacteria,1TP1X@1239|Firmicutes,4HB16@91061|Bacilli,3F3W5@33958|Lactobacillaceae	91061|Bacilli	G	Catalyzes the conversion of glucosamine-6-phosphate to glucosamine-1-phosphate	glmM	-	5.4.2.10	ko:K03431	ko00520,ko01100,ko01130,map00520,map01100,map01130	-	R02060	RC00408	ko00000,ko00001,ko01000	-	-	iSB619.SA_RS11275	PGM_PMM_I,PGM_PMM_II,PGM_PMM_III,PGM_PMM_IV	NFKB1.2, NLRC4.4, NLRP3.1, NLRP3.3, TAB2.1, TAB2.2	6
PRODB_00584	N	N	Y	La_CIRM-BIA_445_00344	Lactobacillus acidophilus	Valine--tRNA ligase	Y	272621.LBA0794	0.00E+00	1771	COG0525@1|root,COG0525@2|Bacteria,1TPN4@1239|Firmicutes,4HB85@91061|Bacilli,3F3RB@33958|Lactobacillaceae	91061|Bacilli	J	amino acids such as threonine, to avoid such errors, it has a posttransfer editing activity that hydrolyzes mischarged Thr-tRNA(Val) in a tRNA-dependent manner	valS	GO:0003674,GO:0003824,GO:0004812,GO:0004832,GO:0006082,GO:0006139,GO:0006399,GO:0006412,GO:0006418,GO:0006438,GO:0006518,GO:0006520,GO:0006725,GO:0006807,GO:0008150,GO:0008152,GO:0009058,GO:0009059,GO:0009987,GO:0010467,GO:0016070,GO:0016874,GO:0016875,GO:0019538,GO:0019752,GO:0034641,GO:0034645,GO:0034660,GO:0043038,GO:0043039,GO:0043043,GO:0043170,GO:0043436,GO:0043603,GO:0043604,GO:0044237,GO:0044238,GO:0044249,GO:0044260,GO:0044267,GO:0044271,GO:0044281,GO:0046483,GO:0071704,GO:0090304,GO:0140098,GO:0140101,GO:1901360,GO:1901564,GO:1901566,GO:1901576	6.1.1.9	ko:K01873	ko00970,map00970	M00359,M00360	R03665	RC00055,RC00523	ko00000,ko00001,ko00002,ko01000,ko01007,ko03016	-	-	-	Anticodon_1,Val_tRNA-synt_C,tRNA-synt_1	AIM2.1, IRAK1.1, IRAK1.2, IRAK1.3, IRAK1.4, NFKB1.2, NLRC4.4, NLRP3.1, NLRP3.2, NLRP3.3, NLRP3.4, NLRP3.5, NLRP3.6, RELA.1, RELA.2, RELA.4, TAB2.1, TAB2.2	18
PRODB_00585	N	N	Y	La_DS9_1A_00255	Lactobacillus acidophilus	UDP-glucose 4-epimerase	Y	272621.LBA1469	5.12E-243	667	COG1087@1|root,COG1087@2|Bacteria,1TQ7N@1239|Firmicutes,4H9U5@91061|Bacilli,3F3YF@33958|Lactobacillaceae	91061|Bacilli	M	Belongs to the NAD(P)-dependent epimerase dehydratase family	galE	-	5.1.3.2	ko:K01784	ko00052,ko00520,ko01100,map00052,map00520,map01100	M00361,M00362,M00632	R00291,R02984	RC00289	ko00000,ko00001,ko00002,ko01000	-	-	-	Epimerase,GDP_Man_Dehyd	AIM2.1, IKBKB.3, IRAK1.1, IRAK1.2, IRAK1.3, IRAK1.4, IRAK4.1, IRAK4.2, NAIP.1, NAIP.2, NFKB1.2, NFKBIA.1, NLRC4.2, NLRC4.3, NLRC4.4, NLRP1.1, NLRP1.2, NLRP1.3, NLRP1.4, NLRP3.1, NLRP3.2, NLRP3.3, NLRP3.4, NLRP3.5, NLRP3.6, RELA.1, RELA.2, RELA.3, RELA.4, TAB2.1, TAB2.2, TLR4.3	32
PRODB_00586	N	N	Y	Lh_FAM1213_01627	Lactobacillus helveticus	Tryptophan--tRNA ligase 2	Y	1423748.BALB01000008_gene948	7.36E-245	672	COG0180@1|root,COG0180@2|Bacteria,1TPY7@1239|Firmicutes,4HA1K@91061|Bacilli,3F3V6@33958|Lactobacillaceae	91061|Bacilli	J	Belongs to the class-I aminoacyl-tRNA synthetase family	trpS	GO:0003674,GO:0003824,GO:0004812,GO:0004830,GO:0005575,GO:0005622,GO:0005623,GO:0005737,GO:0006082,GO:0006139,GO:0006399,GO:0006412,GO:0006418,GO:0006436,GO:0006518,GO:0006520,GO:0006725,GO:0006807,GO:0008150,GO:0008152,GO:0009058,GO:0009059,GO:0009987,GO:0010467,GO:0016070,GO:0016874,GO:0016875,GO:0019538,GO:0019752,GO:0034641,GO:0034645,GO:0034660,GO:0043038,GO:0043039,GO:0043043,GO:0043170,GO:0043436,GO:0043603,GO:0043604,GO:0044237,GO:0044238,GO:0044249,GO:0044260,GO:0044267,GO:0044271,GO:0044281,GO:0044424,GO:0044464,GO:0046483,GO:0071704,GO:0090304,GO:0140098,GO:0140101,GO:1901360,GO:1901564,GO:1901566,GO:1901576	6.1.1.2	ko:K01867	ko00970,map00970	M00359,M00360	R03664	RC00055,RC00523	ko00000,ko00001,ko00002,ko01000,ko01007,ko03016	-	-	-	tRNA-synt_1b	IRAK1.1, IRAK1.2, IRAK1.3, IRAK1.4, NFKB1.2, NLRC4.4, NLRP3.1, TAB2.1, TAB2.2	9
PRODB_00587	N	N	Y	La_CIRM-BIA_447_00339	Lactobacillus acidophilus	Glutamine transport ATP-binding protein GlnQ	Y	272621.LBA0152	3.67E-179	499	COG3638@1|root,COG3638@2|Bacteria,1TQG6@1239|Firmicutes,4HC3N@91061|Bacilli,3F3SJ@33958|Lactobacillaceae	91061|Bacilli	P	Part of the ABC transporter complex PhnCDE involved in phosphonates import. Responsible for energy coupling to the transport system	phnC	GO:0006810,GO:0008150,GO:0015716,GO:0051179,GO:0051234,GO:0071702	3.6.3.28	ko:K02041	ko02010,map02010	M00223	-	-	ko00000,ko00001,ko00002,ko01000,ko02000	3.A.1.9	-	-	ABC_tran	NFKB1.2, TAB2.1, TAB2.2	3
PRODB_00588	N	N	Y	Lc_0795_578_1_1_MRSI8_S902-bin_1_01022	Lactobacillus crispatus	Leucine--tRNA ligase	Y	748671.LCRIS_01629	0.00E+00	1634	COG0495@1|root,COG0495@2|Bacteria,1TP0Y@1239|Firmicutes,4HAG1@91061|Bacilli,3F46M@33958|Lactobacillaceae	91061|Bacilli	J	Belongs to the class-I aminoacyl-tRNA synthetase family	leuS	GO:0003674,GO:0003824,GO:0004812,GO:0004823,GO:0006082,GO:0006139,GO:0006399,GO:0006412,GO:0006418,GO:0006429,GO:0006518,GO:0006520,GO:0006725,GO:0006807,GO:0008150,GO:0008152,GO:0009058,GO:0009059,GO:0009987,GO:0010467,GO:0016070,GO:0016874,GO:0016875,GO:0019538,GO:0019752,GO:0034641,GO:0034645,GO:0034660,GO:0043038,GO:0043039,GO:0043043,GO:0043170,GO:0043436,GO:0043603,GO:0043604,GO:0044237,GO:0044238,GO:0044249,GO:0044260,GO:0044267,GO:0044271,GO:0044281,GO:0046483,GO:0071704,GO:0090304,GO:0140098,GO:0140101,GO:1901360,GO:1901564,GO:1901566,GO:1901576	6.1.1.4	ko:K01869	ko00970,map00970	M00359,M00360	R03657	RC00055,RC00523	ko00000,ko00001,ko00002,ko01000,ko01007,ko03016,ko03029	-	-	-	Anticodon_1,tRNA-synt_1,tRNA-synt_1_2	NFKB1.2, NLRC4.4, NLRP3.1, NLRP3.5, TAB2.2	5
PRODB_00589	N	N	Y	Lc_VMC8_01644	Lactobacillus crispatus	Lysine--tRNA ligase	Y	748671.LCRIS_00285	0.00E+00	1016	COG1190@1|root,COG1190@2|Bacteria,1TP2P@1239|Firmicutes,4H9X4@91061|Bacilli,3F439@33958|Lactobacillaceae	91061|Bacilli	J	Belongs to the class-II aminoacyl-tRNA synthetase family	lysS	-	6.1.1.6	ko:K04567	ko00970,map00970	M00359,M00360	R03658	RC00055,RC00523	ko00000,ko00001,ko00002,ko01000,ko01007,ko03016	-	-	-	tRNA-synt_2,tRNA_anti-codon	AIM2.1, IRAK1.1, IRAK1.2, NFKB1.2, NLRP3.1, NLRP3.3, NLRP3.5, NLRP3.6, TAB2.1, TAB2.2	10
PRODB_00590	N	N	Y	Ld_24779_00628	Lactobacillus delbrueckii	Protein translocase subunit SecA	Y	390333.Ldb0607	0.00E+00	1538	COG0653@1|root,COG0653@2|Bacteria,1TPEY@1239|Firmicutes,4HA22@91061|Bacilli,3F4DH@33958|Lactobacillaceae	91061|Bacilli	U	Part of the Sec protein translocase complex. Interacts with the SecYEG preprotein conducting channel. Has a central role in coupling the hydrolysis of ATP to the transfer of proteins into and across the cell membrane, serving as an ATP-driven molecular motor driving the stepwise translocation of polypeptide chains across the membrane	secA	-	-	ko:K03070	ko02024,ko03060,ko03070,map02024,map03060,map03070	M00335	-	-	ko00000,ko00001,ko00002,ko02044	3.A.5.1,3.A.5.10,3.A.5.2,3.A.5.4	-	-	Helicase_C,SecA_DEAD,SecA_PP_bind,SecA_SW	AIM2.1, IKBKB.3, IRAK1.1, IRAK1.2, IRAK1.3, IRAK1.4, IRAK4.1, NAIP.1, NAIP.2, NFKB1.2, NLRC4.1, NLRC4.3, NLRC4.4, NLRP1.1, NLRP1.2, NLRP1.3, NLRP1.4, NLRP1.5, NLRP12.1, NLRP12.2, NLRP12.3, NLRP12.4, NLRP12.5, NLRP12.6, NLRP12.7, NLRP3.1, NLRP3.2, NLRP3.3, NLRP3.4, NLRP3.5, NLRP3.6, RELA.1, RELA.2, RELA.3, RELA.4, TAB2.1, TAB2.2, TLR4.1, TLR4.2, TLR4.3, TRAF6.1	41
PRODB_00591	N	N	Y	Ld_ATCC_BAA-365_01134	Lactobacillus delbrueckii	Peptidase T	Y	390333.Ldb1217	3.75E-307	836	COG2195@1|root,COG2195@2|Bacteria,1TP3A@1239|Firmicutes,4HAZE@91061|Bacilli,3F45V@33958|Lactobacillaceae	91061|Bacilli	E	Cleaves the N-terminal amino acid of tripeptides	pepT	GO:0005575,GO:0005622,GO:0005623,GO:0005737,GO:0006508,GO:0006807,GO:0008150,GO:0008152,GO:0019538,GO:0043170,GO:0044238,GO:0044424,GO:0044464,GO:0071704,GO:1901564	3.4.11.4	ko:K01258	-	-	-	-	ko00000,ko01000,ko01002	-	-	-	M20_dimer,Peptidase_M20,Peptidase_M42	AIM2.1, IKBKB.3, IRAK1.1, IRAK1.2, IRAK1.3, IRAK1.4, IRAK4.1, NAIP.1, NAIP.2, NFKB1.2, NFKBIA.1, NLRC4.3, NLRC4.4, NLRP1.1, NLRP1.2, NLRP1.3, NLRP1.4, NLRP1.5, NLRP12.1, NLRP12.2, NLRP12.4, NLRP12.5, NLRP12.6, NLRP12.7, NLRP3.1, NLRP3.2, NLRP3.3, NLRP3.4, NLRP3.5, NLRP3.6, RELA.1, RELA.2, RELA.3, RELA.4, TAB2.1, TAB2.2, TLR4.2, TLR4.3, TRAF6.1	39
PRODB_00592	N	N	Y	La_AM102-83_00593	Lactobacillus acidophilus	Nucleoside deoxyribosyltransferase	Y	272621.LBA0145	4.81E-115	329	COG3613@1|root,COG3613@2|Bacteria,1VY4Q@1239|Firmicutes,4HXB4@91061|Bacilli,3F5CB@33958|Lactobacillaceae	91061|Bacilli	F	Nucleoside	ntd	-	2.4.2.6	ko:K08728	ko00240,map00240	-	R02806	RC00063	ko00000,ko00001,ko01000	-	-	-	Nuc_deoxyrib_tr	AIM2.1, IKBKB.1, IKBKB.2, IKBKB.3, IKBKB.4, IRAK1.1, IRAK1.2, IRAK1.3, IRAK1.4, IRAK4.1, IRAK4.2, NAIP.1, NAIP.2, NFKB1.2, NFKBIA.1, NLRC4.1, NLRC4.2, NLRC4.3, NLRC4.4, NLRP1.1, NLRP1.2, NLRP1.3, NLRP1.4, NLRP1.5, NLRP12.1, NLRP12.2, NLRP12.3, NLRP12.4, NLRP12.5, NLRP12.6, NLRP12.7, NLRP3.1, NLRP3.2, NLRP3.3, NLRP3.4, NLRP3.5, NLRP3.6, NLRP6.1, NLRP6.2, RELA.1, RELA.2, RELA.3, RELA.4, TAB2.1, TAB2.2, TLR4.1, TLR4.2, TLR4.3, TRAF6.1	49
PRODB_00593	N	N	Y	Lc_0795_578_1_1_MRSI8_S902-bin_1_00988	Lactobacillus crispatus	Tyrosine--tRNA ligase 1	Y	748671.LCRIS_00196	7.28E-298	813	COG0162@1|root,COG0162@2|Bacteria,1TPGN@1239|Firmicutes,4H9YV@91061|Bacilli,3F48J@33958|Lactobacillaceae	91061|Bacilli	J	Catalyzes the attachment of tyrosine to tRNA(Tyr) in a two-step reaction tyrosine is first activated by ATP to form Tyr- AMP and then transferred to the acceptor end of tRNA(Tyr)	tyrS	GO:0003674,GO:0003824,GO:0004812,GO:0004831,GO:0005575,GO:0005622,GO:0005623,GO:0005737,GO:0005829,GO:0006082,GO:0006139,GO:0006399,GO:0006520,GO:0006725,GO:0006807,GO:0008150,GO:0008152,GO:0009987,GO:0016070,GO:0016874,GO:0016875,GO:0019752,GO:0034641,GO:0034660,GO:0043038,GO:0043039,GO:0043170,GO:0043436,GO:0044237,GO:0044238,GO:0044281,GO:0044424,GO:0044444,GO:0044464,GO:0046483,GO:0071704,GO:0090304,GO:0140098,GO:0140101,GO:1901360,GO:1901564	6.1.1.1	ko:K01866	ko00970,map00970	M00359,M00360	R02918	RC00055,RC00523	ko00000,ko00001,ko00002,ko01000,ko01007,ko03016,ko03029	-	-	-	S4,tRNA-synt_1b	AIM2.1, IRAK1.1, IRAK1.2, IRAK1.3, IRAK1.4, NAIP.1, NAIP.2, NFKB1.2, NLRC4.4, NLRP3.1, NLRP3.2, NLRP3.3, NLRP3.4, NLRP3.5, NLRP3.6, RELA.1, RELA.2, RELA.3, RELA.4, TAB2.1, TAB2.2, TLR4.3	22
PRODB_00594	N	N	Y	Lh_LZ-R-5_01866	Lactobacillus helveticus	Xylulose-5-phosphate phosphoketolase	Y	326425.lhe_0565	0.00E+00	1670	COG3957@1|root,COG3957@2|Bacteria,1TR23@1239|Firmicutes,4HC2J@91061|Bacilli,3F3TZ@33958|Lactobacillaceae	91061|Bacilli	G	Phosphoketolase	xfp	-	4.1.2.22,4.1.2.9	ko:K01621	ko00030,ko00710,ko01100,ko01120,map00030,map00710,map01100,map01120	-	R00761,R01621	RC00032,RC00226	ko00000,ko00001,ko01000	-	-	-	XFP,XFP_C,XFP_N	NFKB1.2, NLRC4.4, NLRP3.1, NLRP3.2, NLRP3.3, NLRP3.4, NLRP3.5, NLRP3.6, TAB2.1, TAB2.2	10
PRODB_00595	N	N	Y	Lh_LZ-R-5_01789	Lactobacillus helveticus	Phosphoglucomutase	Y	405566.lhv_0728	0.00E+00	1139	COG1109@1|root,COG1109@2|Bacteria,1TP2N@1239|Firmicutes,4HADU@91061|Bacilli,3F457@33958|Lactobacillaceae	91061|Bacilli	G	Phosphoglucomutase phosphomannomutase, alpha beta alpha domain	pgm	-	5.4.2.2	ko:K01835	ko00010,ko00030,ko00052,ko00230,ko00500,ko00520,ko00521,ko01100,ko01110,ko01120,ko01130,map00010,map00030,map00052,map00230,map00500,map00520,map00521,map01100,map01110,map01120,map01130	M00549	R00959,R01057,R08639	RC00408	ko00000,ko00001,ko00002,ko01000	-	-	-	PGM_PMM_I,PGM_PMM_II,PGM_PMM_III,PGM_PMM_IV	AIM2.1, IRAK1.1, IRAK1.2, IRAK1.3, IRAK1.4, NFKB1.2, NLRC4.3, NLRC4.4, NLRP3.1, NLRP3.5, NLRP3.6, RELA.2, TAB2.2	13
PRODB_00596	N	N	Y	Lc_C0090B2_00165	Lactobacillus crispatus	Bifunctional protein GlmU	Y	748671.LCRIS_00223	1.81E-307	841	COG1207@1|root,COG1207@2|Bacteria,1TP88@1239|Firmicutes,4H9V5@91061|Bacilli,3F4I3@33958|Lactobacillaceae	91061|Bacilli	M	Catalyzes the last two sequential reactions in the de novo biosynthetic pathway for UDP-N-acetylglucosamine (UDP- GlcNAc). The C-terminal domain catalyzes the transfer of acetyl group from acetyl coenzyme A to glucosamine-1-phosphate (GlcN-1-P) to produce N-acetylglucosamine-1-phosphate (GlcNAc-1-P), which is converted into UDP-GlcNAc by the transfer of uridine 5- monophosphate (from uridine 5-triphosphate), a reaction catalyzed by the N-terminal domain	glmU	GO:0000270,GO:0000271,GO:0003674,GO:0003824,GO:0003977,GO:0005975,GO:0005976,GO:0006022,GO:0006023,GO:0006024,GO:0006629,GO:0006807,GO:0008150,GO:0008152,GO:0008610,GO:0008653,GO:0009058,GO:0009059,GO:0009103,GO:0009252,GO:0009273,GO:0009987,GO:0016051,GO:0016740,GO:0016772,GO:0016779,GO:0030203,GO:0033692,GO:0034637,GO:0034645,GO:0042546,GO:0043170,GO:0044036,GO:0044038,GO:0044085,GO:0044237,GO:0044238,GO:0044249,GO:0044255,GO:0044260,GO:0044262,GO:0044264,GO:0070569,GO:0070589,GO:0071554,GO:0071704,GO:0071840,GO:1901135,GO:1901137,GO:1901564,GO:1901566,GO:1901576,GO:1903509	2.3.1.157,2.7.7.23	ko:K04042	ko00520,ko01100,ko01130,map00520,map01100,map01130	M00362	R00416,R05332	RC00002,RC00004,RC00166	ko00000,ko00001,ko00002,ko01000	-	-	-	Hexapep,Hexapep_2,NTP_transf_3,NTP_transferase	IRAK1.1, IRAK1.2, IRAK1.3, IRAK1.4, NFKB1.2, NLRC4.3, NLRC4.4, NLRP3.1, NLRP3.2, NLRP3.3, NLRP3.4, NLRP3.5, NLRP3.6, RELA.1, RELA.2, RELA.3, RELA.4, TAB2.1, TAB2.2	19
PRODB_00597	N	N	Y	La_BCRC_14065_01192	Lactobacillus acidophilus	tRNA (guanine-N(1)-)-methyltransferase	Y	405566.lhv_1369	1.68E-162	456	COG0336@1|root,COG0336@2|Bacteria,1TPBV@1239|Firmicutes,4HBFV@91061|Bacilli,3F3NP@33958|Lactobacillaceae	91061|Bacilli	J	Belongs to the RNA methyltransferase TrmD family	trmD	GO:0001510,GO:0003674,GO:0003824,GO:0006139,GO:0006396,GO:0006399,GO:0006400,GO:0006725,GO:0006807,GO:0008033,GO:0008150,GO:0008152,GO:0008168,GO:0008173,GO:0008175,GO:0008757,GO:0009019,GO:0009451,GO:0009987,GO:0010467,GO:0016070,GO:0016423,GO:0016740,GO:0016741,GO:0016772,GO:0016779,GO:0030488,GO:0032259,GO:0034470,GO:0034641,GO:0034660,GO:0043170,GO:0043412,GO:0043414,GO:0044237,GO:0044238,GO:0044260,GO:0046483,GO:0050518,GO:0070567,GO:0071704,GO:0090304,GO:0140098,GO:0140101,GO:1901360	2.1.1.228	ko:K00554	-	-	R00597	RC00003,RC00334	ko00000,ko01000,ko03016	-	-	-	tRNA_m1G_MT	AIM2.1, IKBKB.3, IRAK1.1, IRAK1.2, IRAK1.3, IRAK1.4, IRAK4.1, NAIP.1, NAIP.2, NFKB1.2, NFKBIA.1, NLRC4.1, NLRC4.2, NLRC4.3, NLRC4.4, NLRP1.1, NLRP1.2, NLRP1.3, NLRP1.4, NLRP1.5, NLRP12.5, NLRP3.1, NLRP3.2, NLRP3.3, NLRP3.4, NLRP3.5, NLRP3.6, NLRP6.1, NLRP6.2, RELA.1, RELA.2, RELA.3, RELA.4, TAB2.1, TAB2.2, TLR4.1, TLR4.2, TLR4.3, TRAF6.1	39
PRODB_00598	N	N	Y	Ld_24780_00513	Lactobacillus delbrueckii	Ribose-phosphate pyrophosphokinase	Y	353496.LBU_0280	1.73E-223	617	COG0462@1|root,COG0462@2|Bacteria,1TQ6Q@1239|Firmicutes,4HB61@91061|Bacilli,3F3U2@33958|Lactobacillaceae	91061|Bacilli	F	Involved in the biosynthesis of the central metabolite phospho-alpha-D-ribosyl-1-pyrophosphate (PRPP) via the transfer of pyrophosphoryl group from ATP to 1-hydroxyl of ribose-5-phosphate (Rib-5-P)	prs	GO:0003674,GO:0003824,GO:0004749,GO:0006139,GO:0006163,GO:0006164,GO:0006725,GO:0006753,GO:0006793,GO:0006796,GO:0006807,GO:0008150,GO:0008152,GO:0009058,GO:0009117,GO:0009150,GO:0009152,GO:0009165,GO:0009259,GO:0009260,GO:0009987,GO:0016740,GO:0016772,GO:0016778,GO:0018130,GO:0019438,GO:0019637,GO:0019693,GO:0034641,GO:0034654,GO:0044237,GO:0044238,GO:0044249,GO:0044271,GO:0044281,GO:0046390,GO:0046483,GO:0055086,GO:0071704,GO:0072521,GO:0072522,GO:0090407,GO:1901135,GO:1901137,GO:1901293,GO:1901360,GO:1901362,GO:1901564,GO:1901566,GO:1901576	2.7.6.1	ko:K00948	ko00030,ko00230,ko01100,ko01110,ko01120,ko01130,ko01200,ko01230,map00030,map00230,map01100,map01110,map01120,map01130,map01200,map01230	M00005	R01049	RC00002,RC00078	ko00000,ko00001,ko00002,ko01000	-	-	-	Pribosyl_synth,Pribosyltran_N	AIM2.1, IKBKB.3, IRAK1.1, IRAK1.2, IRAK1.3, IRAK1.4, IRAK4.1, IRAK4.2, NAIP.1, NAIP.2, NFKB1.2, NFKBIA.1, NLRC4.1, NLRC4.2, NLRC4.3, NLRC4.4, NLRP1.1, NLRP1.2, NLRP1.3, NLRP1.4, NLRP12.1, NLRP12.2, NLRP12.3, NLRP12.5, NLRP12.6, NLRP12.7, NLRP3.1, NLRP3.2, NLRP3.3, NLRP3.4, NLRP3.5, NLRP3.6, NLRP6.1, NLRP6.2, RELA.1, RELA.2, RELA.3, RELA.4, TAB2.1, TAB2.2, TLR4.1, TLR4.2, TLR4.3, TRAF6.1	44
PRODB_00599	N	N	Y	La_AF75-02b14_00049	Lactobacillus acidophilus	Ribosome hibernation promotion factor	Y	272621.LBA0672	2.90E-122	349	COG1544@1|root,COG1544@2|Bacteria,1V1D5@1239|Firmicutes,4HFX9@91061|Bacilli,3F40M@33958|Lactobacillaceae	91061|Bacilli	J	Required for dimerization of active 70S ribosomes into 100S ribosomes in stationary phase	hpf	GO:0003674,GO:0005488,GO:0005575,GO:0005622,GO:0005623,GO:0005737,GO:0005829,GO:0005840,GO:0006417,GO:0006448,GO:0008150,GO:0009889,GO:0009890,GO:0009892,GO:0010468,GO:0010556,GO:0010558,GO:0010605,GO:0010608,GO:0010629,GO:0015935,GO:0017148,GO:0019222,GO:0022626,GO:0022627,GO:0031323,GO:0031324,GO:0031326,GO:0031327,GO:0032268,GO:0032269,GO:0032991,GO:0034248,GO:0034249,GO:0043021,GO:0043022,GO:0043024,GO:0043226,GO:0043228,GO:0043229,GO:0043232,GO:0044391,GO:0044422,GO:0044424,GO:0044444,GO:0044445,GO:0044446,GO:0044464,GO:0044877,GO:0045900,GO:0048519,GO:0048523,GO:0050789,GO:0050794,GO:0051171,GO:0051172,GO:0051246,GO:0051248,GO:0060255,GO:0065007,GO:0080090,GO:1990904,GO:2000112,GO:2000113	-	ko:K05808	-	-	-	-	ko00000,ko03009	-	-	-	Ribosom_S30AE_C,Ribosomal_S30AE	AIM2.1, IKBKB.3, IRAK1.1, IRAK1.2, IRAK1.3, IRAK1.4, IRAK4.1, NAIP.1, NAIP.2, NFKB1.2, NFKBIA.1, NLRC4.1, NLRC4.2, NLRC4.3, NLRC4.4, NLRP1.1, NLRP1.2, NLRP1.3, NLRP1.4, NLRP1.5, NLRP12.1, NLRP12.2, NLRP12.3, NLRP12.4, NLRP12.5, NLRP12.6, NLRP12.7, NLRP3.1, NLRP3.2, NLRP3.3, NLRP3.4, NLRP3.5, NLRP3.6, NLRP6.1, NLRP6.2, RELA.1, RELA.2, RELA.3, RELA.4, TAB2.1, TAB2.2, TLR4.1, TLR4.2, TLR4.3, TRAF6.1	45
PRODB_00600	N	N	Y	Ld_CIRM-BIA_773_01040	Lactobacillus delbrueckii	hypothetical protein	Y	353496.LBU_0654	1.24E-47	152	COG5503@1|root,COG5503@2|Bacteria,1VEI7@1239|Firmicutes,4HNSK@91061|Bacilli,3F807@33958|Lactobacillaceae	91061|Bacilli	S	Belongs to the UPF0356 family	ykzG	-	-	-	-	-	-	-	-	-	-	-	DUF1447	AIM2.1, IKBKB.1, IKBKB.2, IKBKB.3, IKBKB.4, IRAK1.1, IRAK1.2, IRAK1.3, IRAK1.4, IRAK4.1, IRAK4.2, NAIP.1, NAIP.2, NFKB1.2, NFKBIA.1, NLRC4.1, NLRC4.2, NLRC4.3, NLRC4.4, NLRP1.1, NLRP1.2, NLRP1.3, NLRP1.4, NLRP1.5, NLRP12.1, NLRP12.2, NLRP12.3, NLRP12.4, NLRP12.5, NLRP12.6, NLRP12.7, NLRP3.1, NLRP3.2, NLRP3.3, NLRP3.4, NLRP3.5, NLRP3.6, NLRP6.1, NLRP6.2, RELA.1, RELA.2, RELA.3, RELA.4, TAB2.1, TAB2.2, TLR4.1, TLR4.2, TLR4.3, TRAF6.1	49
PRODB_00601	N	N	Y	Lj_117x_01275	Lactobacillus johnsonii	UDP-N-acetylmuramoyl-L-alanyl-D-glutamate--L-lysine ligase	Y	257314.LJ_0565	0.00E+00	1044	COG0769@1|root,COG0769@2|Bacteria,1TPQE@1239|Firmicutes,4H9T1@91061|Bacilli,3F3UE@33958|Lactobacillaceae	91061|Bacilli	M	Catalyzes the addition of an amino acid to the nucleotide precursor UDP-N-acetylmuramoyl-L-alanyl-D-glutamate (UMAG) in the biosynthesis of bacterial cell-wall peptidoglycan	murE	-	6.3.2.13,6.3.2.7	ko:K01928,ko:K05362	ko00300,ko00550,ko01100,map00300,map00550,map01100	-	R02786,R02788	RC00064,RC00090	ko00000,ko00001,ko01000,ko01011	-	-	-	Mur_ligase_C,Mur_ligase_M	AIM2.1, IKBKB.3, IRAK1.1, IRAK1.2, IRAK1.3, IRAK1.4, IRAK4.1, NAIP.1, NAIP.2, NFKB1.2, NFKBIA.1, NLRC4.2, NLRC4.3, NLRC4.4, NLRP1.1, NLRP1.2, NLRP1.3, NLRP1.4, NLRP1.5, NLRP12.1, NLRP12.2, NLRP12.3, NLRP12.4, NLRP12.5, NLRP12.6, NLRP12.7, NLRP3.1, NLRP3.2, NLRP3.3, NLRP3.4, NLRP3.5, NLRP3.6, RELA.1, RELA.2, RELA.3, RELA.4, TAB2.1, TAB2.2, TLR4.1, TLR4.2, TLR4.3, TRAF6.1	42
PRODB_00602	N	N	Y	Lj_CIRM-BIA_2080_01257	Lactobacillus johnsonii	Ribonuclease J 1	Y	257314.LJ_0991	0.00E+00	1105	COG0595@1|root,COG0595@2|Bacteria,1TQ9G@1239|Firmicutes,4HAAP@91061|Bacilli,3F3TT@33958|Lactobacillaceae	91061|Bacilli	J	An RNase that has 5'-3' exonuclease and possibly endonuclease activity. Involved in maturation of rRNA and in some organisms also mRNA maturation and or decay	rnjA	GO:0003674,GO:0003824,GO:0004518,GO:0004519,GO:0004521,GO:0004527,GO:0004532,GO:0004534,GO:0004540,GO:0005488,GO:0005515,GO:0006139,GO:0006364,GO:0006396,GO:0006397,GO:0006725,GO:0006807,GO:0008150,GO:0008152,GO:0008409,GO:0009987,GO:0010467,GO:0016070,GO:0016071,GO:0016072,GO:0016787,GO:0016788,GO:0016796,GO:0016896,GO:0022613,GO:0034470,GO:0034641,GO:0034660,GO:0042254,GO:0042802,GO:0043170,GO:0044085,GO:0044237,GO:0044238,GO:0046483,GO:0071704,GO:0071840,GO:0090304,GO:0090305,GO:0090501,GO:0090502,GO:0090503,GO:0140098,GO:1901360	-	ko:K12574	ko03018,map03018	-	-	-	ko00000,ko00001,ko01000,ko03019	-	-	-	Lactamase_B,RMMBL	AIM2.1, IRAK1.1, IRAK1.2, IRAK1.3, IRAK1.4, NAIP.1, NAIP.2, NFKB1.2, NLRC4.3, NLRC4.4, NLRP12.5, NLRP3.1, NLRP3.2, NLRP3.3, NLRP3.4, NLRP3.5, NLRP3.6, RELA.1, RELA.2, RELA.3, RELA.4, TAB2.1, TAB2.2	23
PRODB_00603	N	N	Y	La_NSL_00029	Lactobacillus acidophilus	Uridylate kinase	Y	272621.LBA1268	5.86E-168	469	COG0528@1|root,COG0528@2|Bacteria,1TPXN@1239|Firmicutes,4H9UB@91061|Bacilli,3F42J@33958|Lactobacillaceae	91061|Bacilli	F	Catalyzes the reversible phosphorylation of UMP to UDP	pyrH	-	2.7.4.22	ko:K09903	ko00240,ko01100,map00240,map01100	-	R00158	RC00002	ko00000,ko00001,ko01000	-	-	iSB619.SA_RS06240	AA_kinase	AIM2.1, IRAK1.1, IRAK1.2, IRAK1.3, NFKB1.2, NLRC4.4, NLRP3.1, NLRP3.3, TAB2.1, TAB2.2	10
PRODB_00604	N	N	Y	La_CIRM-BIA_441_00755	Lactobacillus acidophilus	LexA repressor	Y	272621.LBA1280	8.11E-145	408	COG1974@1|root,COG1974@2|Bacteria,1TQ3H@1239|Firmicutes,4HBHA@91061|Bacilli,3F3JG@33958|Lactobacillaceae	91061|Bacilli	K	Represses a number of genes involved in the response to DNA damage (SOS response), including recA and lexA. In the presence of single-stranded DNA, RecA interacts with LexA causing an autocatalytic cleavage which disrupts the DNA-binding part of LexA, leading to derepression of the SOS regulon and eventually DNA repair	lexA	GO:0000976,GO:0001067,GO:0001130,GO:0001217,GO:0003674,GO:0003676,GO:0003677,GO:0003690,GO:0003700,GO:0005488,GO:0005575,GO:0006355,GO:0006950,GO:0006974,GO:0007154,GO:0008150,GO:0009432,GO:0009605,GO:0009889,GO:0009890,GO:0009892,GO:0009987,GO:0009991,GO:0010468,GO:0010556,GO:0010558,GO:0010605,GO:0010629,GO:0019219,GO:0019222,GO:0031323,GO:0031324,GO:0031326,GO:0031327,GO:0031668,GO:0032991,GO:0032993,GO:0033554,GO:0043565,GO:0044212,GO:0045892,GO:0045934,GO:0048519,GO:0048523,GO:0050789,GO:0050794,GO:0050896,GO:0051171,GO:0051172,GO:0051252,GO:0051253,GO:0051716,GO:0060255,GO:0065007,GO:0071496,GO:0080090,GO:0097159,GO:0140110,GO:1901363,GO:1902679,GO:1903506,GO:1903507,GO:1990837,GO:2000112,GO:2000113,GO:2001141	3.4.21.88	ko:K01356	-	M00729	-	-	ko00000,ko00002,ko01000,ko01002,ko03400	-	-	-	LexA_DNA_bind,Peptidase_S24	AIM2.1, IKBKB.3, IRAK1.1, IRAK1.2, IRAK1.3, IRAK1.4, IRAK4.1, NFKB1.2, NFKBIA.1, NLRC4.2, NLRC4.3, NLRC4.4, NLRP1.1, NLRP1.2, NLRP1.3, NLRP1.4, NLRP12.1, NLRP12.2, NLRP12.5, NLRP12.6, NLRP12.7, NLRP3.1, NLRP3.2, NLRP3.3, NLRP3.4, NLRP3.5, NLRP3.6, RELA.1, RELA.2, RELA.3, RELA.4, TAB2.1, TAB2.2, TLR4.3, TRAF6.1	35
PRODB_00605	N	N	Y	Ld_CIRM-BIA_1590_01682	Lactobacillus delbrueckii	DNA topoisomerase 4 subunit B	Y	353496.LBU_0843	0.00E+00	1245	COG0187@1|root,COG0187@2|Bacteria,1TQCF@1239|Firmicutes,4H9UC@91061|Bacilli,3F430@33958|Lactobacillaceae	91061|Bacilli	L	Topoisomerase IV is essential for chromosome segregation. It relaxes supercoiled DNA. Performs the decatenation events required during the replication of a circular DNA molecule	parE	GO:0003674,GO:0003824,GO:0003916,GO:0003918,GO:0005575,GO:0006139,GO:0006259,GO:0006265,GO:0006725,GO:0006807,GO:0006996,GO:0007059,GO:0008094,GO:0008150,GO:0008152,GO:0009295,GO:0009987,GO:0016043,GO:0016462,GO:0016787,GO:0016817,GO:0016818,GO:0016853,GO:0016887,GO:0017111,GO:0034641,GO:0042623,GO:0043170,GO:0044237,GO:0044238,GO:0044260,GO:0046483,GO:0051276,GO:0061505,GO:0071103,GO:0071704,GO:0071840,GO:0090304,GO:0140097,GO:1901360	-	ko:K02622	-	-	-	-	ko00000,ko01000,ko02048,ko03032,ko03036	-	-	-	DNA_gyraseB,DNA_gyraseB_C,HATPase_c,Toprim	AIM2.1, IRAK1.1, IRAK1.2, IRAK1.3, IRAK1.4, NAIP.1, NAIP.2, NFKB1.2, NLRC4.3, NLRC4.4, NLRP12.5, NLRP3.1, NLRP3.2, NLRP3.3, NLRP3.4, NLRP3.5, NLRP3.6, RELA.1, RELA.2, RELA.3, RELA.4, TAB2.1, TAB2.2, TRAF6.1	24
PRODB_00606	N	N	Y	Lh_FAM13019_01388	Lactobacillus helveticus	UDP-N-acetylglucosamine 1-carboxyvinyltransferase	Y	326425.lhe_1840	0.00E+00	848	COG0766@1|root,COG0766@2|Bacteria,1TPAU@1239|Firmicutes,4H9KI@91061|Bacilli,3F3P8@33958|Lactobacillaceae	91061|Bacilli	M	Cell wall formation. Adds enolpyruvyl to UDP-N- acetylglucosamine	murA	GO:0000270,GO:0003674,GO:0003824,GO:0005575,GO:0005622,GO:0005623,GO:0005737,GO:0005829,GO:0006022,GO:0006023,GO:0006024,GO:0006807,GO:0008150,GO:0008152,GO:0008760,GO:0009058,GO:0009059,GO:0009252,GO:0009273,GO:0009987,GO:0016740,GO:0016765,GO:0030203,GO:0034645,GO:0042221,GO:0042546,GO:0043170,GO:0044036,GO:0044038,GO:0044085,GO:0044237,GO:0044249,GO:0044260,GO:0044424,GO:0044444,GO:0044464,GO:0046677,GO:0050896,GO:0051716,GO:0070589,GO:0070887,GO:0071236,GO:0071554,GO:0071704,GO:0071840,GO:1901135,GO:1901137,GO:1901564,GO:1901566,GO:1901576	2.5.1.7	ko:K00790	ko00520,ko00550,ko01100,map00520,map00550,map01100	-	R00660	RC00350	ko00000,ko00001,ko01000,ko01011	-	-	iYO844.BSU37100	EPSP_synthase	NFKB1.2, NLRP3.1, NLRP3.5, TAB2.1, TAB2.2	5
PRODB_00607	N	N	Y	Lc_0421_295_1_2_MRS8_S452-bin_1_00541	Lactobacillus crispatus	putative protein	Y	748671.LCRIS_01319	0.00E+00	1043	COG1461@1|root,COG1461@2|Bacteria,1TQMX@1239|Firmicutes,4HBSE@91061|Bacilli,3F3X0@33958|Lactobacillaceae	91061|Bacilli	S	DAK2 domain fusion protein YloV	yloV	-	-	ko:K07030	-	-	-	-	ko00000	-	-	-	Dak1_2,Dak2	AIM2.1, IKBKB.3, IKBKB.4, IRAK1.1, IRAK1.2, IRAK1.3, IRAK1.4, IRAK4.1, IRAK4.2, NAIP.1, NAIP.2, NFKB1.2, NFKBIA.1, NLRC4.1, NLRC4.2, NLRC4.3, NLRC4.4, NLRP1.1, NLRP1.2, NLRP1.3, NLRP1.4, NLRP1.5, NLRP12.1, NLRP12.2, NLRP12.3, NLRP12.4, NLRP12.5, NLRP12.6, NLRP12.7, NLRP3.1, NLRP3.2, NLRP3.3, NLRP3.4, NLRP3.5, NLRP3.6, NLRP6.1, NLRP6.2, RELA.1, RELA.2, RELA.3, RELA.4, TAB2.1, TAB2.2, TLR4.1, TLR4.2, TLR4.3, TRAF6.1	47
PRODB_00608	N	N	Y	La_CUL21B_01334	Lactobacillus acidophilus	putative protein	Y	1423748.BALB01000011_gene1141	7.09E-76	227	COG1302@1|root,COG1302@2|Bacteria,1V731@1239|Firmicutes,4HIS4@91061|Bacilli,3F72W@33958|Lactobacillaceae	91061|Bacilli	S	Asp23 family, cell envelope-related function	yloU	-	-	-	-	-	-	-	-	-	-	-	Asp23	AIM2.1, IKBKB.3, IRAK1.1, IRAK1.2, IRAK1.3, IRAK1.4, IRAK4.1, IRAK4.2, NAIP.1, NAIP.2, NFKB1.2, NFKBIA.1, NLRC4.1, NLRC4.2, NLRC4.3, NLRC4.4, NLRP1.1, NLRP1.2, NLRP1.3, NLRP1.4, NLRP12.1, NLRP12.2, NLRP12.5, NLRP12.6, NLRP12.7, NLRP3.1, NLRP3.2, NLRP3.3, NLRP3.4, NLRP3.5, NLRP3.6, RELA.1, RELA.2, RELA.3, RELA.4, TAB2.1, TAB2.2, TLR4.3, TRAF6.1	39
PRODB_00609	N	N	Y	Lj_117q_00365	Lactobacillus johnsonii	Serine--tRNA ligase	Y	257314.LJ_0676	4.36E-300	820	COG0172@1|root,COG0172@2|Bacteria,1TP4W@1239|Firmicutes,4H9Y4@91061|Bacilli,3F3M6@33958|Lactobacillaceae	91061|Bacilli	J	Catalyzes the attachment of serine to tRNA(Ser). Is also able to aminoacylate tRNA(Sec) with serine, to form the misacylated tRNA L-seryl-tRNA(Sec), which will be further converted into selenocysteinyl-tRNA(Sec)	serS	-	6.1.1.11	ko:K01875	ko00970,map00970	M00359,M00360	R03662,R08218	RC00055,RC00523	ko00000,ko00001,ko00002,ko01000,ko01007,ko03016	-	-	-	Seryl_tRNA_N,tRNA-synt_2b	NLRP3.1, NLRP3.5, TAB2.1, TAB2.2	4
PRODB_00610	N	N	Y	Ld_CIRM-BIA_269_01145	Lactobacillus delbrueckii	Threonine--tRNA ligase	Y	353496.LBU_1291	0.00E+00	1252	COG0441@1|root,COG0441@2|Bacteria,1TP78@1239|Firmicutes,4HABZ@91061|Bacilli,3F3TC@33958|Lactobacillaceae	91061|Bacilli	J	Catalyzes the attachment of threonine to tRNA(Thr) in a two-step reaction L-threonine is first activated by ATP to form Thr-AMP and then transferred to the acceptor end of tRNA(Thr)	thrS	GO:0003674,GO:0003824,GO:0004812,GO:0004829,GO:0005575,GO:0005622,GO:0005623,GO:0005737,GO:0006082,GO:0006139,GO:0006399,GO:0006412,GO:0006418,GO:0006435,GO:0006518,GO:0006520,GO:0006725,GO:0006807,GO:0008150,GO:0008152,GO:0009058,GO:0009059,GO:0009987,GO:0010467,GO:0016070,GO:0016874,GO:0016875,GO:0019538,GO:0019752,GO:0034641,GO:0034645,GO:0034660,GO:0043038,GO:0043039,GO:0043043,GO:0043170,GO:0043436,GO:0043603,GO:0043604,GO:0044237,GO:0044238,GO:0044249,GO:0044260,GO:0044267,GO:0044271,GO:0044281,GO:0044424,GO:0044464,GO:0046483,GO:0071704,GO:0090304,GO:0140098,GO:0140101,GO:1901360,GO:1901564,GO:1901566,GO:1901576	6.1.1.3	ko:K01868	ko00970,map00970	M00359,M00360	R03663	RC00055,RC00523	ko00000,ko00001,ko00002,ko01000,ko01007,ko03016	-	-	-	HGTP_anticodon,TGS,tRNA-synt_2b,tRNA_SAD	AIM2.1, IRAK1.1, IRAK1.2, IRAK1.3, IRAK1.4, NAIP.1, NAIP.2, NFKB1.2, NLRC4.3, NLRC4.4, NLRP12.5, NLRP3.1, NLRP3.2, NLRP3.3, NLRP3.4, NLRP3.5, NLRP3.6, RELA.1, RELA.2, RELA.3, RELA.4, TAB2.1, TAB2.2, TLR4.3	24
PRODB_00611	N	N	Y	La_CIRM-BIA_437_00423	Lactobacillus acidophilus	UvrABC system protein B	Y	272621.LBA0688	0.00E+00	1321	COG0556@1|root,COG0556@2|Bacteria,1TPKB@1239|Firmicutes,4HB81@91061|Bacilli,3F3XM@33958|Lactobacillaceae	91061|Bacilli	L	damaged site, the DNA wraps around one UvrB monomer. DNA wrap is dependent on ATP binding by UvrB and probably causes local melting of the DNA helix, facilitating insertion of UvrB beta-hairpin between the DNA strands. Then UvrB probes one DNA strand for the presence of a lesion. If a lesion is found the UvrA subunits dissociate and the UvrB-DNA preincision complex is formed. This complex is subsequently bound by UvrC and the second UvrB is released. If no lesion is found, the DNA wraps around the other UvrB subunit that will check the other stand for damage	uvrB	-	-	ko:K03702	ko03420,map03420	-	-	-	ko00000,ko00001,ko03400	-	-	-	Helicase_C,ResIII,UVR,UvrB	NFKB1.2, NLRC4.4, TAB2.2	3
PRODB_00612	N	N	Y	Lh_CIRM-BIA_98_00269	Lactobacillus helveticus	Elongation factor 4	Y	326425.lhe_1262	0.00E+00	1199	COG0481@1|root,COG0481@2|Bacteria,1TP0G@1239|Firmicutes,4HASA@91061|Bacilli,3F3Z1@33958|Lactobacillaceae	91061|Bacilli	M	Required for accurate and efficient protein synthesis under certain stress conditions. May act as a fidelity factor of the translation reaction, by catalyzing a one-codon backward translocation of tRNAs on improperly translocated ribosomes. Back- translocation proceeds from a post-translocation (POST) complex to a pre-translocation (PRE) complex, thus giving elongation factor G a second chance to translocate the tRNAs correctly. Binds to ribosomes in a GTP-dependent manner	lepA	-	-	ko:K03596	ko05134,map05134	-	-	-	ko00000,ko00001	-	-	-	EFG_C,EFG_II,GTP_EFTU,GTP_EFTU_D2,LepA_C	NFKB1.2	1
PRODB_00613	N	N	Y	Lc_0421_295_1_1_MRS6_S407-bin_1_00115	Lactobacillus crispatus	hypothetical protein	Y	1423754.BALY01000042_gene1037	1.08E-56	176	COG4472@1|root,COG4472@2|Bacteria,1VAC4@1239|Firmicutes,4HKD0@91061|Bacilli,3F7EG@33958|Lactobacillaceae	91061|Bacilli	S	Belongs to the UPF0297 family	yrzL	-	-	-	-	-	-	-	-	-	-	-	DUF965	AIM2.1, IKBKB.1, IKBKB.2, IKBKB.3, IKBKB.4, IRAK1.1, IRAK1.2, IRAK1.3, IRAK1.4, IRAK4.1, IRAK4.2, NAIP.1, NAIP.2, NFKB1.2, NFKBIA.1, NLRC4.1, NLRC4.2, NLRC4.3, NLRC4.4, NLRP1.1, NLRP1.2, NLRP1.3, NLRP1.4, NLRP1.5, NLRP12.1, NLRP12.2, NLRP12.3, NLRP12.4, NLRP12.5, NLRP12.6, NLRP12.7, NLRP3.1, NLRP3.2, NLRP3.3, NLRP3.4, NLRP3.5, NLRP3.6, NLRP6.1, NLRP6.2, RELA.1, RELA.2, RELA.3, RELA.4, TAB2.1, TAB2.2, TLR4.1, TLR4.2, TLR4.3, TRAF6.1	49
PRODB_00614	N	N	Y	Lc_CM_F08_S830-bin_1_01973	Lactobacillus crispatus	GMP reductase	Y	748671.LCRIS_01933	5.45E-235	646	COG0516@1|root,COG0516@2|Bacteria,1TNYF@1239|Firmicutes,4HA55@91061|Bacilli,3F45K@33958|Lactobacillaceae	91061|Bacilli	F	Catalyzes the irreversible NADPH-dependent deamination of GMP to IMP. It functions in the conversion of nucleobase, nucleoside and nucleotide derivatives of G to A nucleotides, and in maintaining the intracellular balance of A and G nucleotides	guaC	-	1.7.1.7	ko:K00364	ko00230,map00230	-	R01134	RC00457	ko00000,ko00001,ko01000	-	-	iSB619.SA_RS06660	IMPDH		0
PRODB_00615	N	N	Y	La_DS9_1A_00901	Lactobacillus acidophilus	30S ribosomal protein S16	Y	272621.LBA1289	4.77E-60	184	COG0228@1|root,COG0228@2|Bacteria,1VA0X@1239|Firmicutes,4HKNN@91061|Bacilli,3F6VV@33958|Lactobacillaceae	91061|Bacilli	J	Belongs to the bacterial ribosomal protein bS16 family	rpsP	GO:0003674,GO:0003735,GO:0005198,GO:0005575,GO:0005622,GO:0005623,GO:0005737,GO:0005840,GO:0006412,GO:0006518,GO:0006807,GO:0008150,GO:0008152,GO:0009058,GO:0009059,GO:0009987,GO:0010467,GO:0015935,GO:0019538,GO:0032991,GO:0034641,GO:0034645,GO:0043043,GO:0043170,GO:0043226,GO:0043228,GO:0043229,GO:0043232,GO:0043603,GO:0043604,GO:0044237,GO:0044238,GO:0044249,GO:0044260,GO:0044267,GO:0044271,GO:0044391,GO:0044422,GO:0044424,GO:0044444,GO:0044446,GO:0044464,GO:0071704,GO:1901564,GO:1901566,GO:1901576,GO:1990904	-	ko:K02959	ko03010,map03010	M00178	-	-	br01610,ko00000,ko00001,ko00002,ko03011,ko03029	-	-	-	Ribosomal_S16	AIM2.1, IKBKB.1, IKBKB.2, IKBKB.3, IKBKB.4, IRAK1.1, IRAK1.2, IRAK1.3, IRAK1.4, IRAK4.1, IRAK4.2, NAIP.1, NAIP.2, NFKB1.2, NFKBIA.1, NLRC4.1, NLRC4.2, NLRC4.3, NLRC4.4, NLRP1.1, NLRP1.2, NLRP1.3, NLRP1.4, NLRP1.5, NLRP12.1, NLRP12.2, NLRP12.3, NLRP12.4, NLRP12.5, NLRP12.6, NLRP12.7, NLRP3.1, NLRP3.2, NLRP3.3, NLRP3.4, NLRP3.5, NLRP3.6, NLRP6.1, NLRP6.2, RELA.1, RELA.2, RELA.3, RELA.4, TAB2.1, TAB2.2, TLR4.1, TLR4.2, TLR4.3, TRAF6.1	49
PRODB_00616	N	N	Y	La_AF05-37B_00177	Lactobacillus acidophilus	Transcriptional regulator MraZ	Y	748671.LCRIS_00821	2.29E-92	270	COG2001@1|root,COG2001@2|Bacteria,1V3JD@1239|Firmicutes,4HH23@91061|Bacilli,3F6K3@33958|Lactobacillaceae	91061|Bacilli	K	Belongs to the MraZ family	mraZ	GO:0000976,GO:0001067,GO:0003674,GO:0003676,GO:0003677,GO:0003690,GO:0003700,GO:0005488,GO:0006355,GO:0008150,GO:0009889,GO:0009890,GO:0009892,GO:0010468,GO:0010556,GO:0010558,GO:0010605,GO:0010629,GO:0019219,GO:0019222,GO:0031323,GO:0031324,GO:0031326,GO:0031327,GO:0031333,GO:0043254,GO:0043565,GO:0044087,GO:0044212,GO:0045892,GO:0045934,GO:0048519,GO:0048523,GO:0050789,GO:0050794,GO:0051128,GO:0051129,GO:0051171,GO:0051172,GO:0051252,GO:0051253,GO:0060255,GO:0065007,GO:0080090,GO:0097159,GO:0140110,GO:1901363,GO:1902679,GO:1903506,GO:1903507,GO:1990837,GO:2000112,GO:2000113,GO:2000142,GO:2000143,GO:2001141	-	ko:K03925	-	-	-	-	ko00000	-	-	-	MraZ	AIM2.1, IKBKB.3, IRAK1.1, IRAK1.2, IRAK1.3, IRAK1.4, IRAK4.1, NAIP.1, NAIP.2, NFKB1.2, NFKBIA.1, NLRC4.1, NLRC4.2, NLRC4.3, NLRC4.4, NLRP1.1, NLRP1.2, NLRP1.3, NLRP1.4, NLRP1.5, NLRP12.1, NLRP12.2, NLRP12.3, NLRP12.4, NLRP12.5, NLRP12.6, NLRP12.7, NLRP3.1, NLRP3.2, NLRP3.3, NLRP3.4, NLRP3.5, NLRP3.6, NLRP6.1, NLRP6.2, RELA.1, RELA.2, RELA.3, RELA.4, TAB2.1, TAB2.2, TLR4.1, TLR4.2, TLR4.3, TRAF6.1	45
PRODB_00617	N	N	Y	Lh_CNRZ32_01650	Lactobacillus helveticus	Transcription termination/antitermination protein NusA	Y	326425.lhe_1274	2.14E-269	739	COG0195@1|root,COG0195@2|Bacteria,1TPB3@1239|Firmicutes,4HA7F@91061|Bacilli,3F3KZ@33958|Lactobacillaceae	91061|Bacilli	K	Participates in both transcription termination and antitermination	nusA	GO:0005575,GO:0005622,GO:0005623,GO:0005737,GO:0005829,GO:0006355,GO:0008150,GO:0009889,GO:0010468,GO:0010556,GO:0019219,GO:0019222,GO:0031323,GO:0031326,GO:0031554,GO:0031564,GO:0043244,GO:0044424,GO:0044444,GO:0044464,GO:0050789,GO:0050794,GO:0051128,GO:0051171,GO:0051252,GO:0060255,GO:0065007,GO:0080090,GO:1903506,GO:2000112,GO:2001141	-	ko:K02600	-	-	-	-	ko00000,ko03009,ko03021	-	-	-	KH_5,NusA_N,S1	AIM2.1, IRAK1.1, IRAK1.2, IRAK1.3, IRAK1.4, IRAK4.1, NAIP.1, NAIP.2, NFKB1.2, NFKBIA.1, NLRC4.3, NLRC4.4, NLRP1.1, NLRP1.2, NLRP1.4, NLRP12.5, NLRP3.1, NLRP3.2, NLRP3.3, NLRP3.4, NLRP3.5, NLRP3.6, TAB2.1, TAB2.2, TRAF6.1	25
PRODB_00618	N	N	Y	Lj_AF82-03b14_00216	Lactobacillus johnsonii	30S ribosomal protein S2	Y	257314.LJ_1500	8.63E-180	501	COG0052@1|root,COG0052@2|Bacteria,1TPNA@1239|Firmicutes,4H9N5@91061|Bacilli,3F3M1@33958|Lactobacillaceae	91061|Bacilli	J	Belongs to the universal ribosomal protein uS2 family	rpsB	GO:0003674,GO:0003735,GO:0005198,GO:0005575,GO:0005622,GO:0005623,GO:0005737,GO:0005829,GO:0005840,GO:0006412,GO:0006518,GO:0006807,GO:0008150,GO:0008152,GO:0009058,GO:0009059,GO:0009987,GO:0010467,GO:0015935,GO:0019538,GO:0022626,GO:0022627,GO:0032991,GO:0034641,GO:0034645,GO:0043043,GO:0043170,GO:0043226,GO:0043228,GO:0043229,GO:0043232,GO:0043603,GO:0043604,GO:0044237,GO:0044238,GO:0044249,GO:0044260,GO:0044267,GO:0044271,GO:0044391,GO:0044422,GO:0044424,GO:0044444,GO:0044445,GO:0044446,GO:0044464,GO:0071704,GO:1901564,GO:1901566,GO:1901576,GO:1990904	-	ko:K02967	ko03010,map03010	M00178,M00179	-	-	br01610,ko00000,ko00001,ko00002,ko03011	-	-	-	Ribosomal_S2	AIM2.1, IRAK1.1, IRAK1.2, IRAK1.3, IRAK1.4, IRAK4.1, NAIP.1, NAIP.2, NFKB1.2, NFKBIA.1, NLRC4.3, NLRC4.4, NLRP1.1, NLRP1.2, NLRP1.3, NLRP1.4, NLRP1.5, NLRP12.1, NLRP12.2, NLRP12.3, NLRP12.4, NLRP12.5, NLRP12.6, NLRP12.7, NLRP3.1, NLRP3.2, NLRP3.3, NLRP3.4, NLRP3.5, NLRP3.6, RELA.1, RELA.2, RELA.3, RELA.4, TAB2.1, TAB2.2, TLR4.1, TLR4.2, TLR4.3, TRAF6.1	40
PRODB_00619	N	N	Y	La_APC2845_01872	Lactobacillus acidophilus	D-lactate dehydrogenase	Y	272621.LBA0055	5.89E-244	670	COG1052@1|root,COG1052@2|Bacteria,1TSZ6@1239|Firmicutes,4HH0S@91061|Bacilli,3FB6C@33958|Lactobacillaceae	91061|Bacilli	C	Belongs to the D-isomer specific 2-hydroxyacid dehydrogenase family	ldhA	-	1.1.1.28	ko:K03778,ko:K18347	ko00620,ko01120,ko01502,ko02020,map00620,map01120,map01502,map02020	M00651	R00704	RC00044	ko00000,ko00001,ko00002,ko01000,ko01504	-	-	-	2-Hacid_dh,2-Hacid_dh_C	AIM2.1, IRAK1.2, NFKB1.2, NLRC4.3, NLRC4.4, NLRP3.1, NLRP3.2, NLRP3.3, NLRP3.4, NLRP3.5, NLRP3.6, TAB2.1, TAB2.2	13
PRODB_00620	N	N	Y	Lj_PC38_01727	Lactobacillus johnsonii	ATP synthase subunit alpha	Y	257314.LJ_0938	0.00E+00	962	COG0056@1|root,COG0056@2|Bacteria,1TNZ8@1239|Firmicutes,4HAMZ@91061|Bacilli,3F3R4@33958|Lactobacillaceae	91061|Bacilli	C	Produces ATP from ADP in the presence of a proton gradient across the membrane. The alpha chain is a regulatory subunit	atpA	-	3.6.3.14	ko:K02111	ko00190,ko00195,ko01100,map00190,map00195,map01100	M00157	-	-	ko00000,ko00001,ko00002,ko00194,ko01000	3.A.2.1	-	iSB619.SA_RS10975	ATP-synt_ab,ATP-synt_ab_C,ATP-synt_ab_N	IRAK1.2, NFKB1.2	2
PRODB_00621	N	N	Y	Lh_FAM22076_00217	Lactobacillus helveticus	50S ribosomal protein L19	Y	1423748.BALB01000030_gene1896	1.16E-81	242	COG0335@1|root,COG0335@2|Bacteria,1V6FT@1239|Firmicutes,4HIK3@91061|Bacilli,3F6K4@33958|Lactobacillaceae	91061|Bacilli	J	This protein is located at the 30S-50S ribosomal subunit interface and may play a role in the structure and function of the aminoacyl-tRNA binding site	rplS	GO:0003674,GO:0003735,GO:0005198,GO:0005575,GO:0005622,GO:0005623,GO:0005737,GO:0005829,GO:0005840,GO:0015934,GO:0022625,GO:0022626,GO:0032991,GO:0043226,GO:0043228,GO:0043229,GO:0043232,GO:0044391,GO:0044422,GO:0044424,GO:0044444,GO:0044445,GO:0044446,GO:0044464,GO:1990904	-	ko:K02884	ko03010,map03010	M00178	-	-	br01610,ko00000,ko00001,ko00002,ko03011	-	-	-	Ribosomal_L19	AIM2.1, IRAK1.1, IRAK1.2, IRAK1.3, IRAK1.4, IRAK4.1, NAIP.1, NAIP.2, NFKB1.2, NFKBIA.1, NLRC4.2, NLRC4.3, NLRC4.4, NLRP1.1, NLRP1.2, NLRP1.3, NLRP1.4, NLRP12.1, NLRP12.2, NLRP12.3, NLRP12.4, NLRP12.5, NLRP12.6, NLRP12.7, NLRP3.1, NLRP3.2, NLRP3.3, NLRP3.4, NLRP3.5, NLRP3.6, RELA.1, RELA.2, RELA.3, RELA.4, TAB2.1, TAB2.2, TLR4.1, TLR4.2, TLR4.3, TRAF6.1	40
PRODB_00622	N	N	Y	Ld_ME-801_01273	Lactobacillus delbrueckii	UvrABC system protein C	Y	390333.Ldb0816	0.00E+00	1169	COG0322@1|root,COG0322@2|Bacteria,1TP4B@1239|Firmicutes,4H9QH@91061|Bacilli,3F3MY@33958|Lactobacillaceae	91061|Bacilli	L	The UvrABC repair system catalyzes the recognition and processing of DNA lesions. UvrC both incises the 5' and 3' sides of the lesion. The N-terminal half is responsible for the 3' incision and the C-terminal half is responsible for the 5' incision	uvrC	GO:0005575,GO:0005622,GO:0005623,GO:0006950,GO:0006974,GO:0008150,GO:0009380,GO:0009987,GO:0032991,GO:0033554,GO:0044424,GO:0044464,GO:0050896,GO:0051716,GO:1902494,GO:1905347,GO:1905348,GO:1990391	-	ko:K03703	ko03420,map03420	-	-	-	ko00000,ko00001,ko03400	-	-	-	GIY-YIG,HHH_2,HHH_5,UVR,UvrC_HhH_N	IRAK1.1, IRAK1.2, NFKB1.2, NLRP3.1	4
PRODB_00623	N	N	Y	La_AF16-5LB_00524	Lactobacillus acidophilus	Elongation factor P	Y	272621.LBA1335	2.46E-132	375	COG0231@1|root,COG0231@2|Bacteria,1TR8P@1239|Firmicutes,4H9YX@91061|Bacilli,3F422@33958|Lactobacillaceae	91061|Bacilli	J	Involved in peptide bond synthesis. Stimulates efficient translation and peptide-bond synthesis on native or reconstituted 70S ribosomes in vitro. Probably functions indirectly by altering the affinity of the ribosome for aminoacyl-tRNA, thus increasing their reactivity as acceptors for peptidyl transferase	efp	GO:0003674,GO:0003676,GO:0003723,GO:0003746,GO:0005488,GO:0005575,GO:0005622,GO:0005623,GO:0005737,GO:0006412,GO:0006414,GO:0006518,GO:0006807,GO:0008135,GO:0008150,GO:0008152,GO:0009058,GO:0009059,GO:0009987,GO:0010467,GO:0019538,GO:0034641,GO:0034645,GO:0043043,GO:0043170,GO:0043603,GO:0043604,GO:0044237,GO:0044238,GO:0044249,GO:0044260,GO:0044267,GO:0044271,GO:0044424,GO:0044464,GO:0071704,GO:0097159,GO:1901363,GO:1901564,GO:1901566,GO:1901576	-	ko:K02356	-	-	-	-	ko00000,ko03012	-	-	-	EFP,EFP_N,Elong-fact-P_C	AIM2.1, IKBKB.1, IKBKB.2, IKBKB.3, IKBKB.4, IRAK1.1, IRAK1.2, IRAK1.3, IRAK1.4, IRAK4.1, IRAK4.2, NAIP.1, NAIP.2, NFKB1.2, NFKBIA.1, NLRC4.1, NLRC4.2, NLRC4.3, NLRC4.4, NLRP1.1, NLRP1.2, NLRP1.3, NLRP1.4, NLRP1.5, NLRP12.1, NLRP12.2, NLRP12.3, NLRP12.4, NLRP12.5, NLRP12.6, NLRP12.7, NLRP3.1, NLRP3.2, NLRP3.3, NLRP3.4, NLRP3.5, NLRP3.6, NLRP6.1, NLRP6.2, RELA.1, RELA.2, RELA.3, RELA.4, TAB2.1, TAB2.2, TLR4.1, TLR4.2, TLR4.3, TRAF6.1	49
PRODB_00624	N	N	Y	Lh_LZ-R-5_01911	Lactobacillus helveticus	putative ABC transporter ATP-binding protein YbiT	Y	326425.lhe_0618	0.00E+00	1062	COG0488@1|root,COG0488@2|Bacteria,1TPW0@1239|Firmicutes,4HATH@91061|Bacilli,3F3ZJ@33958|Lactobacillaceae	91061|Bacilli	S	ABC transporter, ATP-binding protein	ykpA	-	-	-	-	-	-	-	-	-	-	-	ABC_tran,ABC_tran_Xtn	NFKB1.2	1
PRODB_00625	N	N	Y	Ld_ME-784_01770	Lactobacillus delbrueckii	ATP-dependent protease subunit HslV	Y	353496.LBU_1084	3.03E-114	328	COG5405@1|root,COG5405@2|Bacteria,1TPXK@1239|Firmicutes,4H9PD@91061|Bacilli,3F4HS@33958|Lactobacillaceae	91061|Bacilli	O	Protease subunit of a proteasome-like degradation complex believed to be a general protein degrading machinery	hslV	-	3.4.25.2	ko:K01419	-	-	-	-	ko00000,ko01000,ko01002	-	-	-	Proteasome	AIM2.1, IKBKB.1, IKBKB.2, IKBKB.3, IKBKB.4, IRAK1.1, IRAK1.2, IRAK1.3, IRAK1.4, IRAK4.1, IRAK4.2, NAIP.1, NAIP.2, NFKB1.2, NFKBIA.1, NLRC4.1, NLRC4.2, NLRC4.3, NLRC4.4, NLRP1.1, NLRP1.2, NLRP1.3, NLRP1.4, NLRP1.5, NLRP12.1, NLRP12.2, NLRP12.3, NLRP12.4, NLRP12.5, NLRP12.6, NLRP12.7, NLRP3.1, NLRP3.2, NLRP3.3, NLRP3.4, NLRP3.5, NLRP3.6, NLRP6.1, NLRP6.2, RELA.1, RELA.2, RELA.3, RELA.4, TAB2.1, TAB2.2, TLR4.1, TLR4.2, TLR4.3, TRAF6.1	49
PRODB_00626	N	N	Y	Lj_CIRM-BIA_868_00792	Lactobacillus johnsonii	Methylenetetrahydrofolate--tRNA-(uracil-5-)-methyltransferase TrmFO	Y	257314.LJ_1109	0.00E+00	855	COG1206@1|root,COG1206@2|Bacteria,1TP67@1239|Firmicutes,4HB27@91061|Bacilli,3F3WW@33958|Lactobacillaceae	91061|Bacilli	J	Catalyzes the folate-dependent formation of 5-methyl- uridine at position 54 (M-5-U54) in all tRNAs	trmFO	GO:0000166,GO:0001510,GO:0002097,GO:0002098,GO:0003674,GO:0005488,GO:0005575,GO:0005622,GO:0005623,GO:0005737,GO:0005829,GO:0006139,GO:0006396,GO:0006399,GO:0006400,GO:0006725,GO:0006807,GO:0008033,GO:0008150,GO:0008152,GO:0009451,GO:0009987,GO:0010467,GO:0016070,GO:0030488,GO:0032259,GO:0034470,GO:0034641,GO:0034660,GO:0036094,GO:0043167,GO:0043168,GO:0043170,GO:0043412,GO:0043414,GO:0044237,GO:0044238,GO:0044260,GO:0044424,GO:0044444,GO:0044464,GO:0046483,GO:0048037,GO:0050660,GO:0050662,GO:0071704,GO:0090304,GO:0097159,GO:1901265,GO:1901360,GO:1901363	2.1.1.74	ko:K04094	-	-	-	-	ko00000,ko01000,ko03016,ko03036	-	-	-	GIDA	IRAK1.1, IRAK1.2, IRAK1.3, IRAK1.4, IRAK4.1, NFKB1.2, NLRC4.2, NLRC4.3, NLRC4.4, NLRP12.2, NLRP12.5, NLRP12.6, NLRP3.1, NLRP3.2, NLRP3.3, NLRP3.4, NLRP3.5, NLRP3.6, RELA.1, RELA.2, RELA.3, RELA.4, TAB2.1, TAB2.2, TLR4.3	25
PRODB_00627	N	N	Y	La_BCRC_17486_01420	Lactobacillus acidophilus	50S ribosomal protein L28	Y	272621.LBA1312	3.26E-36	122	COG0227@1|root,COG0227@2|Bacteria,1VEI2@1239|Firmicutes,4HNIK@91061|Bacilli,3F7ZN@33958|Lactobacillaceae	91061|Bacilli	J	Belongs to the bacterial ribosomal protein bL28 family	rpmB	-	-	ko:K02902	ko03010,map03010	M00178	-	-	br01610,ko00000,ko00001,ko00002,ko03011	-	-	-	Ribosomal_L28	AIM2.1, IKBKB.1, IKBKB.2, IKBKB.3, IKBKB.4, IRAK1.1, IRAK1.2, IRAK1.3, IRAK1.4, IRAK4.1, IRAK4.2, NAIP.1, NAIP.2, NFKB1.2, NFKBIA.1, NLRC4.1, NLRC4.2, NLRC4.3, NLRC4.4, NLRP1.1, NLRP1.2, NLRP1.3, NLRP1.4, NLRP1.5, NLRP12.1, NLRP12.2, NLRP12.3, NLRP12.4, NLRP12.5, NLRP12.6, NLRP12.7, NLRP3.1, NLRP3.2, NLRP3.3, NLRP3.4, NLRP3.5, NLRP3.6, NLRP6.1, NLRP6.2, RELA.1, RELA.2, RELA.3, RELA.4, TAB2.1, TAB2.2, TLR4.1, TLR4.2, TLR4.3, TRAF6.1	49
PRODB_00628	N	N	Y	Ld_CIRM-BIA_1383_00735	Lactobacillus delbrueckii	50S ribosomal protein L27	Y	390333.Ldb1430	5.39E-64	195	COG0211@1|root,COG0211@2|Bacteria,1V6HW@1239|Firmicutes,4HIMN@91061|Bacilli,3F6WU@33958|Lactobacillaceae	91061|Bacilli	J	Belongs to the bacterial ribosomal protein bL27 family	rpmA	GO:0003674,GO:0003735,GO:0005198,GO:0005575,GO:0005622,GO:0005623,GO:0005737,GO:0005829,GO:0005840,GO:0015934,GO:0022625,GO:0022626,GO:0032991,GO:0043226,GO:0043228,GO:0043229,GO:0043232,GO:0044391,GO:0044422,GO:0044424,GO:0044444,GO:0044445,GO:0044446,GO:0044464,GO:1990904	-	ko:K02899	ko03010,map03010	M00178	-	-	br01610,ko00000,ko00001,ko00002,ko03011	-	-	-	Ribosomal_L27	AIM2.1, IKBKB.1, IKBKB.2, IKBKB.3, IKBKB.4, IRAK1.1, IRAK1.2, IRAK1.3, IRAK1.4, IRAK4.1, IRAK4.2, NAIP.1, NAIP.2, NFKB1.2, NFKBIA.1, NLRC4.1, NLRC4.2, NLRC4.3, NLRC4.4, NLRP1.1, NLRP1.2, NLRP1.3, NLRP1.4, NLRP1.5, NLRP12.1, NLRP12.2, NLRP12.3, NLRP12.4, NLRP12.5, NLRP12.6, NLRP12.7, NLRP3.1, NLRP3.2, NLRP3.3, NLRP3.4, NLRP3.5, NLRP3.6, NLRP6.1, NLRP6.2, RELA.1, RELA.2, RELA.3, RELA.4, TAB2.1, TAB2.2, TLR4.1, TLR4.2, TLR4.3, TRAF6.1	49
PRODB_00629	N	N	Y	Lj_DSM_100219_01704	Lactobacillus johnsonii	Holliday junction ATP-dependent DNA helicase RuvB	Y	257314.LJ_0468	1.34E-235	649	COG2255@1|root,COG2255@2|Bacteria,1TR47@1239|Firmicutes,4HBMW@91061|Bacilli,3F47S@33958|Lactobacillaceae	91061|Bacilli	L	The RuvA-RuvB complex in the presence of ATP renatures cruciform structure in supercoiled DNA with palindromic sequence, indicating that it may promote strand exchange reactions in homologous recombination. RuvAB is a helicase that mediates the Holliday junction migration by localized denaturation and reannealing	ruvB	-	3.6.4.12	ko:K03551	ko03440,map03440	-	-	-	ko00000,ko00001,ko01000,ko03400	-	-	-	RuvB_C,RuvB_N	AIM2.1, IRAK1.1, IRAK1.2, IRAK1.3, IRAK1.4, IRAK4.1, NFKB1.2, NLRC4.4, NLRP1.1, NLRP1.2, NLRP1.4, NLRP12.1, NLRP12.2, NLRP12.6, NLRP12.7, NLRP3.1, NLRP3.2, NLRP3.3, NLRP3.4, NLRP3.5, NLRP3.6, RELA.1, RELA.2, RELA.3, RELA.4, TAB2.1, TAB2.2, TLR4.3	28
PRODB_00630	N	N	Y	Lh_313_dup_HLPX4_01758	Lactobacillus helveticus	Putative aminopeptidase YsdC	Y	326425.lhe_0619	4.06E-260	713	COG1363@1|root,COG1363@2|Bacteria,1TNZT@1239|Firmicutes,4H9SM@91061|Bacilli,3F55I@33958|Lactobacillaceae	91061|Bacilli	E	M42 glutamyl aminopeptidase	pepA	-	-	-	-	-	-	-	-	-	-	-	Peptidase_M42	AIM2.1, IRAK1.1, IRAK1.2, IRAK1.3, IRAK1.4, NFKB1.2, NLRC4.3, NLRC4.4, NLRP12.2, NLRP12.4, NLRP12.5, NLRP12.6, NLRP3.1, NLRP3.3, NLRP3.5, NLRP3.6, RELA.2, TAB2.1, TAB2.2	19
PRODB_00631	N	N	Y	La_CIRM-BIA_2087_01193	Lactobacillus acidophilus	Enolase 2	Y	272621.LBA0889	0.00E+00	850	COG0148@1|root,COG0148@2|Bacteria,1V12I@1239|Firmicutes,4HTD2@91061|Bacilli,3FCCA@33958|Lactobacillaceae	91061|Bacilli	G	Catalyzes the reversible conversion of 2- phosphoglycerate into phosphoenolpyruvate. It is essential for the degradation of carbohydrates via glycolysis	eno	GO:0001968,GO:0003674,GO:0005488,GO:0005515,GO:0043236,GO:0050840	4.2.1.11	ko:K01689	ko00010,ko00680,ko01100,ko01110,ko01120,ko01130,ko01200,ko01230,ko03018,ko04066,map00010,map00680,map01100,map01110,map01120,map01130,map01200,map01230,map03018,map04066	M00001,M00002,M00003,M00346,M00394	R00658	RC00349	ko00000,ko00001,ko00002,ko01000,ko03019,ko04147	-	-	-	Enolase_C,Enolase_N	AIM2.1, IKBKB.3, IRAK1.1, IRAK1.2, IRAK1.3, IRAK1.4, NFKB1.2, NLRC4.4, NLRP1.1, NLRP1.2, NLRP1.4, NLRP3.1, NLRP3.3, RELA.1, RELA.2, RELA.3, RELA.4, TAB2.2, TLR4.3	19
PRODB_00632	N	N	Y	Lh_BD08_00934	Lactobacillus helveticus	tRNA uridine 5-carboxymethylaminomethyl modification enzyme MnmG	Y	326425.lhe_1924	0.00E+00	1237	COG0445@1|root,COG0445@2|Bacteria,1TQ4B@1239|Firmicutes,4HA6S@91061|Bacilli,3F454@33958|Lactobacillaceae	91061|Bacilli	D	NAD-binding protein involved in the addition of a carboxymethylaminomethyl (cmnm) group at the wobble position (U34) of certain tRNAs, forming tRNA-cmnm(5)s(2)U34	gidA	GO:0000166,GO:0001510,GO:0002097,GO:0002098,GO:0003674,GO:0005488,GO:0005575,GO:0005622,GO:0005623,GO:0005737,GO:0005829,GO:0006139,GO:0006396,GO:0006399,GO:0006400,GO:0006725,GO:0006807,GO:0008033,GO:0008150,GO:0008152,GO:0009451,GO:0009987,GO:0010467,GO:0016070,GO:0030488,GO:0032259,GO:0034470,GO:0034641,GO:0034660,GO:0036094,GO:0043167,GO:0043168,GO:0043170,GO:0043412,GO:0043414,GO:0044237,GO:0044238,GO:0044260,GO:0044424,GO:0044444,GO:0044464,GO:0046483,GO:0048037,GO:0050660,GO:0050662,GO:0071704,GO:0090304,GO:0097159,GO:1901265,GO:1901360,GO:1901363	-	ko:K03495	-	-	R08701	RC00053,RC00209,RC00870	ko00000,ko03016,ko03036	-	-	-	GIDA,GIDA_assoc	AIM2.1, IRAK1.1, IRAK1.2, IRAK1.3, IRAK1.4, NAIP.1, NAIP.2, NFKB1.2, NFKBIA.1, NLRC4.1, NLRC4.3, NLRC4.4, NLRP1.1, NLRP12.1, NLRP12.2, NLRP12.5, NLRP12.6, NLRP12.7, NLRP3.1, NLRP3.2, NLRP3.3, NLRP3.4, NLRP3.5, NLRP3.6, RELA.1, RELA.2, RELA.3, RELA.4, TAB2.1, TAB2.2, TLR4.3	31
PRODB_00633	N	N	Y	La_DS5_1A_01110	Lactobacillus acidophilus	16S/23S rRNA (cytidine-2'-O)-methyltransferase TlyA	Y	272621.LBA1328	2.52E-197	546	COG1189@1|root,COG1189@2|Bacteria,1TPE4@1239|Firmicutes,4HAPY@91061|Bacilli,3F45T@33958|Lactobacillaceae	91061|Bacilli	J	Ribosomal RNA large subunit methyltransferase J	rrmJ	-	2.1.1.226,2.1.1.227	ko:K06442	-	-	-	-	ko00000,ko01000,ko03009	-	-	-	FtsJ,S4	IRAK1.1, IRAK1.2, IRAK1.4, NLRC4.4, NLRP3.1, NLRP3.3, NLRP3.5, NLRP3.6	8
PRODB_00634	N	N	Y	La_DS9_1A_00970	Lactobacillus acidophilus	50S ribosomal protein L13	Y	272621.LBA0323	6.51E-103	297	COG0102@1|root,COG0102@2|Bacteria,1V3HX@1239|Firmicutes,4HG0I@91061|Bacilli,3F696@33958|Lactobacillaceae	91061|Bacilli	J	This protein is one of the early assembly proteins of the 50S ribosomal subunit, although it is not seen to bind rRNA by itself. It is important during the early stages of 50S assembly	rplM	GO:0003674,GO:0003676,GO:0003723,GO:0003729,GO:0003735,GO:0005198,GO:0005488,GO:0005575,GO:0005622,GO:0005623,GO:0005737,GO:0005829,GO:0005840,GO:0006412,GO:0006518,GO:0006807,GO:0008150,GO:0008152,GO:0009058,GO:0009059,GO:0009987,GO:0010467,GO:0015934,GO:0019538,GO:0022625,GO:0022626,GO:0032991,GO:0034641,GO:0034645,GO:0043043,GO:0043170,GO:0043226,GO:0043228,GO:0043229,GO:0043232,GO:0043603,GO:0043604,GO:0044237,GO:0044238,GO:0044249,GO:0044260,GO:0044267,GO:0044271,GO:0044391,GO:0044422,GO:0044424,GO:0044444,GO:0044445,GO:0044446,GO:0044464,GO:0071704,GO:0097159,GO:1901363,GO:1901564,GO:1901566,GO:1901576,GO:1990904	-	ko:K02871	ko03010,map03010	M00178,M00179	-	-	br01610,ko00000,ko00001,ko00002,ko03011	-	-	-	Ribosomal_L13	AIM2.1, IKBKB.1, IKBKB.2, IKBKB.3, IKBKB.4, IRAK1.1, IRAK1.2, IRAK1.3, IRAK1.4, IRAK4.1, IRAK4.2, NAIP.1, NAIP.2, NFKB1.2, NFKBIA.1, NLRC4.1, NLRC4.2, NLRC4.3, NLRC4.4, NLRP1.1, NLRP1.2, NLRP1.3, NLRP1.4, NLRP1.5, NLRP12.1, NLRP12.2, NLRP12.3, NLRP12.4, NLRP12.5, NLRP12.6, NLRP12.7, NLRP3.1, NLRP3.2, NLRP3.3, NLRP3.4, NLRP3.5, NLRP3.6, NLRP6.1, NLRP6.2, RELA.1, RELA.2, RELA.3, RELA.4, TAB2.1, TAB2.2, TLR4.1, TLR4.2, TLR4.3, TRAF6.1	49
PRODB_00635	N	N	Y	La_AM102-109_01645	Lactobacillus acidophilus	50S ribosomal protein L21	Y	272621.LBA1338	1.96E-65	199	COG0261@1|root,COG0261@2|Bacteria,1V9YH@1239|Firmicutes,4HIGK@91061|Bacilli,3F6WT@33958|Lactobacillaceae	91061|Bacilli	J	This protein binds to 23S rRNA in the presence of protein L20	rplU	GO:0003674,GO:0003735,GO:0005198	-	ko:K02888	ko03010,map03010	M00178	-	-	br01610,ko00000,ko00001,ko00002,ko03011	-	-	-	Ribosomal_L21p	AIM2.1, IRAK1.1, IRAK1.2, IRAK1.3, IRAK1.4, IRAK4.1, NFKB1.2, NFKBIA.1, NLRC4.3, NLRC4.4, NLRP12.5, NLRP3.1, NLRP3.2, NLRP3.3, NLRP3.4, NLRP3.5, NLRP3.6, RELA.1, RELA.2, RELA.3, RELA.4, TAB2.1, TAB2.2, TLR4.3	24
PRODB_00636	N	N	Y	Ld_FAM_22091_01143	Lactobacillus delbrueckii	Ribosomal RNA large subunit methyltransferase H	Y	353496.LBU_0101	1.94E-100	292	COG1576@1|root,COG1576@2|Bacteria,1V3JM@1239|Firmicutes,4HFP8@91061|Bacilli,3F3YX@33958|Lactobacillaceae	91061|Bacilli	J	Specifically methylates the pseudouridine at position 1915 (m3Psi1915) in 23S rRNA	rlmH	-	2.1.1.177	ko:K00783	-	-	-	-	ko00000,ko01000,ko03009	-	-	-	SPOUT_MTase	AIM2.1, IKBKB.3, IRAK1.1, IRAK1.2, IRAK1.3, IRAK1.4, IRAK4.1, NAIP.1, NAIP.2, NFKB1.2, NFKBIA.1, NLRC4.1, NLRC4.2, NLRC4.3, NLRC4.4, NLRP1.1, NLRP1.2, NLRP1.3, NLRP1.4, NLRP1.5, NLRP12.1, NLRP12.2, NLRP12.3, NLRP12.4, NLRP12.5, NLRP12.6, NLRP12.7, NLRP3.1, NLRP3.2, NLRP3.3, NLRP3.4, NLRP3.5, NLRP3.6, NLRP6.1, NLRP6.2, RELA.1, RELA.2, RELA.3, RELA.4, TAB2.1, TAB2.2, TLR4.1, TLR4.2, TLR4.3, TRAF6.1	45
PRODB_00637	N	N	Y	Lh_LZ-R-5_01469	Lactobacillus helveticus	Thymidylate synthase	Y	326425.lhe_0901	2.22E-242	665	COG0207@1|root,COG0207@2|Bacteria,1TSIR@1239|Firmicutes,4H9QS@91061|Bacilli,3F3SB@33958|Lactobacillaceae	91061|Bacilli	F	Catalyzes the reductive methylation of 2'-deoxyuridine- 5'-monophosphate (dUMP) to 2'-deoxythymidine-5'-monophosphate (dTMP) while utilizing 5,10-methylenetetrahydrofolate (mTHF) as the methyl donor and reductant in the reaction, yielding dihydrofolate (DHF) as a by-product. This enzymatic reaction provides an intracellular de novo source of dTMP, an essential precursor for DNA biosynthesis	thyA	GO:0003674,GO:0003824,GO:0004799,GO:0006139,GO:0006725,GO:0006753,GO:0006793,GO:0006796,GO:0006807,GO:0008150,GO:0008152,GO:0008168,GO:0009058,GO:0009117,GO:0009165,GO:0009262,GO:0009263,GO:0009265,GO:0009394,GO:0009987,GO:0016740,GO:0016741,GO:0018130,GO:0019438,GO:0019637,GO:0019692,GO:0032259,GO:0034641,GO:0034654,GO:0042083,GO:0044237,GO:0044238,GO:0044249,GO:0044271,GO:0044281,GO:0046385,GO:0046483,GO:0055086,GO:0071704,GO:0090407,GO:1901135,GO:1901137,GO:1901293,GO:1901360,GO:1901362,GO:1901576	2.1.1.45	ko:K00560	ko00240,ko00670,ko01100,ko01523,map00240,map00670,map01100,map01523	M00053	R02101	RC00219,RC00332	ko00000,ko00001,ko00002,ko01000	-	-	-	Thymidylat_synt	AIM2.1, IKBKB.3, IRAK1.1, IRAK1.2, IRAK1.3, IRAK1.4, IRAK4.1, IRAK4.2, NAIP.1, NAIP.2, NFKB1.2, NFKBIA.1, NLRC4.2, NLRC4.3, NLRC4.4, NLRP1.1, NLRP1.2, NLRP1.3, NLRP1.4, NLRP1.5, NLRP12.1, NLRP12.2, NLRP12.3, NLRP12.4, NLRP12.5, NLRP12.6, NLRP12.7, NLRP3.1, NLRP3.2, NLRP3.3, NLRP3.4, NLRP3.5, NLRP3.6, NLRP6.1, NLRP6.2, RELA.1, RELA.2, RELA.3, RELA.4, TAB2.1, TAB2.2, TLR4.1, TLR4.2, TLR4.3, TRAF6.1	45
PRODB_00638	N	N	Y	La_ATCC_4356_01466	Lactobacillus acidophilus	Adenylate kinase	Y	272621.LBA0312	4.33E-154	432	COG0563@1|root,COG0563@2|Bacteria,1TP27@1239|Firmicutes,4HA89@91061|Bacilli,3F3KB@33958|Lactobacillaceae	91061|Bacilli	F	Catalyzes the reversible transfer of the terminal phosphate group between ATP and AMP. Plays an important role in cellular energy homeostasis and in adenine nucleotide metabolism	adk	GO:0003674,GO:0003824,GO:0004017,GO:0005575,GO:0005622,GO:0005623,GO:0005737,GO:0006139,GO:0006725,GO:0006753,GO:0006793,GO:0006796,GO:0006807,GO:0008150,GO:0008152,GO:0009058,GO:0009117,GO:0009123,GO:0009165,GO:0009987,GO:0015949,GO:0016301,GO:0016310,GO:0016740,GO:0016772,GO:0016776,GO:0018130,GO:0019205,GO:0019438,GO:0019637,GO:0034641,GO:0034654,GO:0044237,GO:0044238,GO:0044249,GO:0044271,GO:0044281,GO:0044424,GO:0044464,GO:0046483,GO:0046940,GO:0050145,GO:0055086,GO:0071704,GO:0090407,GO:1901293,GO:1901360,GO:1901362,GO:1901576	2.7.4.3	ko:K00939	ko00230,ko00730,ko01100,ko01110,ko01130,map00230,map00730,map01100,map01110,map01130	M00049	R00127,R01547,R11319	RC00002	ko00000,ko00001,ko00002,ko01000,ko04147	-	-	-	ADK,ADK_lid	AIM2.1, IRAK1.1, IRAK1.2, IRAK1.3, IRAK1.4, NFKB1.2, NLRC4.4, NLRP1.4, NLRP12.5, NLRP3.1, NLRP3.2, NLRP3.3, NLRP3.5, NLRP3.6, RELA.1, RELA.2, RELA.3, RELA.4, TAB2.1, TAB2.2	20
PRODB_00639	N	N	Y	La_ATCC_53544_00291	Lactobacillus acidophilus	50S ribosomal protein L17	Y	272621.LBA0318	9.07E-80	237	COG0203@1|root,COG0203@2|Bacteria,1V6JQ@1239|Firmicutes,4HGX2@91061|Bacilli,3F6GJ@33958|Lactobacillaceae	91061|Bacilli	J	Ribosomal protein L17	rplQ	GO:0003674,GO:0003735,GO:0005198,GO:0005575,GO:0005622,GO:0005623,GO:0005737,GO:0005829,GO:0005840,GO:0015934,GO:0022625,GO:0022626,GO:0032991,GO:0043226,GO:0043228,GO:0043229,GO:0043232,GO:0044391,GO:0044422,GO:0044424,GO:0044444,GO:0044445,GO:0044446,GO:0044464,GO:1990904	-	ko:K02879	ko03010,map03010	M00178	-	-	br01610,ko00000,ko00001,ko00002,ko03011	-	-	-	Ribosomal_L17	AIM2.1, IKBKB.3, IKBKB.4, IRAK1.1, IRAK1.2, IRAK1.3, IRAK1.4, IRAK4.1, IRAK4.2, NAIP.1, NAIP.2, NFKB1.2, NFKBIA.1, NLRC4.1, NLRC4.2, NLRC4.3, NLRC4.4, NLRP1.1, NLRP1.2, NLRP1.3, NLRP1.4, NLRP1.5, NLRP12.1, NLRP12.2, NLRP12.3, NLRP12.4, NLRP12.5, NLRP12.6, NLRP12.7, NLRP3.1, NLRP3.2, NLRP3.3, NLRP3.4, NLRP3.5, NLRP3.6, NLRP6.1, NLRP6.2, RELA.1, RELA.2, RELA.3, RELA.4, TAB2.1, TAB2.2, TLR4.1, TLR4.2, TLR4.3, TRAF6.1	47
PRODB_00640	N	N	Y	Lj_CIRM-BIA_674_00405	Lactobacillus johnsonii	Signal recognition particle protein	Y	257314.LJ_1516	7.72E-289	795	COG0541@1|root,COG0541@2|Bacteria,1TP06@1239|Firmicutes,4H9T4@91061|Bacilli,3F40R@33958|Lactobacillaceae	91061|Bacilli	U	Involved in targeting and insertion of nascent membrane proteins into the cytoplasmic membrane. Binds to the hydrophobic signal sequence of the ribosome-nascent chain (RNC) as it emerges from the ribosomes. The SRP-RNC complex is then targeted to the cytoplasmic membrane where it interacts with the SRP receptor FtsY	ffh	-	3.6.5.4	ko:K03106	ko02024,ko03060,ko03070,map02024,map03060,map03070	M00335	-	-	ko00000,ko00001,ko00002,ko01000,ko02044	3.A.5.1,3.A.5.2,3.A.5.7,3.A.5.8,3.A.5.9	-	-	SRP54,SRP54_N,SRP_SPB	IRAK1.2, NFKB1.2, NLRC4.4, NLRP3.1, TAB2.1, TAB2.2	6
PRODB_00641	N	N	Y	La_AM18-13_01212	Lactobacillus acidophilus	30S ribosomal protein S13	Y	272621.LBA0315	2.07E-73	220	COG0099@1|root,COG0099@2|Bacteria,1V3JH@1239|Firmicutes,4HGX6@91061|Bacilli,3F6GN@33958|Lactobacillaceae	91061|Bacilli	J	Located at the top of the head of the 30S subunit, it contacts several helices of the 16S rRNA. In the 70S ribosome it contacts the 23S rRNA (bridge B1a) and protein L5 of the 50S subunit (bridge B1b), connecting the 2 subunits	rpsM	GO:0003674,GO:0003735,GO:0005198,GO:0005575,GO:0005622,GO:0005623,GO:0005737,GO:0005829,GO:0005840,GO:0006412,GO:0006518,GO:0006807,GO:0008150,GO:0008152,GO:0009058,GO:0009059,GO:0009987,GO:0010467,GO:0015935,GO:0019538,GO:0022613,GO:0032991,GO:0034641,GO:0034645,GO:0042254,GO:0043043,GO:0043170,GO:0043226,GO:0043228,GO:0043229,GO:0043232,GO:0043603,GO:0043604,GO:0044085,GO:0044237,GO:0044238,GO:0044249,GO:0044260,GO:0044267,GO:0044271,GO:0044391,GO:0044422,GO:0044424,GO:0044444,GO:0044446,GO:0044464,GO:0071704,GO:0071840,GO:1901564,GO:1901566,GO:1901576,GO:1990904	-	ko:K02952	ko03010,map03010	M00178,M00179	-	-	br01610,ko00000,ko00001,ko00002,ko03011	-	-	-	Ribosomal_S13	AIM2.1, IRAK1.1, IRAK1.2, IRAK1.3, IRAK1.4, IRAK4.1, NAIP.1, NAIP.2, NFKB1.2, NFKBIA.1, NLRC4.1, NLRC4.2, NLRC4.3, NLRC4.4, NLRP1.1, NLRP1.2, NLRP1.3, NLRP1.4, NLRP1.5, NLRP12.1, NLRP12.2, NLRP12.3, NLRP12.4, NLRP12.5, NLRP12.6, NLRP12.7, NLRP3.1, NLRP3.2, NLRP3.3, NLRP3.4, NLRP3.5, NLRP3.6, RELA.1, RELA.2, RELA.3, RELA.4, TAB2.1, TAB2.2, TLR4.1, TLR4.2, TLR4.3, TRAF6.1	42
PRODB_00642	N	N	Y	La_5460_00297	Lactobacillus acidophilus	30S ribosomal protein S17	Y	272621.LBA0300	1.51E-53	168	COG0186@1|root,COG0186@2|Bacteria,1V9YC@1239|Firmicutes,4HKDN@91061|Bacilli,3F7FX@33958|Lactobacillaceae	91061|Bacilli	J	One of the primary rRNA binding proteins, it binds specifically to the 5'-end of 16S ribosomal RNA	rpsQ	GO:0003674,GO:0003735,GO:0005198,GO:0005575,GO:0005622,GO:0005623,GO:0005737,GO:0005829,GO:0005840,GO:0006412,GO:0006518,GO:0006807,GO:0008150,GO:0008152,GO:0009058,GO:0009059,GO:0009987,GO:0010467,GO:0015935,GO:0019538,GO:0022626,GO:0022627,GO:0032991,GO:0034641,GO:0034645,GO:0043043,GO:0043170,GO:0043226,GO:0043228,GO:0043229,GO:0043232,GO:0043603,GO:0043604,GO:0044237,GO:0044238,GO:0044249,GO:0044260,GO:0044267,GO:0044271,GO:0044391,GO:0044422,GO:0044424,GO:0044444,GO:0044445,GO:0044446,GO:0044464,GO:0071704,GO:1901564,GO:1901566,GO:1901576,GO:1990904	-	ko:K02961	ko03010,map03010	M00178,M00179	-	-	br01610,ko00000,ko00001,ko00002,ko03011	-	-	-	Ribosomal_S17	AIM2.1, IKBKB.1, IKBKB.2, IKBKB.3, IKBKB.4, IRAK1.1, IRAK1.2, IRAK1.3, IRAK1.4, IRAK4.1, IRAK4.2, NAIP.1, NAIP.2, NFKB1.2, NFKBIA.1, NLRC4.1, NLRC4.2, NLRC4.3, NLRC4.4, NLRP1.1, NLRP1.2, NLRP1.3, NLRP1.4, NLRP1.5, NLRP12.1, NLRP12.2, NLRP12.3, NLRP12.4, NLRP12.5, NLRP12.6, NLRP12.7, NLRP3.1, NLRP3.2, NLRP3.3, NLRP3.4, NLRP3.5, NLRP3.6, NLRP6.1, NLRP6.2, RELA.1, RELA.2, RELA.3, RELA.4, TAB2.1, TAB2.2, TLR4.1, TLR4.2, TLR4.3, TRAF6.1	49
PRODB_00643	N	N	Y	La_AF75-02b14_01054	Lactobacillus acidophilus	50S ribosomal protein L18	Y	272621.LBA0306	3.41E-73	220	COG0256@1|root,COG0256@2|Bacteria,1V6DM@1239|Firmicutes,4HIGF@91061|Bacilli,3F6KN@33958|Lactobacillaceae	91061|Bacilli	J	This is one of the proteins that binds and probably mediates the attachment of the 5S RNA into the large ribosomal subunit, where it forms part of the central protuberance	rplR	GO:0003674,GO:0003676,GO:0003723,GO:0005488,GO:0005575,GO:0005622,GO:0005623,GO:0005737,GO:0005829,GO:0005840,GO:0008097,GO:0015934,GO:0019843,GO:0022625,GO:0022626,GO:0032991,GO:0043226,GO:0043228,GO:0043229,GO:0043232,GO:0044391,GO:0044422,GO:0044424,GO:0044444,GO:0044445,GO:0044446,GO:0044464,GO:0097159,GO:1901363,GO:1990904	-	ko:K02881	ko03010,map03010	M00178,M00179	-	-	br01610,ko00000,ko00001,ko00002,ko03011	-	-	-	Ribosomal_L18p	AIM2.1, IKBKB.3, IKBKB.4, IRAK1.1, IRAK1.2, IRAK1.3, IRAK1.4, IRAK4.1, IRAK4.2, NAIP.1, NAIP.2, NFKB1.2, NFKBIA.1, NLRC4.1, NLRC4.2, NLRC4.3, NLRC4.4, NLRP1.1, NLRP1.2, NLRP1.3, NLRP1.4, NLRP1.5, NLRP12.1, NLRP12.2, NLRP12.4, NLRP12.5, NLRP12.6, NLRP12.7, NLRP3.1, NLRP3.2, NLRP3.3, NLRP3.4, NLRP3.5, NLRP3.6, NLRP6.1, NLRP6.2, RELA.1, RELA.2, RELA.3, RELA.4, TAB2.1, TAB2.2, TLR4.1, TLR4.2, TLR4.3, TRAF6.1	46
PRODB_00644	N	N	Y	Lj_117c_01080	Lactobacillus johnsonii	50S ribosomal protein L24	Y	257314.LJ_0349	3.38E-46	149	COG0198@1|root,COG0198@2|Bacteria,1V9ZQ@1239|Firmicutes,4HKH9@91061|Bacilli,3F6X5@33958|Lactobacillaceae	91061|Bacilli	J	One of the proteins that surrounds the polypeptide exit tunnel on the outside of the subunit	rplX	GO:0005575,GO:0005622,GO:0005623,GO:0005737,GO:0005829,GO:0005840,GO:0006412,GO:0006518,GO:0006807,GO:0008150,GO:0008152,GO:0009058,GO:0009059,GO:0009987,GO:0010467,GO:0015934,GO:0019538,GO:0022625,GO:0022626,GO:0032991,GO:0034641,GO:0034645,GO:0043043,GO:0043170,GO:0043226,GO:0043228,GO:0043229,GO:0043232,GO:0043603,GO:0043604,GO:0044237,GO:0044238,GO:0044249,GO:0044260,GO:0044267,GO:0044271,GO:0044391,GO:0044422,GO:0044424,GO:0044444,GO:0044445,GO:0044446,GO:0044464,GO:0071704,GO:1901564,GO:1901566,GO:1901576,GO:1990904	-	ko:K02895	ko03010,map03010	M00178,M00179	-	-	br01610,ko00000,ko00001,ko00002,ko03011	-	-	-	KOW,ribosomal_L24	AIM2.1, IKBKB.1, IKBKB.2, IKBKB.3, IKBKB.4, IRAK1.1, IRAK1.2, IRAK1.3, IRAK1.4, IRAK4.1, IRAK4.2, NAIP.1, NAIP.2, NFKB1.2, NFKBIA.1, NLRC4.1, NLRC4.2, NLRC4.3, NLRC4.4, NLRP1.1, NLRP1.2, NLRP1.3, NLRP1.4, NLRP1.5, NLRP12.1, NLRP12.2, NLRP12.3, NLRP12.4, NLRP12.5, NLRP12.6, NLRP12.7, NLRP3.1, NLRP3.2, NLRP3.3, NLRP3.4, NLRP3.5, NLRP3.6, NLRP6.1, NLRP6.2, RELA.1, RELA.2, RELA.3, RELA.4, TAB2.1, TAB2.2, TLR4.1, TLR4.2, TLR4.3, TRAF6.1	49
PRODB_00645	N	N	Y	La_DS8_1A_01088	Lactobacillus acidophilus	50S ribosomal protein L30	Y	1423767.BALU01000004_gene1257	3.15E-34	117	COG1841@1|root,COG1841@2|Bacteria,1VEG4@1239|Firmicutes,4HNHF@91061|Bacilli,3F7ZU@33958|Lactobacillaceae	91061|Bacilli	J	Ribosomal protein L30	rpmD	GO:0005575,GO:0005622,GO:0005623,GO:0005737,GO:0005829,GO:0005840,GO:0015934,GO:0022625,GO:0022626,GO:0032991,GO:0043226,GO:0043228,GO:0043229,GO:0043232,GO:0044391,GO:0044422,GO:0044424,GO:0044444,GO:0044445,GO:0044446,GO:0044464,GO:1990904	-	ko:K02907	ko03010,map03010	M00178,M00179	-	-	br01610,ko00000,ko00001,ko00002,ko03011	-	-	-	Ribosomal_L30	AIM2.1, IKBKB.3, IKBKB.4, IRAK1.1, IRAK1.2, IRAK1.3, IRAK1.4, IRAK4.1, IRAK4.2, NAIP.1, NAIP.2, NFKB1.2, NFKBIA.1, NLRC4.1, NLRC4.2, NLRC4.3, NLRC4.4, NLRP1.1, NLRP1.2, NLRP1.3, NLRP1.4, NLRP1.5, NLRP12.1, NLRP12.2, NLRP12.3, NLRP12.4, NLRP12.5, NLRP12.6, NLRP12.7, NLRP3.1, NLRP3.2, NLRP3.3, NLRP3.4, NLRP3.5, NLRP3.6, RELA.1, RELA.2, RELA.3, RELA.4, TAB2.1, TAB2.2, TLR4.1, TLR4.2, TLR4.3, TRAF6.1	45
PRODB_00646	N	N	Y	Ld_BIO6744_01675	Lactobacillus delbrueckii	30S ribosomal protein S5	Y	353496.LBU_0337	2.15E-110	318	COG0098@1|root,COG0098@2|Bacteria,1V1B1@1239|Firmicutes,4HFN4@91061|Bacilli,3F3VY@33958|Lactobacillaceae	91061|Bacilli	J	Located at the back of the 30S subunit body where it stabilizes the conformation of the head with respect to the body	rpsE	GO:0003674,GO:0003735,GO:0005198,GO:0005575,GO:0005622,GO:0005623,GO:0005737,GO:0005829,GO:0005840,GO:0006412,GO:0006518,GO:0006807,GO:0008150,GO:0008152,GO:0009058,GO:0009059,GO:0009987,GO:0010467,GO:0015935,GO:0019538,GO:0022626,GO:0022627,GO:0032991,GO:0034641,GO:0034645,GO:0043043,GO:0043170,GO:0043226,GO:0043228,GO:0043229,GO:0043232,GO:0043603,GO:0043604,GO:0044237,GO:0044238,GO:0044249,GO:0044260,GO:0044267,GO:0044271,GO:0044391,GO:0044422,GO:0044424,GO:0044444,GO:0044445,GO:0044446,GO:0044464,GO:0071704,GO:1901564,GO:1901566,GO:1901576,GO:1990904	-	ko:K02988	ko03010,map03010	M00178,M00179	-	-	br01610,ko00000,ko00001,ko00002,ko03011	-	-	-	Ribosomal_S5,Ribosomal_S5_C	AIM2.1, IRAK1.1, IRAK1.2, IRAK1.3, IRAK1.4, IRAK4.1, NFKB1.2, NFKBIA.1, NLRC4.4, NLRP12.5, NLRP3.1, NLRP3.2, NLRP3.3, NLRP3.4, NLRP3.5, NLRP3.6, RELA.1, RELA.2, RELA.3, RELA.4, TAB2.1, TAB2.2, TLR4.3, TRAF6.1	24
PRODB_00647	N	N	Y	La_BCRC_17481_00965	Lactobacillus acidophilus	Protein translocase subunit SecY	Y	272621.LBA0311	2.53E-301	823	COG0201@1|root,COG0201@2|Bacteria,1TPHB@1239|Firmicutes,4HAWH@91061|Bacilli,3F4FV@33958|Lactobacillaceae	91061|Bacilli	U	The central subunit of the protein translocation channel SecYEG. Consists of two halves formed by TMs 1-5 and 6-10. These two domains form a lateral gate at the front which open onto the bilayer between TMs 2 and 7, and are clamped together by SecE at the back. The channel is closed by both a pore ring composed of hydrophobic SecY resides and a short helix (helix 2A) on the extracellular side of the membrane which forms a plug. The plug probably moves laterally to allow the channel to open. The ring and the pore may move independently	secY	GO:0005575,GO:0005623,GO:0005886,GO:0016020,GO:0044464,GO:0071944	-	ko:K03076	ko02024,ko03060,ko03070,map02024,map03060,map03070	M00335	-	-	ko00000,ko00001,ko00002,ko02044	3.A.5	-	-	SecY	AIM2.1, IKBKB.3, IRAK1.1, IRAK1.2, IRAK1.3, IRAK1.4, IRAK4.1, IRAK4.2, NAIP.1, NAIP.2, NFKB1.2, NFKBIA.1, NLRC4.1, NLRC4.2, NLRC4.3, NLRC4.4, NLRP1.1, NLRP1.2, NLRP1.3, NLRP1.4, NLRP1.5, NLRP12.1, NLRP12.2, NLRP12.5, NLRP12.6, NLRP12.7, NLRP3.1, NLRP3.2, NLRP3.3, NLRP3.4, NLRP3.5, NLRP3.6, NLRP6.1, NLRP6.2, RELA.1, RELA.2, RELA.3, RELA.4, TAB2.1, TAB2.2, TLR4.1, TLR4.2, TLR4.3, TRAF6.1	44
PRODB_00648	N	N	Y	Ld_BIO6744_01677	Lactobacillus delbrueckii	50S ribosomal protein L15	Y	353496.LBU_0339	6.22E-91	267	COG0200@1|root,COG0200@2|Bacteria,1V3KE@1239|Firmicutes,4HFPW@91061|Bacilli,3F675@33958|Lactobacillaceae	91061|Bacilli	J	Binds to the 23S rRNA	rplO	GO:0003674,GO:0003735,GO:0005198,GO:0005575,GO:0005622,GO:0005623,GO:0005737,GO:0005829,GO:0005840,GO:0015934,GO:0022625,GO:0022626,GO:0032991,GO:0043226,GO:0043228,GO:0043229,GO:0043232,GO:0044391,GO:0044422,GO:0044424,GO:0044444,GO:0044445,GO:0044446,GO:0044464,GO:1990904	-	ko:K02876	ko03010,map03010	M00178,M00179	-	-	br01610,ko00000,ko00001,ko00002,ko03011	-	-	-	Ribosomal_L27A	AIM2.1, IKBKB.2, IKBKB.3, IKBKB.4, IRAK1.1, IRAK1.2, IRAK1.3, IRAK1.4, IRAK4.1, IRAK4.2, NAIP.1, NAIP.2, NFKB1.2, NFKBIA.1, NLRC4.1, NLRC4.2, NLRC4.3, NLRC4.4, NLRP1.1, NLRP1.2, NLRP1.3, NLRP1.4, NLRP1.5, NLRP12.1, NLRP12.2, NLRP12.3, NLRP12.4, NLRP12.5, NLRP12.6, NLRP12.7, NLRP3.1, NLRP3.2, NLRP3.3, NLRP3.4, NLRP3.5, NLRP3.6, NLRP6.1, NLRP6.2, RELA.1, RELA.2, RELA.3, RELA.4, TAB2.1, TAB2.2, TLR4.1, TLR4.2, TLR4.3, TRAF6.1	48
PRODB_00649	N	N	Y	La_BCRC_17486_01127	Lactobacillus acidophilus	DNA-directed RNA polymerase subunit alpha	Y	272621.LBA0317	9.95E-216	596	COG0202@1|root,COG0202@2|Bacteria,1TPR8@1239|Firmicutes,4H9R1@91061|Bacilli,3F3W6@33958|Lactobacillaceae	91061|Bacilli	K	DNA-dependent RNA polymerase catalyzes the transcription of DNA into RNA using the four ribonucleoside triphosphates as substrates	rpoA	GO:0003674,GO:0003824,GO:0003899,GO:0005575,GO:0005622,GO:0005623,GO:0005737,GO:0006139,GO:0006351,GO:0006354,GO:0006725,GO:0006807,GO:0008150,GO:0008152,GO:0009058,GO:0009059,GO:0009987,GO:0010467,GO:0016070,GO:0016740,GO:0016772,GO:0016779,GO:0018130,GO:0019438,GO:0032774,GO:0034062,GO:0034641,GO:0034645,GO:0034654,GO:0043170,GO:0044237,GO:0044238,GO:0044249,GO:0044260,GO:0044271,GO:0044424,GO:0044464,GO:0046483,GO:0071704,GO:0090304,GO:0097659,GO:0097747,GO:0140098,GO:1901360,GO:1901362,GO:1901576	2.7.7.6	ko:K03040	ko00230,ko00240,ko01100,ko03020,map00230,map00240,map01100,map03020	M00183	R00435,R00441,R00442,R00443	RC02795	br01611,ko00000,ko00001,ko00002,ko01000,ko03021,ko03400	-	-	-	RNA_pol_A_CTD,RNA_pol_A_bac,RNA_pol_L	IRAK1.1, IRAK1.2, IRAK1.3, IRAK1.4, IRAK4.1, NFKB1.2, NLRC4.3, NLRC4.4, NLRP12.1, NLRP12.5, NLRP12.6, NLRP12.7, NLRP3.1, NLRP3.2, NLRP3.3, NLRP3.4, NLRP3.5, NLRP3.6, RELA.1, RELA.2, RELA.3, RELA.4, TAB2.1, TAB2.2, TLR4.2, TLR4.3, TRAF6.1	27
PRODB_00650	N	N	Y	Lh_IMAU30143_01665	Lactobacillus helveticus	50S ribosomal protein L23	Y	326425.lhe_1787	8.44E-60	185	COG0089@1|root,COG0089@2|Bacteria,1VA4W@1239|Firmicutes,4HKCV@91061|Bacilli,3F6Z2@33958|Lactobacillaceae	91061|Bacilli	J	One of the early assembly proteins it binds 23S rRNA. One of the proteins that surrounds the polypeptide exit tunnel on the outside of the ribosome. Forms the main docking site for trigger factor binding to the ribosome	rplW	GO:0000027,GO:0003674,GO:0003676,GO:0003723,GO:0003735,GO:0005198,GO:0005488,GO:0005575,GO:0005622,GO:0005623,GO:0005737,GO:0005829,GO:0005840,GO:0006412,GO:0006518,GO:0006807,GO:0006996,GO:0008150,GO:0008152,GO:0009058,GO:0009059,GO:0009987,GO:0010467,GO:0015934,GO:0016043,GO:0019538,GO:0022607,GO:0022613,GO:0022618,GO:0022625,GO:0022626,GO:0032991,GO:0034622,GO:0034641,GO:0034645,GO:0042254,GO:0042255,GO:0042273,GO:0043043,GO:0043170,GO:0043226,GO:0043228,GO:0043229,GO:0043232,GO:0043603,GO:0043604,GO:0043933,GO:0044085,GO:0044237,GO:0044238,GO:0044249,GO:0044260,GO:0044267,GO:0044271,GO:0044391,GO:0044422,GO:0044424,GO:0044444,GO:0044445,GO:0044446,GO:0044464,GO:0065003,GO:0070925,GO:0071704,GO:0071826,GO:0071840,GO:0097159,GO:1901363,GO:1901564,GO:1901566,GO:1901576,GO:1990904	-	ko:K02892	ko03010,map03010	M00178,M00179	-	-	br01610,ko00000,ko00001,ko00002,ko03011	-	-	-	Ribosomal_L23	AIM2.1, IRAK1.1, IRAK1.2, IRAK1.3, IRAK1.4, NFKB1.2, NLRC4.4, NLRP1.1, NLRP1.4, NLRP12.5, NLRP3.1, NLRP3.2, NLRP3.3, NLRP3.4, NLRP3.5, NLRP3.6, RELA.1, RELA.2, RELA.3, RELA.4, TAB2.1, TAB2.2	22
PRODB_00651	N	N	Y	Ef_JF3A-223_01053	Enterococcus faecalis	hypothetical protein	Y	1234679.BN424_154	1.05E-130	377	COG1511@1|root,COG1511@2|Bacteria,1USMY@1239|Firmicutes,4HC3J@91061|Bacilli	91061|Bacilli	S	ABC-2 type transporter	-	-	-	ko:K01992	-	M00254	-	-	ko00000,ko00002,ko02000	3.A.1	-	-	ABC2_membrane	AIM2.1, IKBKB.1, IKBKB.2, IKBKB.3, IKBKB.4, IRAK1.1, IRAK1.2, IRAK1.3, IRAK1.4, IRAK4.1, IRAK4.2, NAIP.1, NAIP.2, NFKB1.2, NFKBIA.1, NLRC4.1, NLRC4.2, NLRC4.3, NLRC4.4, NLRP1.1, NLRP1.2, NLRP1.3, NLRP1.4, NLRP1.5, NLRP12.1, NLRP12.2, NLRP12.3, NLRP12.4, NLRP12.5, NLRP12.6, NLRP12.7, NLRP3.1, NLRP3.2, NLRP3.3, NLRP3.4, NLRP3.5, NLRP3.6, NLRP6.1, NLRP6.2, RELA.1, RELA.2, RELA.3, RELA.4, TAB2.1, TAB2.2, TLR4.1, TLR4.2, TLR4.3, TRAF6.1	49
PRODB_00652	N	N	Y	Ef_CQNBZ21-135_01194	Enterococcus faecalis	Transcriptional regulatory protein NatR	Y	226185.EF_1336	6.89E-166	464	COG3279@1|root,COG3279@2|Bacteria,1TXDF@1239|Firmicutes,4HDA7@91061|Bacilli,4B302@81852|Enterococcaceae	91061|Bacilli	K	LytTr DNA-binding domain	rr02	-	-	-	-	-	-	-	-	-	-	-	LytTR,Response_reg	AIM2.1, IKBKB.3, IRAK1.1, IRAK1.2, IRAK1.3, IRAK1.4, IRAK4.1, NAIP.1, NAIP.2, NFKB1.2, NFKBIA.1, NLRC4.1, NLRC4.2, NLRC4.3, NLRC4.4, NLRP1.1, NLRP1.2, NLRP1.3, NLRP1.4, NLRP1.5, NLRP12.1, NLRP12.2, NLRP12.3, NLRP12.4, NLRP12.5, NLRP12.6, NLRP12.7, NLRP3.1, NLRP3.2, NLRP3.3, NLRP3.4, NLRP3.5, NLRP3.6, NLRP6.1, NLRP6.2, RELA.1, RELA.2, RELA.3, RELA.4, TAB2.1, TAB2.2, TLR4.1, TLR4.2, TLR4.3, TRAF6.1	45
PRODB_00653	N	N	Y	Ef_ES-1348_01267	Enterococcus faecalis	Bacitracin transport ATP-binding protein BcrA	Y	226185.EF_1333	4.13E-166	464	COG1131@1|root,COG1131@2|Bacteria,1TP4J@1239|Firmicutes,4HBGH@91061|Bacilli,4B1FK@81852|Enterococcaceae	91061|Bacilli	V	AAA domain, putative AbiEii toxin, Type IV TA system	-	-	-	ko:K01990	-	M00254	-	-	ko00000,ko00002,ko02000	3.A.1	-	-	ABC_tran	AIM2.1, IKBKB.3, IRAK1.1, IRAK1.2, IRAK1.3, IRAK1.4, IRAK4.1, NAIP.1, NAIP.2, NFKB1.2, NFKBIA.1, NLRC4.1, NLRC4.2, NLRC4.3, NLRC4.4, NLRP1.1, NLRP1.2, NLRP1.3, NLRP1.4, NLRP1.5, NLRP12.1, NLRP12.2, NLRP12.3, NLRP12.4, NLRP12.5, NLRP12.6, NLRP12.7, NLRP3.1, NLRP3.2, NLRP3.3, NLRP3.4, NLRP3.5, NLRP3.6, NLRP6.1, NLRP6.2, RELA.1, RELA.2, RELA.3, RELA.4, TAB2.1, TAB2.2, TLR4.1, TLR4.2, TLR4.3, TRAF6.1	45
PRODB_00654	N	N	Y	Ef_CQHZJ21-185_01189	Enterococcus faecalis	hypothetical protein	Y	226185.EF_1331	1.72E-217	601	COG1131@1|root,COG1131@2|Bacteria,1UZK5@1239|Firmicutes,4HB2Q@91061|Bacilli,4B4TB@81852|Enterococcaceae	91061|Bacilli	V	AAA domain, putative AbiEii toxin, Type IV TA system	-	-	-	ko:K01990	-	M00254	-	-	ko00000,ko00002,ko02000	3.A.1	-	-	ABC_tran	IRAK1.2, NFKB1.2, NLRC4.3, NLRC4.4, NLRP3.1, NLRP3.5, NLRP3.6	7
PRODB_00655	N	N	Y	Ef_AT41_01066	Enterococcus faecalis	hypothetical protein	Y	226185.EF_1335	2.79E-292	800	COG3290@1|root,COG3290@2|Bacteria,1UDI2@1239|Firmicutes,4HF65@91061|Bacilli,4B1GU@81852|Enterococcaceae	91061|Bacilli	T	GHKL domain	hk02	-	-	-	-	-	-	-	-	-	-	-	HATPase_c_5	AIM2.1, IRAK1.1, IRAK1.2, IRAK1.3, IRAK1.4, IRAK4.1, NFKB1.2, NLRC4.3, NLRC4.4, NLRP1.1, NLRP1.2, NLRP1.4, NLRP12.1, NLRP12.2, NLRP12.5, NLRP12.6, NLRP12.7, NLRP3.1, NLRP3.2, NLRP3.3, NLRP3.4, NLRP3.5, NLRP3.6, RELA.1, RELA.2, RELA.3, RELA.4, TAB2.1, TAB2.2, TRAF6.1	30
PRODB_00656	N	N	Y	Ef_ES-1_01192	Enterococcus faecalis	hypothetical protein	Y	226185.EF_1330	5.57E-168	473	2BURM@1|root,32Q2T@2|Bacteria,1U38R@1239|Firmicutes,4HXGQ@91061|Bacilli,4B5SR@81852|Enterococcaceae	91061|Bacilli	-	-	-	-	-	-	-	-	-	-	-	-	-	-	-	AIM2.1, IRAK1.1, IRAK1.2, IRAK1.3, IRAK1.4, IRAK4.1, IRAK4.2, NAIP.1, NAIP.2, NFKB1.2, NFKBIA.1, NLRC4.1, NLRC4.2, NLRC4.3, NLRC4.4, NLRP1.1, NLRP1.2, NLRP1.3, NLRP1.4, NLRP1.5, NLRP12.1, NLRP12.2, NLRP12.5, NLRP12.6, NLRP12.7, NLRP3.1, NLRP3.2, NLRP3.3, NLRP3.4, NLRP3.5, NLRP3.6, NLRP6.1, NLRP6.2, RELA.1, RELA.2, RELA.3, RELA.4, TAB2.1, TAB2.2, TLR4.1, TLR4.2, TLR4.3, TRAF6.1	43
PRODB_00657	N	N	Y	Ef_143-1_01242	Enterococcus faecalis	hypothetical protein	Y	226185.EF_1334	1.62E-153	433	2E9NW@1|root,333VB@2|Bacteria,1VH8N@1239|Firmicutes,4HNI1@91061|Bacilli	91061|Bacilli	-	-	-	-	-	-	-	-	-	-	-	-	-	-	-	AIM2.1, IRAK1.1, IRAK1.2, IRAK1.3, IRAK1.4, IRAK4.1, NFKB1.2, NLRC4.2, NLRC4.3, NLRC4.4, NLRP1.1, NLRP1.2, NLRP1.3, NLRP1.4, NLRP12.1, NLRP12.2, NLRP12.5, NLRP12.6, NLRP12.7, NLRP3.1, NLRP3.2, NLRP3.3, NLRP3.4, NLRP3.5, NLRP3.6, NLRP6.1, NLRP6.2, RELA.1, RELA.2, RELA.3, RELA.4, TAB2.1, TAB2.2, TLR4.3, TRAF6.1	35
PRODB_00658	N	N	Y	La_AM102-109_01041	Lactobacillus acidophilus	30S ribosomal protein S3	Y	272621.LBA0297	5.87E-155	435	COG0092@1|root,COG0092@2|Bacteria,1TPCP@1239|Firmicutes,4HAUR@91061|Bacilli,3F3Q8@33958|Lactobacillaceae	91061|Bacilli	J	Binds the lower part of the 30S subunit head. Binds mRNA in the 70S ribosome, positioning it for translation	rpsC	GO:0002181,GO:0003674,GO:0003735,GO:0005198,GO:0005575,GO:0005622,GO:0005623,GO:0005737,GO:0005829,GO:0005840,GO:0006412,GO:0006518,GO:0006807,GO:0008150,GO:0008152,GO:0009058,GO:0009059,GO:0009987,GO:0010467,GO:0015935,GO:0019538,GO:0022626,GO:0022627,GO:0032991,GO:0034641,GO:0034645,GO:0043043,GO:0043170,GO:0043226,GO:0043228,GO:0043229,GO:0043232,GO:0043603,GO:0043604,GO:0044237,GO:0044238,GO:0044249,GO:0044260,GO:0044267,GO:0044271,GO:0044391,GO:0044422,GO:0044424,GO:0044444,GO:0044445,GO:0044446,GO:0044464,GO:0071704,GO:1901564,GO:1901566,GO:1901576,GO:1990904	-	ko:K02982	ko03010,map03010	M00178,M00179	-	-	br01610,ko00000,ko00001,ko00002,ko03011	-	-	-	KH_2,Ribosomal_S3_C	AIM2.1, IKBKB.3, IRAK1.1, IRAK1.2, IRAK1.3, IRAK1.4, IRAK4.1, NAIP.1, NAIP.2, NFKB1.2, NFKBIA.1, NLRC4.1, NLRC4.3, NLRC4.4, NLRP1.1, NLRP1.2, NLRP1.3, NLRP1.4, NLRP1.5, NLRP12.1, NLRP12.2, NLRP12.3, NLRP12.4, NLRP12.5, NLRP12.6, NLRP12.7, NLRP3.1, NLRP3.2, NLRP3.3, NLRP3.4, NLRP3.5, NLRP3.6, NLRP6.1, NLRP6.2, RELA.1, RELA.2, RELA.3, RELA.4, TAB2.1, TAB2.2, TLR4.1, TLR4.2, TLR4.3, TRAF6.1	44
PRODB_00659	N	N	Y	La_DS9_1A_01002	Lactobacillus acidophilus	50S ribosomal protein L3	Y	272621.LBA0291	1.10E-144	408	COG0087@1|root,COG0087@2|Bacteria,1TPFT@1239|Firmicutes,4HAEN@91061|Bacilli,3F45I@33958|Lactobacillaceae	91061|Bacilli	J	One of the primary rRNA binding proteins, it binds directly near the 3'-end of the 23S rRNA, where it nucleates assembly of the 50S subunit	rplC	GO:0008150,GO:0009893,GO:0010468,GO:0010604,GO:0010628,GO:0019219,GO:0019222,GO:0031323,GO:0031325,GO:0044087,GO:0044089,GO:0045935,GO:0048518,GO:0048522,GO:0050789,GO:0050794,GO:0051171,GO:0051173,GO:0051252,GO:0051254,GO:0060255,GO:0065007,GO:0080090,GO:0090069,GO:0090070,GO:2000232,GO:2000234	-	ko:K02906	ko03010,map03010	M00178,M00179	-	-	br01610,ko00000,ko00001,ko00002,ko03011	-	-	-	Ribosomal_L3	AIM2.1, IRAK1.1, IRAK1.2, IRAK1.3, IRAK1.4, IRAK4.1, NAIP.1, NAIP.2, NFKB1.2, NFKBIA.1, NLRC4.2, NLRC4.4, NLRP1.1, NLRP1.2, NLRP1.3, NLRP1.4, NLRP12.2, NLRP12.5, NLRP3.1, NLRP3.2, NLRP3.3, NLRP3.4, NLRP3.5, NLRP3.6, RELA.1, RELA.2, RELA.3, RELA.4, TAB2.1, TAB2.2, TRAF6.1	31
PRODB_00660	N	N	Y	Ld_A4_00183	Lactobacillus delbrueckii	50S ribosomal protein L32	Y	353496.LBU_0705	3.88E-38	127	COG0333@1|root,COG0333@2|Bacteria,1VKMZ@1239|Firmicutes,4HR2Q@91061|Bacilli,3F7ZT@33958|Lactobacillaceae	91061|Bacilli	J	Belongs to the bacterial ribosomal protein bL32 family	rpmF	-	-	ko:K02911	ko03010,map03010	M00178	-	-	br01610,ko00000,ko00001,ko00002,ko03011,ko03029	-	-	-	Ribosomal_L32p	AIM2.1, IKBKB.1, IKBKB.2, IKBKB.3, IKBKB.4, IRAK1.1, IRAK1.2, IRAK1.3, IRAK1.4, IRAK4.1, IRAK4.2, NAIP.1, NAIP.2, NFKB1.2, NFKBIA.1, NLRC4.1, NLRC4.2, NLRC4.3, NLRC4.4, NLRP1.1, NLRP1.2, NLRP1.3, NLRP1.4, NLRP1.5, NLRP12.1, NLRP12.2, NLRP12.3, NLRP12.4, NLRP12.5, NLRP12.6, NLRP12.7, NLRP3.1, NLRP3.2, NLRP3.3, NLRP3.4, NLRP3.5, NLRP3.6, NLRP6.1, NLRP6.2, RELA.1, RELA.2, RELA.3, RELA.4, TAB2.1, TAB2.2, TLR4.1, TLR4.2, TLR4.3, TRAF6.1	49
PRODB_00661	N	N	Y	Lc_NCK953_01869	Lactobacillus crispatus	50S ribosomal protein L2	Y	748671.LCRIS_00301	2.42E-197	547	COG0090@1|root,COG0090@2|Bacteria,1TP9X@1239|Firmicutes,4HAE8@91061|Bacilli,3F3XI@33958|Lactobacillaceae	91061|Bacilli	J	One of the primary rRNA binding proteins. Required for association of the 30S and 50S subunits to form the 70S ribosome, for tRNA binding and peptide bond formation. It has been suggested to have peptidyltransferase activity	rplB	GO:0002181,GO:0003674,GO:0003676,GO:0003723,GO:0003735,GO:0005198,GO:0005488,GO:0005575,GO:0005622,GO:0005623,GO:0005737,GO:0005829,GO:0005840,GO:0006412,GO:0006518,GO:0006807,GO:0008150,GO:0008152,GO:0009058,GO:0009059,GO:0009987,GO:0010467,GO:0015934,GO:0019538,GO:0022625,GO:0022626,GO:0032991,GO:0034641,GO:0034645,GO:0043043,GO:0043170,GO:0043226,GO:0043228,GO:0043229,GO:0043232,GO:0043603,GO:0043604,GO:0044237,GO:0044238,GO:0044249,GO:0044260,GO:0044267,GO:0044271,GO:0044391,GO:0044422,GO:0044424,GO:0044444,GO:0044445,GO:0044446,GO:0044464,GO:0071704,GO:0097159,GO:1901363,GO:1901564,GO:1901566,GO:1901576,GO:1990904	-	ko:K02886	ko03010,map03010	M00178,M00179	-	-	br01610,ko00000,ko00001,ko00002,ko03011	-	-	-	Ribosomal_L2,Ribosomal_L2_C	AIM2.1, IKBKB.3, IRAK1.1, IRAK1.2, IRAK1.3, IRAK1.4, IRAK4.1, IRAK4.2, NAIP.1, NAIP.2, NFKB1.2, NFKBIA.1, NLRC4.1, NLRC4.2, NLRC4.3, NLRC4.4, NLRP1.1, NLRP1.2, NLRP1.3, NLRP1.4, NLRP1.5, NLRP12.1, NLRP12.2, NLRP12.3, NLRP12.4, NLRP12.5, NLRP12.6, NLRP12.7, NLRP3.1, NLRP3.2, NLRP3.3, NLRP3.4, NLRP3.5, NLRP3.6, NLRP6.1, NLRP6.2, RELA.1, RELA.2, RELA.3, RELA.4, TAB2.1, TAB2.2, TLR4.1, TLR4.2, TLR4.3, TRAF6.1	46
PRODB_00662	N	N	Y	Lh_TMW_12282_01668	Lactobacillus helveticus	Spermidine/putrescine import ATP-binding protein PotA	Y	1423748.BALB01000001_gene149	2.38E-256	703	COG3842@1|root,COG3842@2|Bacteria,1TP2M@1239|Firmicutes,4H9MS@91061|Bacilli,3F40H@33958|Lactobacillaceae	91061|Bacilli	P	Part of the ABC transporter complex PotABCD involved in spermidine putrescine import. Responsible for energy coupling to the transport system	potA	-	3.6.3.30,3.6.3.31	ko:K02010,ko:K11072	ko02010,map02010	M00190,M00299	-	-	ko00000,ko00001,ko00002,ko01000,ko02000	3.A.1.10,3.A.1.11.1	-	iSB619.SA_RS05380	ABC_tran,TOBE_2	AIM2.1, IRAK1.1, IRAK1.2, IRAK1.3, IRAK1.4, NFKB1.2, NFKBIA.1, NLRC4.3, NLRC4.4, NLRP1.1, NLRP1.2, NLRP1.3, NLRP1.4, NLRP1.5, NLRP3.1, NLRP3.2, NLRP3.3, NLRP3.4, NLRP3.5, NLRP3.6, RELA.1, RELA.2, RELA.3, RELA.4, TAB2.1, TAB2.2	26
PRODB_00663	N	N	Y	Lj_JNU3402_01291	Lactobacillus johnsonii	30S ribosomal protein S1	Y	257314.LJ_1090	3.84E-278	761	COG0539@1|root,COG0539@2|Bacteria,1TQ9N@1239|Firmicutes,4H9PX@91061|Bacilli,3F4DQ@33958|Lactobacillaceae	91061|Bacilli	J	Ribosomal protein S1	rpsA	-	-	ko:K02945	ko03010,map03010	M00178	-	-	br01610,ko00000,ko00001,ko00002,ko03011	-	-	-	S1	IKBKB.3, IRAK1.1, NFKB1.2, NLRC4.4, NLRP12.2, NLRP12.4, NLRP3.1, NLRP3.2, NLRP3.3, NLRP3.4, NLRP3.5, NLRP3.6, RELA.1, RELA.2, RELA.3, RELA.4, TAB2.1, TAB2.2, TLR4.3	19
PRODB_00664	N	N	Y	Lh_IMAU30025_00052	Lactobacillus helveticus	Oligopeptide transport ATP-binding protein OppD	Y	405566.lhv_1391	8.54E-243	667	COG0444@1|root,COG0444@2|Bacteria,1TP6E@1239|Firmicutes,4HA4E@91061|Bacilli,3F41T@33958|Lactobacillaceae	91061|Bacilli	P	Belongs to the ABC transporter superfamily	oppD	GO:0005575,GO:0005623,GO:0005886,GO:0016020,GO:0044464,GO:0071944	-	ko:K02031,ko:K15583	ko01501,ko02010,ko02024,map01501,map02010,map02024	M00239,M00439	-	-	ko00000,ko00001,ko00002,ko02000	3.A.1.5,3.A.1.5.1,3.A.1.5.18,3.A.1.5.19,3.A.1.5.25	-	-	ABC_tran,oligo_HPY	AIM2.1, IKBKB.3, IRAK1.1, IRAK1.2, IRAK1.3, IRAK1.4, IRAK4.1, NAIP.1, NAIP.2, NFKB1.2, NFKBIA.1, NLRC4.2, NLRC4.4, NLRP1.1, NLRP1.2, NLRP1.3, NLRP1.4, NLRP12.5, NLRP3.1, NLRP3.2, NLRP3.3, NLRP3.4, NLRP3.5, NLRP3.6, NLRP6.1, NLRP6.2, RELA.1, RELA.2, RELA.3, RELA.4, TAB2.1, TAB2.2, TLR4.1, TLR4.3	34
PRODB_00665	N	N	Y	La_AM102-110_00075	Lactobacillus acidophilus	Glyceraldehyde-3-phosphate dehydrogenase	Y	272621.LBA0698	4.54E-241	662	COG0057@1|root,COG0057@2|Bacteria,1TNYU@1239|Firmicutes,4H9NS@91061|Bacilli,3F3JS@33958|Lactobacillaceae	91061|Bacilli	G	Belongs to the glyceraldehyde-3-phosphate dehydrogenase family	gap	-	1.2.1.12	ko:K00134	ko00010,ko00710,ko01100,ko01110,ko01120,ko01130,ko01200,ko01230,ko04066,ko05010,map00010,map00710,map01100,map01110,map01120,map01130,map01200,map01230,map04066,map05010	M00001,M00002,M00003,M00165,M00166,M00308,M00552	R01061	RC00149	ko00000,ko00001,ko00002,ko01000,ko04131,ko04147	-	-	-	Gp_dh_C,Gp_dh_N	NFKB1.2, NLRC4.4, NLRP12.5, TAB2.1, TAB2.2	5
PRODB_00666	N	N	Y	Lj_AER105_01487	Lactobacillus johnsonii	DNA gyrase subunit B	Y	324831.LGAS_0005	0.00E+00	1285	COG0187@1|root,COG0187@2|Bacteria,1TQ0R@1239|Firmicutes,4H9Y6@91061|Bacilli,3F48M@33958|Lactobacillaceae	91061|Bacilli	L	A type II topoisomerase that negatively supercoils closed circular double-stranded (ds) DNA in an ATP-dependent manner to modulate DNA topology and maintain chromosomes in an underwound state. Negative supercoiling favors strand separation, and DNA replication, transcription, recombination and repair, all of which involve strand separation. Also able to catalyze the interconversion of other topological isomers of dsDNA rings, including catenanes and knotted rings. Type II topoisomerases break and join 2 DNA strands simultaneously in an ATP-dependent manner	gyrB	GO:0003674,GO:0003824,GO:0003916,GO:0003918,GO:0005575,GO:0006139,GO:0006259,GO:0006265,GO:0006725,GO:0006807,GO:0006996,GO:0007059,GO:0008094,GO:0008150,GO:0008152,GO:0009295,GO:0009987,GO:0016043,GO:0016462,GO:0016787,GO:0016817,GO:0016818,GO:0016853,GO:0016887,GO:0017111,GO:0034641,GO:0042623,GO:0043170,GO:0044237,GO:0044238,GO:0044260,GO:0046483,GO:0051276,GO:0061505,GO:0071103,GO:0071704,GO:0071840,GO:0090304,GO:0140097,GO:1901360	5.99.1.3	ko:K02470	-	-	-	-	ko00000,ko01000,ko03032,ko03400	-	-	-	DNA_gyraseB,DNA_gyraseB_C,HATPase_c,Toprim	AIM2.1, IRAK1.1, IRAK1.2, IRAK1.4, NAIP.2, NFKB1.2, NLRC4.3, NLRC4.4, NLRP3.1, NLRP3.2, NLRP3.3, NLRP3.4, NLRP3.5, NLRP3.6, RELA.1, RELA.2, RELA.4, TAB2.1, TAB2.2	19
PRODB_00667	N	N	Y	Lc_Mitchell_12_29_17_C04_S603-bin_1_01504	Lactobacillus crispatus	Oligopeptide transport ATP-binding protein OppF	Y	525365.HMPREF0548_0846	4.55E-223	617	COG4608@1|root,COG4608@2|Bacteria,1V36J@1239|Firmicutes,4H9YB@91061|Bacilli,3F4GM@33958|Lactobacillaceae	91061|Bacilli	P	Belongs to the ABC transporter superfamily	oppF	GO:0005575,GO:0005623,GO:0005886,GO:0016020,GO:0044464,GO:0071944	-	ko:K02032	ko02024,map02024	M00239	-	-	ko00000,ko00001,ko00002,ko02000	3.A.1.5	-	-	ABC_tran,oligo_HPY	NFKB1.2, NLRC4.4, TAB2.1, TAB2.2	4
PRODB_00668	N	N	Y	La_HN017_01823	Lactobacillus acidophilus	Transcriptional regulatory protein SrrA	Y	272621.LBA1820	5.86E-157	441	COG0745@1|root,COG0745@2|Bacteria,1TP9M@1239|Firmicutes,4HB3T@91061|Bacilli,3F3Y0@33958|Lactobacillaceae	91061|Bacilli	K	response regulator	vanR	-	-	-	-	-	-	-	-	-	-	-	Response_reg,Trans_reg_C	AIM2.1, IKBKB.3, IRAK1.1, IRAK1.2, IRAK1.3, IRAK1.4, IRAK4.1, NAIP.1, NAIP.2, NFKB1.2, NLRP1.1, NLRP1.2, NLRP1.4, NLRP12.6, NLRP3.1, NLRP3.2, NLRP3.3, NLRP3.4, NLRP3.5, NLRP3.6, RELA.1, RELA.2, RELA.3, RELA.4, TAB2.1, TAB2.2, TRAF6.1	27
PRODB_00669	N	N	Y	Lj_CIRM-BIA_871_01748	Lactobacillus johnsonii	DNA gyrase subunit A	Y	257314.LJ_0005	0.00E+00	1600	COG0188@1|root,COG0188@2|Bacteria,1TP2Z@1239|Firmicutes,4HAHY@91061|Bacilli,3F3YM@33958|Lactobacillaceae	91061|Bacilli	L	A type II topoisomerase that negatively supercoils closed circular double-stranded (ds) DNA in an ATP-dependent manner to modulate DNA topology and maintain chromosomes in an underwound state. Negative supercoiling favors strand separation, and DNA replication, transcription, recombination and repair, all of which involve strand separation. Also able to catalyze the interconversion of other topological isomers of dsDNA rings, including catenanes and knotted rings. Type II topoisomerases break and join 2 DNA strands simultaneously in an ATP-dependent manner	gyrA	-	5.99.1.3	ko:K02469	-	-	-	-	ko00000,ko01000,ko03032,ko03400	-	-	-	DNA_gyraseA_C,DNA_topoisoIV	AIM2.1, IKBKB.3, IRAK1.1, IRAK1.2, IRAK1.3, IRAK1.4, NAIP.1, NAIP.2, NFKB1.2, NFKBIA.1, NLRC4.3, NLRC4.4, NLRP1.1, NLRP1.2, NLRP1.3, NLRP1.4, NLRP12.1, NLRP12.2, NLRP12.3, NLRP12.4, NLRP12.5, NLRP12.6, NLRP12.7, NLRP3.1, NLRP3.2, NLRP3.3, NLRP3.4, NLRP3.5, NLRP3.6, RELA.1, RELA.2, RELA.3, RELA.4, TAB2.1, TAB2.2, TLR4.1, TLR4.2, TLR4.3, TRAF6.1	39
PRODB_00670	N	N	Y	La_HN017_00844	Lactobacillus acidophilus	Adenine phosphoribosyltransferase	Y	272621.LBA1242	1.70E-123	352	COG0503@1|root,COG0503@2|Bacteria,1V1BV@1239|Firmicutes,4HFUA@91061|Bacilli,3F4DB@33958|Lactobacillaceae	91061|Bacilli	F	Catalyzes a salvage reaction resulting in the formation of AMP, that is energically less costly than de novo synthesis	apt	GO:0003674,GO:0003824,GO:0003999,GO:0005575,GO:0005622,GO:0005623,GO:0005737,GO:0006139,GO:0006144,GO:0006168,GO:0006725,GO:0006807,GO:0008150,GO:0008152,GO:0009058,GO:0009112,GO:0009113,GO:0009987,GO:0016740,GO:0016757,GO:0016763,GO:0018130,GO:0019438,GO:0034641,GO:0034654,GO:0042440,GO:0043094,GO:0043096,GO:0043101,GO:0044237,GO:0044238,GO:0044249,GO:0044271,GO:0044281,GO:0044424,GO:0044464,GO:0046083,GO:0046084,GO:0046112,GO:0046148,GO:0046483,GO:0055086,GO:0071704,GO:0072521,GO:0072522,GO:1901360,GO:1901362,GO:1901564,GO:1901566,GO:1901576	2.4.2.7	ko:K00759	ko00230,ko01100,map00230,map01100	-	R00190,R01229,R04378	RC00063	ko00000,ko00001,ko01000,ko04147	-	-	-	Pribosyltran	AIM2.1, NFKB1.2, NLRP3.3	3
PRODB_00671	N	N	Y	Lc_KT-11_00355	Lactobacillus crispatus	DNA-directed RNA polymerase subunit beta'	Y	748671.LCRIS_00292	0.00E+00	2399	COG0086@1|root,COG0086@2|Bacteria,1TNYT@1239|Firmicutes,4HA24@91061|Bacilli,3F3KF@33958|Lactobacillaceae	91061|Bacilli	K	DNA-dependent RNA polymerase catalyzes the transcription of DNA into RNA using the four ribonucleoside triphosphates as substrates	rpoC	GO:0000428,GO:0005575,GO:0005622,GO:0005623,GO:0030880,GO:0032991,GO:0044424,GO:0044464,GO:0061695,GO:1902494,GO:1990234	2.7.7.6	ko:K03046	ko00230,ko00240,ko01100,ko03020,map00230,map00240,map01100,map03020	M00183	R00435,R00441,R00442,R00443	RC02795	br01611,ko00000,ko00001,ko00002,ko01000,ko03021,ko03400	-	-	-	RNA_pol_Rpb1_1,RNA_pol_Rpb1_2,RNA_pol_Rpb1_3,RNA_pol_Rpb1_4,RNA_pol_Rpb1_5	IRAK1.2, IRAK1.4, NFKB1.2, NLRP3.1, NLRP3.2, NLRP3.3, NLRP3.4, NLRP3.5, NLRP3.6, TAB2.2	10
PRODB_00672	N	N	Y	Ef_HA-1_00370	Enterococcus faecalis	hypothetical protein	Y	1201292.DR75_1741	1.50E-200	557	28P3D@1|root,2ZBZ3@2|Bacteria,1V1XD@1239|Firmicutes,4HGF1@91061|Bacilli,4B3NH@81852|Enterococcaceae	91061|Bacilli	-	-	-	-	-	-	-	-	-	-	-	-	-	-	EcsC	AIM2.1, IRAK4.1, NAIP.1, NAIP.2, NFKB1.2, NLRC4.3, NLRC4.4, NLRP1.4, NLRP12.5, NLRP3.1, NLRP3.2, NLRP3.3, NLRP3.4, NLRP3.5, NLRP3.6, RELA.1, RELA.2, RELA.4, TAB2.1, TAB2.2	20
PRODB_00673	N	N	Y	Ld_NRIC_0766_00596	Lactobacillus delbrueckii	DNA-directed RNA polymerase subunit beta	Y	353496.LBU_0313	0.00E+00	2305	COG0085@1|root,COG0085@2|Bacteria,1TP96@1239|Firmicutes,4H9PK@91061|Bacilli,3F4ET@33958|Lactobacillaceae	91061|Bacilli	K	DNA-dependent RNA polymerase catalyzes the transcription of DNA into RNA using the four ribonucleoside triphosphates as substrates	rpoB	GO:0000428,GO:0005575,GO:0005622,GO:0005623,GO:0030880,GO:0032991,GO:0044424,GO:0044464,GO:0061695,GO:1902494,GO:1990234	2.7.7.6	ko:K03043	ko00230,ko00240,ko01100,ko03020,map00230,map00240,map01100,map03020	M00183	R00435,R00441,R00442,R00443	RC02795	br01611,ko00000,ko00001,ko00002,ko01000,ko03021,ko03400	-	-	-	RNA_pol_Rpb2_1,RNA_pol_Rpb2_2,RNA_pol_Rpb2_3,RNA_pol_Rpb2_45,RNA_pol_Rpb2_6,RNA_pol_Rpb2_7	NFKB1.2, NLRP3.1	2
PRODB_00674	N	N	Y	Ec_G1_2_01703	Escherichia coli	Crossover junction endodeoxyribonuclease RusA	Y	754331.AEME01000001_gene3121	1.50E-84	249	COG4570@1|root,COG4570@2|Bacteria,1N92D@1224|Proteobacteria,1S5SJ@1236|Gammaproteobacteria,3XPR4@561|Escherichia	1236|Gammaproteobacteria	L	Endonuclease that resolves Holliday junction intermediates made during homologous genetic recombination and DNA repair. Exhibits sequence and structure-selective cleavage of four-way DNA junctions, where it introduces symmetrical nicks in two strands of the same polarity at the 5' side of dinucleotides. Corrects the defects in genetic recombination and DNA repair associated with inactivation of ruvAB or ruvC	rusA	-	3.1.22.4	ko:K01160	-	-	-	-	ko00000,ko01000,ko03400	-	-	-	RusA	AIM2.1, IRAK1.1, IRAK1.2, IRAK1.3, IRAK1.4, IRAK4.1, NAIP.1, NAIP.2, NFKB1.2, NFKBIA.1, NLRC4.2, NLRC4.3, NLRC4.4, NLRP1.1, NLRP1.2, NLRP1.3, NLRP1.4, NLRP1.5, NLRP12.1, NLRP12.2, NLRP12.3, NLRP12.4, NLRP12.5, NLRP12.6, NLRP12.7, NLRP3.1, NLRP3.2, NLRP3.3, NLRP3.4, NLRP3.5, NLRP3.6, NLRP6.1, NLRP6.2, RELA.1, RELA.2, RELA.3, RELA.4, TAB2.1, TAB2.2, TLR4.1, TLR4.2, TLR4.3, TRAF6.1	43
PRODB_00675	N	N	Y	Ec_ATCC_25922_02451	Escherichia coli	hypothetical protein	Y	1123033.ARNF01000087_gene1476	1.44E-96	303	COG0732@1|root,COG0732@2|Bacteria,1MXSQ@1224|Proteobacteria,1S320@1236|Gammaproteobacteria,3NNQM@468|Moraxellaceae	1236|Gammaproteobacteria	V	Type I restriction modification DNA specificity domain	-	-	3.1.21.3	ko:K01154	-	-	-	-	ko00000,ko01000,ko02048	-	-	-	Methylase_S	AIM2.1, IRAK1.1, IRAK1.2, IRAK1.3, IRAK1.4, IRAK4.1, NFKB1.2, NFKBIA.1, NLRC4.1, NLRC4.3, NLRC4.4, NLRP1.1, NLRP1.2, NLRP1.3, NLRP1.4, NLRP12.5, NLRP3.1, NLRP3.2, NLRP3.3, NLRP3.4, NLRP3.5, NLRP3.6, NLRP6.1, NLRP6.2, RELA.1, RELA.2, RELA.3, RELA.4, TAB2.1, TAB2.2, TLR4.1, TLR4.2, TLR4.3, TRAF6.1	34
PRODB_00676	N	N	Y	Ec_2013C-4991_00960	Escherichia coli	hypothetical protein	N	-	-	-	-	-	-	-	-	-	-	-	-	-	-	-	-	-	-	-	-	AIM2.1, IKBKB.3, IRAK1.1, IRAK1.2, IRAK1.3, IRAK1.4, IRAK4.1, IRAK4.2, NAIP.1, NAIP.2, NFKB1.2, NFKBIA.1, NLRC4.1, NLRC4.2, NLRC4.3, NLRC4.4, NLRP1.1, NLRP1.2, NLRP1.3, NLRP1.4, NLRP1.5, NLRP12.1, NLRP12.2, NLRP12.3, NLRP12.4, NLRP12.5, NLRP12.6, NLRP12.7, NLRP3.1, NLRP3.2, NLRP3.3, NLRP3.4, NLRP3.5, NLRP3.6, NLRP6.1, NLRP6.2, RELA.1, RELA.2, RELA.3, RELA.4, TAB2.1, TAB2.2, TLR4.1, TLR4.2, TLR4.3, TRAF6.1	46
PRODB_00677	N	N	Y	Ef_ARO1_DG_02160	Enterococcus faecalis	hypothetical protein	Y	1201292.DR75_1628	9.70E-156	443	2F858@1|root,340IJ@2|Bacteria,1VXBV@1239|Firmicutes,4HXFS@91061|Bacilli,4B1VE@81852|Enterococcaceae	91061|Bacilli	S	Domain of unknown function (DUF2479)	-	-	-	-	-	-	-	-	-	-	-	-	DUF2479,Metallophos	AIM2.1, IKBKB.1, IKBKB.2, IKBKB.3, IKBKB.4, IRAK1.1, IRAK1.2, IRAK1.3, IRAK1.4, IRAK4.1, IRAK4.2, NAIP.1, NAIP.2, NFKB1.2, NFKBIA.1, NLRC4.1, NLRC4.2, NLRC4.3, NLRC4.4, NLRP1.1, NLRP1.2, NLRP1.3, NLRP1.4, NLRP1.5, NLRP12.1, NLRP12.2, NLRP12.3, NLRP12.4, NLRP12.5, NLRP12.6, NLRP12.7, NLRP3.1, NLRP3.2, NLRP3.3, NLRP3.4, NLRP3.5, NLRP3.6, NLRP6.1, NLRP6.2, RELA.1, RELA.2, RELA.3, RELA.4, TAB2.1, TAB2.2, TLR4.1, TLR4.2, TLR4.3, TRAF6.1	49
PRODB_00678	N	N	Y	Ec_20_02810	Escherichia coli	hypothetical protein	N	-	-	-	-	-	-	-	-	-	-	-	-	-	-	-	-	-	-	-	-	AIM2.1, IKBKB.1, IKBKB.2, IKBKB.3, IKBKB.4, IRAK1.1, IRAK1.2, IRAK1.3, IRAK1.4, IRAK4.1, IRAK4.2, NAIP.1, NAIP.2, NFKB1.2, NFKBIA.1, NLRC4.1, NLRC4.2, NLRC4.3, NLRC4.4, NLRP1.1, NLRP1.2, NLRP1.3, NLRP1.4, NLRP1.5, NLRP12.1, NLRP12.2, NLRP12.3, NLRP12.4, NLRP12.5, NLRP12.6, NLRP12.7, NLRP3.1, NLRP3.2, NLRP3.3, NLRP3.4, NLRP3.5, NLRP3.6, NLRP6.1, NLRP6.2, RELA.1, RELA.2, RELA.3, RELA.4, TAB2.1, TAB2.2, TLR4.1, TLR4.2, TLR4.3, TRAF6.1	49
PRODB_00679	N	N	Y	Lp_1001095IJ_161003_H4_00695	Lacticaseibacillus paracasei	Alternate 30S ribosomal protein S14	Y	543734.LCABL_25960	4.12E-56	174	COG0199@1|root,COG0199@2|Bacteria,1VEF6@1239|Firmicutes,4HKK1@91061|Bacilli,3F7KX@33958|Lactobacillaceae	91061|Bacilli	J	Binds 16S rRNA, required for the assembly of 30S particles and may also be responsible for determining the conformation of the 16S rRNA at the A site	rpsN	GO:0003674,GO:0003735,GO:0005198,GO:0005575,GO:0005622,GO:0005623,GO:0005737,GO:0005840,GO:0006412,GO:0006518,GO:0006807,GO:0008150,GO:0008152,GO:0009058,GO:0009059,GO:0009987,GO:0010467,GO:0015935,GO:0019538,GO:0032991,GO:0034641,GO:0034645,GO:0043043,GO:0043170,GO:0043226,GO:0043228,GO:0043229,GO:0043232,GO:0043603,GO:0043604,GO:0044237,GO:0044238,GO:0044249,GO:0044260,GO:0044267,GO:0044271,GO:0044391,GO:0044422,GO:0044424,GO:0044444,GO:0044446,GO:0044464,GO:0071704,GO:1901564,GO:1901566,GO:1901576,GO:1990904	-	ko:K02954	ko03010,map03010	M00178,M00179	-	-	br01610,ko00000,ko00001,ko00002,ko03011	-	-	-	Ribosomal_S14	AIM2.1, IKBKB.2, IKBKB.3, IKBKB.4, IRAK1.1, IRAK1.2, IRAK1.3, IRAK1.4, IRAK4.1, IRAK4.2, NAIP.1, NAIP.2, NFKB1.2, NFKBIA.1, NLRC4.1, NLRC4.2, NLRC4.3, NLRC4.4, NLRP1.1, NLRP1.2, NLRP1.3, NLRP1.4, NLRP1.5, NLRP12.1, NLRP12.2, NLRP12.3, NLRP12.4, NLRP12.5, NLRP12.6, NLRP12.7, NLRP3.1, NLRP3.2, NLRP3.3, NLRP3.4, NLRP3.5, NLRP3.6, NLRP6.1, NLRP6.2, RELA.1, RELA.2, RELA.3, RELA.4, TAB2.1, TAB2.2, TLR4.1, TLR4.2, TLR4.3, TRAF6.1	48
PRODB_00680	N	N	Y	Ec_ETEC4071_03117	Escherichia coli	hypothetical protein	Y	103807.Q8W637_9CAUD	2.07E-235	650	4QB5I@10239|Viruses,4QUT2@35237|dsDNA viruses  no RNA stage,4QPQ9@28883|Caudovirales,4QII1@10662|Myoviridae	10662|Myoviridae	S	N-methyltransferase activity	-	-	-	-	-	-	-	-	-	-	-	-	-	AIM2.1, IKBKB.3, IRAK1.1, IRAK1.2, IRAK1.3, IRAK1.4, IRAK4.1, IRAK4.2, NAIP.1, NAIP.2, NFKB1.2, NFKBIA.1, NLRC4.1, NLRC4.2, NLRC4.3, NLRC4.4, NLRP1.1, NLRP1.2, NLRP1.3, NLRP1.4, NLRP1.5, NLRP12.1, NLRP12.2, NLRP12.3, NLRP12.4, NLRP12.5, NLRP12.6, NLRP12.7, NLRP3.1, NLRP3.2, NLRP3.3, NLRP3.4, NLRP3.5, NLRP3.6, NLRP6.1, NLRP6.2, RELA.1, RELA.2, RELA.3, RELA.4, TAB2.1, TAB2.2, TLR4.1, TLR4.2, TLR4.3, TRAF6.1	46
PRODB_00681	N	N	Y	Lc_A76_01546	Lactobacillus crispatus	hypothetical protein	Y	416870.llmg_1581	3.20E-302	826	COG2848@1|root,COG2848@2|Bacteria,1TQG8@1239|Firmicutes,4HBTU@91061|Bacilli,1YC2X@1357|Lactococcus	91061|Bacilli	S	Uncharacterised ACR (DUF711)	XK27_08635	-	-	ko:K09157	-	-	-	-	ko00000	-	-	-	DUF711	AIM2.1, IRAK1.1, IRAK1.2, IRAK1.3, IRAK1.4, IRAK4.1, NAIP.1, NAIP.2, NFKB1.2, NLRC4.3, NLRC4.4, NLRP12.5, NLRP3.1, NLRP3.3, NLRP3.5, NLRP3.6, TAB2.1, TAB2.2	18
PRODB_00682	N	N	Y	St_Racle124_01430	Streptococcus thermophilus	putative ATP-dependent Clp protease ATP-binding subunit	Y	264199.stu1614	0.00E+00	1312	COG0542@1|root,COG0542@2|Bacteria,1TRHP@1239|Firmicutes,4HAHZ@91061|Bacilli	91061|Bacilli	O	ATP-dependent Clp protease ATP-binding subunit	clpL	-	-	ko:K04086	-	-	-	-	ko00000,ko03110	-	-	-	AAA,AAA_2,ClpB_D2-small,UVR	AIM2.1, IKBKB.3, IRAK1.1, IRAK1.2, IRAK1.3, IRAK1.4, IRAK4.1, NAIP.1, NAIP.2, NFKB1.2, NLRC4.3, NLRC4.4, NLRP12.2, NLRP12.3, NLRP12.4, NLRP12.5, NLRP12.6, NLRP3.1, NLRP3.2, NLRP3.3, NLRP3.4, NLRP3.5, NLRP3.6, RELA.1, RELA.2, RELA.3, RELA.4, TAB2.1, TAB2.2, TLR4.3, TRAF6.1	31
PRODB_00683	N	N	Y	La_AF16-5LB_01659	Lactobacillus acidophilus	Cyclopropane-fatty-acyl-phospholipid synthase	Y	272621.LBA1274	2.10E-292	797	COG2230@1|root,COG2230@2|Bacteria,1TSG4@1239|Firmicutes,4HDKI@91061|Bacilli,3F3PA@33958|Lactobacillaceae	91061|Bacilli	M	cyclopropane-fatty-acyl-phospholipid synthase	cfa	-	2.1.1.79	ko:K00574	-	-	-	-	ko00000,ko01000	-	-	-	CMAS	AIM2.1, IKBKB.3, IRAK1.1, IRAK1.2, IRAK1.3, IRAK1.4, IRAK4.1, NAIP.1, NAIP.2, NFKB1.2, NFKBIA.1, NLRC4.1, NLRC4.2, NLRC4.3, NLRC4.4, NLRP1.1, NLRP1.2, NLRP1.3, NLRP1.4, NLRP1.5, NLRP12.1, NLRP12.2, NLRP12.3, NLRP12.4, NLRP12.5, NLRP12.6, NLRP12.7, NLRP3.1, NLRP3.2, NLRP3.3, NLRP3.4, NLRP3.5, NLRP3.6, NLRP6.1, NLRP6.2, RELA.1, RELA.2, RELA.3, RELA.4, TAB2.1, TAB2.2, TLR4.1, TLR4.2, TLR4.3, TRAF6.1	45
PRODB_00684	N	N	Y	Lc_CHLC-LB21_01113	Lactobacillus crispatus	Oligopeptide transport system permease protein OppB	Y	272623.L147009	3.68E-202	561	COG0601@1|root,COG0601@2|Bacteria,1TP1S@1239|Firmicutes,4HA2S@91061|Bacilli,1YC24@1357|Lactococcus	91061|Bacilli	P	Binding-protein-dependent transport system inner membrane component	oppB	-	-	ko:K15581	ko01501,ko02010,ko02024,map01501,map02010,map02024	M00439	-	-	ko00000,ko00001,ko00002,ko02000	3.A.1.5.1,3.A.1.5.18,3.A.1.5.19,3.A.1.5.25	-	-	BPD_transp_1	AIM2.1, IKBKB.3, IRAK1.1, IRAK1.2, IRAK1.3, IRAK1.4, IRAK4.1, IRAK4.2, NAIP.1, NAIP.2, NFKB1.2, NFKBIA.1, NLRC4.1, NLRC4.2, NLRC4.3, NLRC4.4, NLRP1.1, NLRP1.2, NLRP1.3, NLRP1.4, NLRP1.5, NLRP12.1, NLRP12.2, NLRP12.3, NLRP12.4, NLRP12.5, NLRP12.6, NLRP12.7, NLRP3.1, NLRP3.2, NLRP3.3, NLRP3.4, NLRP3.5, NLRP3.6, NLRP6.1, NLRP6.2, RELA.1, RELA.2, RELA.3, RELA.4, TAB2.1, TAB2.2, TLR4.1, TLR4.2, TLR4.3, TRAF6.1	46
PRODB_00685	N	N	Y	Kp_TGH8_00789	Klebsiella pneumoniae	hypothetical protein	Y	529507.PMI2633	3.27E-121	346	COG4283@1|root,COG4283@2|Bacteria,1REKU@1224|Proteobacteria,1S4V0@1236|Gammaproteobacteria	1236|Gammaproteobacteria	S	Protein of unknown function (DUF1706)	-	-	-	-	-	-	-	-	-	-	-	-	DUF1706	AIM2.1, IKBKB.1, IKBKB.2, IKBKB.3, IKBKB.4, IRAK1.1, IRAK1.2, IRAK1.3, IRAK1.4, IRAK4.1, IRAK4.2, NAIP.1, NAIP.2, NFKB1.2, NFKBIA.1, NLRC4.1, NLRC4.2, NLRC4.3, NLRC4.4, NLRP1.1, NLRP1.2, NLRP1.3, NLRP1.4, NLRP1.5, NLRP12.1, NLRP12.2, NLRP12.3, NLRP12.4, NLRP12.5, NLRP12.6, NLRP12.7, NLRP3.1, NLRP3.2, NLRP3.3, NLRP3.4, NLRP3.5, NLRP3.6, NLRP6.1, NLRP6.2, RELA.1, RELA.2, RELA.3, RELA.4, TAB2.1, TAB2.2, TLR4.1, TLR4.2, TLR4.3, TRAF6.1	49
PRODB_00686	N	N	Y	Lc_B40_02032	Lactobacillus crispatus	Mannose-6-phosphate isomerase ManA	Y	416870.llmg_1789	6.66E-236	647	COG1482@1|root,COG1482@2|Bacteria,1VRGI@1239|Firmicutes,4HBFW@91061|Bacilli,1YB8M@1357|Lactococcus	91061|Bacilli	G	Phosphomannose isomerase type I	manA	-	5.3.1.8	ko:K01809	ko00051,ko00520,ko01100,ko01110,ko01130,map00051,map00520,map01100,map01110,map01130	M00114	R01819	RC00376	ko00000,ko00001,ko00002,ko01000	-	-	iYO844.BSU12020	PMI_typeI	AIM2.1, IRAK1.1, IRAK1.2, IRAK1.3, IRAK1.4, IRAK4.1, NAIP.1, NAIP.2, NFKB1.2, NFKBIA.1, NLRC4.2, NLRC4.3, NLRC4.4, NLRP1.1, NLRP1.2, NLRP1.3, NLRP1.4, NLRP1.5, NLRP12.2, NLRP12.4, NLRP12.5, NLRP12.6, NLRP3.1, NLRP3.2, NLRP3.3, NLRP3.4, NLRP3.5, NLRP3.6, NLRP6.1, NLRP6.2, RELA.1, RELA.2, RELA.3, RELA.4, TAB2.1, TAB2.2, TLR4.1, TLR4.2, TLR4.3, TRAF6.1	40
PRODB_00687	N	N	Y	Ef_W11_02007	Enterococcus faecalis	hypothetical protein	Y	1201292.DR75_1373	1.10E-167	469	COG1396@1|root,COG1396@2|Bacteria	2|Bacteria	K	sequence-specific DNA binding	-	-	-	-	-	-	-	-	-	-	-	-	HTH_3	AIM2.1, IRAK1.1, IRAK1.2, IRAK1.3, IRAK1.4, IRAK4.1, NAIP.1, NAIP.2, NFKB1.2, NFKBIA.1, NLRC4.1, NLRC4.2, NLRC4.3, NLRC4.4, NLRP1.1, NLRP1.2, NLRP1.3, NLRP1.4, NLRP1.5, NLRP12.1, NLRP12.2, NLRP12.3, NLRP12.4, NLRP12.5, NLRP12.6, NLRP12.7, NLRP3.1, NLRP3.2, NLRP3.3, NLRP3.4, NLRP3.5, NLRP3.6, NLRP6.1, NLRP6.2, RELA.1, RELA.2, RELA.3, RELA.4, TAB2.1, TAB2.2, TLR4.1, TLR4.2, TLR4.3, TRAF6.1	44
PRODB_00688	N	N	Y	Ec_D8_04449	Escherichia coli	hypothetical protein	Y	640513.Entas_3976	1.54E-47	154	2DTJC@1|root,33KMM@2|Bacteria,1NKBU@1224|Proteobacteria,1SHFY@1236|Gammaproteobacteria	1236|Gammaproteobacteria	-	-	-	-	-	-	-	-	-	-	-	-	-	-	-	AIM2.1, IKBKB.1, IKBKB.2, IKBKB.3, IKBKB.4, IRAK1.1, IRAK1.2, IRAK1.3, IRAK1.4, IRAK4.1, IRAK4.2, NAIP.1, NAIP.2, NFKB1.2, NFKBIA.1, NLRC4.1, NLRC4.2, NLRC4.3, NLRC4.4, NLRP1.1, NLRP1.2, NLRP1.3, NLRP1.4, NLRP1.5, NLRP12.1, NLRP12.2, NLRP12.3, NLRP12.4, NLRP12.5, NLRP12.6, NLRP12.7, NLRP3.1, NLRP3.2, NLRP3.3, NLRP3.4, NLRP3.5, NLRP3.6, NLRP6.1, NLRP6.2, RELA.1, RELA.2, RELA.3, RELA.4, TAB2.1, TAB2.2, TLR4.1, TLR4.2, TLR4.3, TRAF6.1	49
PRODB_00689	N	N	Y	Ec_Z1323CEC0014_00198	Escherichia coli	hypothetical protein	Y	1440052.EAKF1_ch4049	1.80E-39	130	2E9UR@1|root,3340M@2|Bacteria,1NAYW@1224|Proteobacteria,1SF84@1236|Gammaproteobacteria,3XR7B@561|Escherichia	1236|Gammaproteobacteria	-	-	-	-	-	-	-	-	-	-	-	-	-	-	-	AIM2.1, IRAK1.1, IRAK1.2, IRAK1.3, IRAK1.4, IRAK4.1, NAIP.1, NAIP.2, NFKB1.2, NFKBIA.1, NLRC4.2, NLRC4.3, NLRC4.4, NLRP1.1, NLRP1.4, NLRP12.5, NLRP3.1, NLRP3.2, NLRP3.3, NLRP3.4, NLRP3.5, NLRP3.6, RELA.1, RELA.2, RELA.3, RELA.4, TAB2.1, TAB2.2, TLR4.3, TRAF6.1	30
PRODB_00690	N	N	Y	Ec_S1-SRL-01-C_01983	Escherichia coli	hypothetical protein	Y	199310.c1488	8.17E-46	147	2EBNF@1|root,335NP@2|Bacteria,1N6XQ@1224|Proteobacteria,1SEB7@1236|Gammaproteobacteria	1236|Gammaproteobacteria	-	-	-	-	-	-	-	-	-	-	-	-	-	-	-	AIM2.1, IKBKB.1, IKBKB.2, IKBKB.3, IKBKB.4, IRAK1.1, IRAK1.2, IRAK1.3, IRAK1.4, IRAK4.1, IRAK4.2, NAIP.1, NAIP.2, NFKB1.2, NFKBIA.1, NLRC4.1, NLRC4.2, NLRC4.3, NLRC4.4, NLRP1.1, NLRP1.2, NLRP1.3, NLRP1.4, NLRP1.5, NLRP12.1, NLRP12.2, NLRP12.3, NLRP12.4, NLRP12.5, NLRP12.6, NLRP12.7, NLRP3.1, NLRP3.2, NLRP3.3, NLRP3.4, NLRP3.5, NLRP3.6, NLRP6.1, NLRP6.2, RELA.1, RELA.2, RELA.3, RELA.4, TAB2.1, TAB2.2, TLR4.1, TLR4.2, TLR4.3, TRAF6.1	49
PRODB_00691	N	N	Y	Ec_SCU-123_03394	Escherichia coli	Glycosyltransferase GlyG	Y	932677.PAJ_2210	1.23E-26	102	COG0463@1|root,COG0463@2|Bacteria,1R4XG@1224|Proteobacteria,1S0DN@1236|Gammaproteobacteria	1236|Gammaproteobacteria	M	Glycosyltransferase like family 2	-	-	-	-	-	-	-	-	-	-	-	-	Glycos_transf_2	AIM2.1, IKBKB.1, IKBKB.2, IKBKB.3, IKBKB.4, IRAK1.1, IRAK1.2, IRAK1.3, IRAK1.4, IRAK4.1, IRAK4.2, NAIP.1, NAIP.2, NFKB1.2, NFKBIA.1, NLRC4.1, NLRC4.2, NLRC4.3, NLRC4.4, NLRP1.1, NLRP1.2, NLRP1.3, NLRP1.4, NLRP1.5, NLRP12.1, NLRP12.2, NLRP12.3, NLRP12.4, NLRP12.5, NLRP12.6, NLRP12.7, NLRP3.1, NLRP3.2, NLRP3.3, NLRP3.4, NLRP3.5, NLRP3.6, NLRP6.1, NLRP6.2, RELA.1, RELA.2, RELA.3, RELA.4, TAB2.1, TAB2.2, TLR4.1, TLR4.2, TLR4.3, TRAF6.1	49
PRODB_00692	N	N	Y	Ec_1162T7_03231	Escherichia coli	hypothetical protein	Y	1197719.A464_4126	5.43E-54	173	COG2963@1|root,COG2963@2|Bacteria,1RI5G@1224|Proteobacteria,1S8QB@1236|Gammaproteobacteria,3ZMTQ@590|Salmonella	1236|Gammaproteobacteria	L	Helix-turn-helix domain	-	-	-	-	-	-	-	-	-	-	-	-	HTH_28	AIM2.1, IRAK1.1, IRAK1.2, IRAK1.3, IRAK1.4, IRAK4.1, NAIP.1, NAIP.2, NFKB1.2, NFKBIA.1, NLRC4.1, NLRC4.2, NLRC4.3, NLRC4.4, NLRP1.1, NLRP1.2, NLRP1.3, NLRP1.4, NLRP1.5, NLRP12.1, NLRP12.2, NLRP12.4, NLRP12.5, NLRP12.6, NLRP12.7, NLRP3.1, NLRP3.2, NLRP3.3, NLRP3.4, NLRP3.5, NLRP3.6, RELA.1, RELA.2, RELA.3, RELA.4, TAB2.1, TAB2.2, TLR4.2, TLR4.3, TRAF6.1	40
PRODB_00693	N	N	Y	Lc_CIRM-BIA_84_01205	Lactobacillus crispatus	Pyrrolidone-carboxylate peptidase	Y	1117379.BABA_02477	1.32E-152	429	COG2039@1|root,COG2039@2|Bacteria,1TRRX@1239|Firmicutes,4HCIJ@91061|Bacilli,1ZEI9@1386|Bacillus	91061|Bacilli	O	Removes 5-oxoproline from various penultimate amino acid residues except L-proline	pcp	GO:0005575,GO:0005622,GO:0005623,GO:0005737,GO:0006508,GO:0006807,GO:0008150,GO:0008152,GO:0019538,GO:0043170,GO:0044238,GO:0044424,GO:0044464,GO:0071704,GO:1901564	3.4.19.3	ko:K01304	-	-	-	-	ko00000,ko01000,ko01002	-	-	-	Peptidase_C15	IRAK1.1, IRAK1.2, IRAK1.3, IRAK1.4, NFKB1.2, NLRC4.4, NLRP3.1, NLRP3.3, NLRP3.4, NLRP3.5, NLRP3.6, RELA.1, RELA.2, RELA.3, RELA.4, TAB2.2	16
PRODB_00694	N	N	Y	Ef_705_00160	Enterococcus faecalis	30S ribosomal protein S11	Y	1201292.DR75_2256	9.37E-83	245	COG0100@1|root,COG0100@2|Bacteria,1V3IK@1239|Firmicutes,4HH2T@91061|Bacilli,4B293@81852|Enterococcaceae	91061|Bacilli	J	Located on the platform of the 30S subunit, it bridges several disparate RNA helices of the 16S rRNA. Forms part of the Shine-Dalgarno cleft in the 70S ribosome	rpsK	GO:0000028,GO:0000462,GO:0003674,GO:0003676,GO:0003723,GO:0003729,GO:0003735,GO:0005198,GO:0005488,GO:0005575,GO:0005622,GO:0005623,GO:0005737,GO:0005829,GO:0005840,GO:0006139,GO:0006364,GO:0006396,GO:0006412,GO:0006518,GO:0006725,GO:0006807,GO:0006996,GO:0008150,GO:0008152,GO:0009058,GO:0009059,GO:0009987,GO:0010467,GO:0015935,GO:0016043,GO:0016070,GO:0016072,GO:0019538,GO:0019843,GO:0022607,GO:0022613,GO:0022618,GO:0022626,GO:0022627,GO:0030490,GO:0032991,GO:0034470,GO:0034622,GO:0034641,GO:0034645,GO:0034660,GO:0042254,GO:0042255,GO:0042274,GO:0043043,GO:0043170,GO:0043226,GO:0043228,GO:0043229,GO:0043232,GO:0043603,GO:0043604,GO:0043933,GO:0044085,GO:0044237,GO:0044238,GO:0044249,GO:0044260,GO:0044267,GO:0044271,GO:0044391,GO:0044422,GO:0044424,GO:0044444,GO:0044445,GO:0044446,GO:0044464,GO:0046483,GO:0048027,GO:0065003,GO:0070181,GO:0070925,GO:0071704,GO:0071826,GO:0071840,GO:0090304,GO:0097159,GO:1901360,GO:1901363,GO:1901564,GO:1901566,GO:1901576,GO:1990904	-	ko:K02948	ko03010,map03010	M00178,M00179	-	-	br01610,ko00000,ko00001,ko00002,ko03011	-	-	-	Ribosomal_S11	AIM2.1, IKBKB.1, IKBKB.2, IKBKB.3, IKBKB.4, IRAK1.1, IRAK1.2, IRAK1.3, IRAK1.4, IRAK4.1, IRAK4.2, NAIP.1, NAIP.2, NFKB1.2, NFKBIA.1, NLRC4.1, NLRC4.2, NLRC4.3, NLRC4.4, NLRP1.1, NLRP1.2, NLRP1.3, NLRP1.4, NLRP1.5, NLRP12.1, NLRP12.2, NLRP12.3, NLRP12.4, NLRP12.5, NLRP12.6, NLRP12.7, NLRP3.1, NLRP3.2, NLRP3.3, NLRP3.4, NLRP3.5, NLRP3.6, NLRP6.1, NLRP6.2, RELA.1, RELA.2, RELA.3, RELA.4, TAB2.1, TAB2.2, TLR4.1, TLR4.2, TLR4.3, TRAF6.1	49
PRODB_00695	N	N	Y	St_13494_00909	Streptococcus thermophilus	Serine acetyltransferase	Y	264199.stu0848	1.25E-127	363	COG1045@1|root,COG1045@2|Bacteria,1TR42@1239|Firmicutes,4HAKS@91061|Bacilli	91061|Bacilli	E	serine acetyltransferase	cysE	-	2.3.1.30	ko:K00640	ko00270,ko00920,ko01100,ko01110,ko01120,ko01200,ko01230,ko05111,map00270,map00920,map01100,map01110,map01120,map01200,map01230,map05111	M00021	R00586	RC00004,RC00041	ko00000,ko00001,ko00002,ko01000	-	-	-	Hexapep	AIM2.1, IRAK1.1, IRAK1.2, IRAK1.3, IRAK1.4, IRAK4.1, IRAK4.2, NAIP.1, NAIP.2, NFKB1.2, NFKBIA.1, NLRC4.1, NLRC4.2, NLRC4.3, NLRC4.4, NLRP1.1, NLRP1.2, NLRP1.3, NLRP1.4, NLRP1.5, NLRP12.1, NLRP12.2, NLRP12.3, NLRP12.4, NLRP12.5, NLRP12.6, NLRP12.7, NLRP3.1, NLRP3.2, NLRP3.3, NLRP3.4, NLRP3.5, NLRP3.6, NLRP6.1, NLRP6.2, RELA.1, RELA.2, RELA.3, RELA.4, TAB2.1, TAB2.2, TLR4.1, TLR4.2, TLR4.3, TRAF6.1	45
PRODB_00696	N	N	Y	Ec_751_04246	Escherichia coli	hypothetical protein	Y	1122212.AULO01000010_gene202	1.12E-153	470	COG0270@1|root,COG0827@1|root,COG0270@2|Bacteria,COG0827@2|Bacteria,1MV9H@1224|Proteobacteria,1RPM4@1236|Gammaproteobacteria,1XKPT@135619|Oceanospirillales	135619|Oceanospirillales	L	C-5 cytosine-specific DNA methylase	-	-	2.1.1.37	ko:K00558	ko00270,ko01100,ko05206,map00270,map01100,map05206	M00035	R04858	RC00003,RC00332	ko00000,ko00001,ko00002,ko01000,ko02048,ko03032,ko03036	-	-	-	DNA_methylase	NFKB1.2, TAB2.1, TAB2.2	3
PRODB_00697	N	N	Y	Ec_Escherichia_coli_str._TO148_04215	Escherichia coli	hypothetical protein	Y	1122212.AULO01000010_gene202	6.17E-192	563	COG0270@1|root,COG0827@1|root,COG0270@2|Bacteria,COG0827@2|Bacteria,1MV9H@1224|Proteobacteria,1RPM4@1236|Gammaproteobacteria,1XKPT@135619|Oceanospirillales	135619|Oceanospirillales	L	C-5 cytosine-specific DNA methylase	-	-	2.1.1.37	ko:K00558	ko00270,ko01100,ko05206,map00270,map01100,map05206	M00035	R04858	RC00003,RC00332	ko00000,ko00001,ko00002,ko01000,ko02048,ko03032,ko03036	-	-	-	DNA_methylase	AIM2.1, IRAK1.1, IRAK1.2, IRAK1.3, IRAK1.4, IRAK4.1, NFKB1.2, NLRC4.4, NLRP3.1, NLRP3.2, NLRP3.3, NLRP3.4, NLRP3.5, NLRP3.6, RELA.1, RELA.2, RELA.3, RELA.4, TAB2.1, TAB2.2	20
PRODB_00698	N	N	Y	Ec_XH987_02003	Escherichia coli	hypothetical protein	Y	266117.Rxyl_2230	2.17E-179	524	28IHK@1|root,2Z8IU@2|Bacteria,2H22G@201174|Actinobacteria	201174|Actinobacteria	L	Type II restriction endonuclease (RE_Alw26IDE)	-	-	-	-	-	-	-	-	-	-	-	-	RE_Alw26IDE	AIM2.1, IRAK1.1, IRAK1.2, IRAK1.3, IRAK1.4, IRAK4.1, NAIP.1, NAIP.2, NFKB1.2, NLRC4.1, NLRC4.3, NLRC4.4, NLRP1.1, NLRP1.2, NLRP1.3, NLRP1.4, NLRP1.5, NLRP12.1, NLRP12.2, NLRP12.4, NLRP12.5, NLRP12.6, NLRP12.7, NLRP3.1, NLRP3.2, NLRP3.3, NLRP3.4, NLRP3.5, NLRP3.6, RELA.1, RELA.2, RELA.3, RELA.4, TAB2.1, TAB2.2, TLR4.3, TRAF6.1	37
PRODB_00699	N	N	Y	Lc_158_02178	Lactobacillus crispatus	50S ribosomal protein L5	Y	272623.L0403	1.01E-122	350	COG0094@1|root,COG0094@2|Bacteria,1TPE0@1239|Firmicutes,4HBAX@91061|Bacilli,1YB6D@1357|Lactococcus	91061|Bacilli	J	This is 1 of the proteins that binds and probably mediates the attachment of the 5S RNA into the large ribosomal subunit, where it forms part of the central protuberance. In the 70S ribosome it contacts protein S13 of the 30S subunit (bridge B1b), connecting the 2 subunits	rplE	GO:0000027,GO:0003674,GO:0003676,GO:0003723,GO:0003735,GO:0005198,GO:0005488,GO:0005575,GO:0005622,GO:0005623,GO:0005737,GO:0005829,GO:0005840,GO:0006412,GO:0006518,GO:0006807,GO:0006996,GO:0008150,GO:0008152,GO:0009058,GO:0009059,GO:0009987,GO:0010467,GO:0015934,GO:0016043,GO:0019538,GO:0022607,GO:0022613,GO:0022618,GO:0022625,GO:0022626,GO:0032991,GO:0034622,GO:0034641,GO:0034645,GO:0042254,GO:0042255,GO:0042273,GO:0043043,GO:0043170,GO:0043226,GO:0043228,GO:0043229,GO:0043232,GO:0043603,GO:0043604,GO:0043933,GO:0044085,GO:0044237,GO:0044238,GO:0044249,GO:0044260,GO:0044267,GO:0044271,GO:0044391,GO:0044422,GO:0044424,GO:0044444,GO:0044445,GO:0044446,GO:0044464,GO:0065003,GO:0070925,GO:0071704,GO:0071826,GO:0071840,GO:0097159,GO:1901363,GO:1901564,GO:1901566,GO:1901576,GO:1990904	-	ko:K02931	ko03010,map03010	M00178,M00179	-	-	br01610,ko00000,ko00001,ko00002,ko03011	-	-	-	Ribosomal_L5,Ribosomal_L5_C	AIM2.1, IRAK1.1, IRAK1.2, NFKB1.2, NLRC4.4, NLRP3.3, TAB2.1, TAB2.2	8
PRODB_00700	N	N	Y	Ec_131_03114	Escherichia coli	Prophage DNA-packing protein NohA	Y	1005994.GTGU_01237	1.30E-43	149	COG4220@1|root,COG4220@2|Bacteria,1RFQ1@1224|Proteobacteria,1S4F5@1236|Gammaproteobacteria	1236|Gammaproteobacteria	L	Phage DNA packaging protein Nu1	-	-	-	-	-	-	-	-	-	-	-	-	Phage_Nu1	AIM2.1, IKBKB.1, IKBKB.2, IKBKB.3, IKBKB.4, IRAK1.1, IRAK1.2, IRAK1.3, IRAK1.4, IRAK4.1, IRAK4.2, NAIP.1, NAIP.2, NFKB1.2, NFKBIA.1, NLRC4.1, NLRC4.2, NLRC4.3, NLRC4.4, NLRP1.1, NLRP1.2, NLRP1.3, NLRP1.4, NLRP1.5, NLRP12.1, NLRP12.2, NLRP12.3, NLRP12.4, NLRP12.5, NLRP12.6, NLRP12.7, NLRP3.1, NLRP3.2, NLRP3.3, NLRP3.4, NLRP3.5, NLRP3.6, NLRP6.1, NLRP6.2, RELA.1, RELA.2, RELA.3, RELA.4, TAB2.1, TAB2.2, TLR4.1, TLR4.2, TLR4.3, TRAF6.1	49
PRODB_00701	N	N	Y	Bl_MCC10084_00368	Bifidobacterium longum	L-ribulose-5-phosphate 4-epimerase UlaF	Y	216816.GS08_02100	1.38E-167	468	COG0235@1|root,COG0235@2|Bacteria,2GNI6@201174|Actinobacteria,4CZXX@85004|Bifidobacteriales	201174|Actinobacteria	G	Class II Aldolase and Adducin N-terminal domain	araD	-	5.1.3.4	ko:K03077	ko00040,ko00053,ko01100,ko01120,map00040,map00053,map01100,map01120	M00550	R05850	RC01479	ko00000,ko00001,ko00002,ko01000	-	-	-	Aldolase_II	AIM2.1, IRAK1.1, IRAK1.2, IRAK1.3, IRAK1.4, IRAK4.1, NAIP.2, NFKB1.2, NFKBIA.1, NLRC4.2, NLRC4.3, NLRC4.4, NLRP1.1, NLRP1.2, NLRP1.4, NLRP12.1, NLRP12.2, NLRP12.5, NLRP12.7, NLRP3.1, NLRP3.2, NLRP3.3, NLRP3.4, NLRP3.5, NLRP3.6, RELA.1, RELA.2, RELA.3, RELA.4, TAB2.1, TAB2.2, TRAF6.1	32
PRODB_00702	N	N	Y	Sb_Sb227_02307	Shigella boydii	hypothetical protein	Y	199310.c1491	1.26E-38	130	2CBE2@1|root,2ZX7X@2|Bacteria,1P4UK@1224|Proteobacteria,1SVW8@1236|Gammaproteobacteria	1236|Gammaproteobacteria	-	-	-	-	-	-	-	-	-	-	-	-	-	-	-	AIM2.1, IKBKB.3, IRAK1.1, IRAK1.2, IRAK1.3, IRAK1.4, IRAK4.1, IRAK4.2, NAIP.1, NAIP.2, NFKB1.2, NFKBIA.1, NLRC4.1, NLRC4.2, NLRC4.3, NLRC4.4, NLRP1.1, NLRP1.2, NLRP1.3, NLRP1.4, NLRP1.5, NLRP12.1, NLRP12.2, NLRP12.3, NLRP12.4, NLRP12.5, NLRP12.6, NLRP12.7, NLRP3.1, NLRP3.2, NLRP3.3, NLRP3.4, NLRP3.5, NLRP3.6, NLRP6.1, NLRP6.2, RELA.1, RELA.2, RELA.3, RELA.4, TAB2.1, TAB2.2, TLR4.1, TLR4.2, TLR4.3, TRAF6.1	46
PRODB_00703	N	N	Y	Lm_08-7374_00234	Leuconostoc mesenteroides	30S ribosomal protein S19	Y	1027396.LMOSA_5950	5.73E-73	218	COG0185@1|root,COG0185@2|Bacteria,1V6CX@1239|Firmicutes,4HIG0@91061|Bacilli,26KUT@186820|Listeriaceae	91061|Bacilli	J	Protein S19 forms a complex with S13 that binds strongly to the 16S ribosomal RNA	rpsS	GO:0000028,GO:0003674,GO:0003735,GO:0005198,GO:0005575,GO:0005622,GO:0005623,GO:0005737,GO:0005829,GO:0005840,GO:0006996,GO:0008150,GO:0009987,GO:0015935,GO:0016043,GO:0022607,GO:0022613,GO:0022618,GO:0022626,GO:0022627,GO:0032991,GO:0034622,GO:0042254,GO:0042255,GO:0042274,GO:0043226,GO:0043228,GO:0043229,GO:0043232,GO:0043933,GO:0044085,GO:0044391,GO:0044422,GO:0044424,GO:0044444,GO:0044445,GO:0044446,GO:0044464,GO:0065003,GO:0070925,GO:0071826,GO:0071840,GO:1990904	-	ko:K02965	ko03010,map03010	M00178,M00179	-	-	br01610,ko00000,ko00001,ko00002,ko03011	-	-	-	Ribosomal_S19	AIM2.1, IKBKB.1, IKBKB.2, IKBKB.3, IKBKB.4, IRAK1.1, IRAK1.2, IRAK1.3, IRAK1.4, IRAK4.1, IRAK4.2, NAIP.1, NAIP.2, NFKB1.2, NFKBIA.1, NLRC4.1, NLRC4.2, NLRC4.3, NLRC4.4, NLRP1.1, NLRP1.2, NLRP1.3, NLRP1.4, NLRP1.5, NLRP12.1, NLRP12.2, NLRP12.3, NLRP12.4, NLRP12.5, NLRP12.6, NLRP12.7, NLRP3.1, NLRP3.2, NLRP3.3, NLRP3.4, NLRP3.5, NLRP3.6, NLRP6.1, NLRP6.2, RELA.1, RELA.2, RELA.3, RELA.4, TAB2.1, TAB2.2, TLR4.1, TLR4.2, TLR4.3, TRAF6.1	49
PRODB_00704	N	N	Y	Sp_BSAC_bs472_01636	Streptococcus pyogenes	PTS system lactose-specific EIICB component	Y	663952.SDD27957_05150	0.00E+00	1062	COG1440@1|root,COG1455@1|root,COG1440@2|Bacteria,COG1455@2|Bacteria,1TQPV@1239|Firmicutes,4HC9I@91061|Bacilli,1M9V2@119603|Streptococcus dysgalactiae group	91061|Bacilli	G	PTS system, Lactose/Cellobiose specific IIB subunit	lacE	-	2.7.1.207	ko:K02787,ko:K02788	ko00052,ko01100,ko02060,map00052,map01100,map02060	M00281	R04393	RC00017,RC03206	ko00000,ko00001,ko00002,ko01000,ko02000	4.A.3.1	-	-	PTS_EIIC,PTS_IIB	AIM2.1, IRAK1.1, IRAK1.2, IRAK1.3, IRAK1.4, NFKB1.2, NFKBIA.1, NLRC4.1, NLRC4.3, NLRC4.4, NLRP1.1, NLRP1.2, NLRP1.4, NLRP3.1, NLRP3.2, NLRP3.3, NLRP3.4, NLRP3.5, NLRP3.6, NLRP6.1, NLRP6.2, RELA.1, RELA.2, RELA.3, RELA.4, TAB2.1, TAB2.2, TLR4.3, TRAF6.1	29
PRODB_00705	N	N	Y	Ec_LH50-c_01863	Escherichia coli	hypothetical protein	N	-	-	-	-	-	-	-	-	-	-	-	-	-	-	-	-	-	-	-	-	AIM2.1, IKBKB.1, IKBKB.2, IKBKB.3, IKBKB.4, IRAK1.1, IRAK1.2, IRAK1.3, IRAK1.4, IRAK4.1, IRAK4.2, NAIP.1, NAIP.2, NFKB1.2, NFKBIA.1, NLRC4.1, NLRC4.2, NLRC4.3, NLRC4.4, NLRP1.1, NLRP1.2, NLRP1.3, NLRP1.4, NLRP1.5, NLRP12.1, NLRP12.2, NLRP12.3, NLRP12.4, NLRP12.5, NLRP12.6, NLRP12.7, NLRP3.1, NLRP3.2, NLRP3.3, NLRP3.4, NLRP3.5, NLRP3.6, NLRP6.1, NLRP6.2, RELA.1, RELA.2, RELA.3, RELA.4, TAB2.1, TAB2.2, TLR4.1, TLR4.2, TLR4.3, TRAF6.1	49
PRODB_00706	N	N	Y	Ef_FDAARGOS_611_00516	Enterococcus faecalis	hypothetical protein	N	-	-	-	-	-	-	-	-	-	-	-	-	-	-	-	-	-	-	-	-	AIM2.1, IRAK1.1, IRAK1.2, IRAK1.3, IRAK1.4, NFKB1.2, NLRC4.4, NLRP1.1, NLRP1.4, NLRP3.1, NLRP3.2, NLRP3.3, NLRP3.4, NLRP3.5, NLRP3.6, RELA.1, RELA.2, RELA.3, RELA.4, TAB2.1, TAB2.2, TRAF6.1	22
PRODB_00707	N	N	Y	Wp_ATCC_33313_00281	Weissella paramesenteroides	30S ribosomal protein S12	Y	585506.HMPREF0877_0055	4.31E-91	267	COG0048@1|root,COG0048@2|Bacteria,1V1FJ@1239|Firmicutes,4HFMZ@91061|Bacilli,4AXNP@81850|Leuconostocaceae	91061|Bacilli	J	Interacts with and stabilizes bases of the 16S rRNA that are involved in tRNA selection in the A site and with the mRNA backbone. Located at the interface of the 30S and 50S subunits, it traverses the body of the 30S subunit contacting proteins on the other side and probably holding the rRNA structure together. The combined cluster of proteins S8, S12 and S17 appears to hold together the shoulder and platform of the 30S subunit	rpsL	GO:0003674,GO:0003735,GO:0005198,GO:0005575,GO:0005622,GO:0005623,GO:0005737,GO:0005840,GO:0006412,GO:0006518,GO:0006807,GO:0008150,GO:0008152,GO:0009058,GO:0009059,GO:0009987,GO:0010467,GO:0019538,GO:0032991,GO:0034641,GO:0034645,GO:0043043,GO:0043170,GO:0043226,GO:0043228,GO:0043229,GO:0043232,GO:0043603,GO:0043604,GO:0044237,GO:0044238,GO:0044249,GO:0044260,GO:0044267,GO:0044271,GO:0044424,GO:0044444,GO:0044464,GO:0071704,GO:1901564,GO:1901566,GO:1901576,GO:1990904	-	ko:K02950	ko03010,map03010	M00178,M00179	-	-	br01610,ko00000,ko00001,ko00002,ko03011	-	-	-	Ribosom_S12_S23	AIM2.1, IKBKB.3, IRAK1.1, IRAK1.2, IRAK1.3, IRAK1.4, IRAK4.1, NAIP.1, NAIP.2, NFKB1.2, NFKBIA.1, NLRC4.1, NLRC4.2, NLRC4.3, NLRC4.4, NLRP1.1, NLRP1.2, NLRP1.3, NLRP1.4, NLRP1.5, NLRP12.1, NLRP12.2, NLRP12.3, NLRP12.4, NLRP12.5, NLRP12.6, NLRP12.7, NLRP3.1, NLRP3.2, NLRP3.3, NLRP3.4, NLRP3.5, NLRP3.6, NLRP6.1, NLRP6.2, RELA.1, RELA.2, RELA.3, RELA.4, TAB2.1, TAB2.2, TLR4.1, TLR4.2, TLR4.3, TRAF6.1	45
PRODB_00708	N	N	Y	Ef_DM01_02596	Enterococcus faecalis	hypothetical protein	Y	226185.EF_3249	8.08E-21	82.8	29JTF@1|root,306QS@2|Bacteria,1U06H@1239|Firmicutes,4I9H4@91061|Bacilli,4B49I@81852|Enterococcaceae	91061|Bacilli	S	Putative Holin-like Toxin (Hol-Tox)	-	-	-	-	-	-	-	-	-	-	-	-	Hol_Tox	AIM2.1, IKBKB.1, IKBKB.2, IKBKB.3, IKBKB.4, IRAK1.1, IRAK1.2, IRAK1.3, IRAK1.4, IRAK4.1, IRAK4.2, NAIP.1, NAIP.2, NFKB1.2, NFKBIA.1, NLRC4.1, NLRC4.2, NLRC4.3, NLRC4.4, NLRP1.1, NLRP1.2, NLRP1.3, NLRP1.4, NLRP1.5, NLRP12.1, NLRP12.2, NLRP12.3, NLRP12.4, NLRP12.5, NLRP12.6, NLRP12.7, NLRP3.1, NLRP3.2, NLRP3.3, NLRP3.4, NLRP3.5, NLRP3.6, NLRP6.1, NLRP6.2, RELA.1, RELA.2, RELA.3, RELA.4, TAB2.1, TAB2.2, TLR4.1, TLR4.2, TLR4.3, TRAF6.1	49
PRODB_00709	N	N	Y	Ec_MS1170_03100	Escherichia coli	hypothetical protein	Y	199310.c0118	7.52E-11	61.2	COG2963@1|root,COG2963@2|Bacteria,1N700@1224|Proteobacteria,1SCWR@1236|Gammaproteobacteria	1236|Gammaproteobacteria	L	COG2963 Transposase and inactivated derivatives	-	-	-	ko:K07483	-	-	-	-	ko00000	-	-	-	HTH_28,HTH_Tnp_1	AIM2.1, IKBKB.1, IKBKB.2, IKBKB.3, IKBKB.4, IRAK1.1, IRAK1.2, IRAK1.3, IRAK1.4, IRAK4.1, IRAK4.2, NAIP.1, NAIP.2, NFKB1.2, NFKBIA.1, NLRC4.1, NLRC4.2, NLRC4.3, NLRC4.4, NLRP1.1, NLRP1.2, NLRP1.3, NLRP1.4, NLRP1.5, NLRP12.1, NLRP12.2, NLRP12.3, NLRP12.4, NLRP12.5, NLRP12.6, NLRP12.7, NLRP3.1, NLRP3.2, NLRP3.3, NLRP3.4, NLRP3.5, NLRP3.6, NLRP6.1, NLRP6.2, RELA.1, RELA.2, RELA.3, RELA.4, TAB2.1, TAB2.2, TLR4.1, TLR4.2, TLR4.3, TRAF6.1	49
PRODB_00710	N	N	Y	Ef_NY13321_02860	Enterococcus faecalis	Streptomycin 3''-adenylyltransferase	Y	1201292.DR75_152	1.15E-184	513	COG1708@1|root,COG1708@2|Bacteria,1UCIC@1239|Firmicutes,4HEP7@91061|Bacilli,4B569@81852|Enterococcaceae	91061|Bacilli	H	Domain of unknown function (DUF4111)	ant1	-	2.7.7.47	ko:K00984	-	-	-	-	ko00000,ko01000,ko01504	-	-	-	DUF4111,NTP_transf_2	AIM2.1, IRAK1.1, IRAK1.2, NFKB1.2, NLRC4.4, NLRP3.1, NLRP3.3, NLRP3.4, NLRP3.5, TAB2.1, TAB2.2	11
PRODB_00711	N	N	Y	Ec_675SK2_02869	Escherichia coli	hypothetical protein	N	-	-	-	-	-	-	-	-	-	-	-	-	-	-	-	-	-	-	-	-	AIM2.1, IKBKB.1, IKBKB.2, IKBKB.3, IKBKB.4, IRAK1.1, IRAK1.2, IRAK1.3, IRAK1.4, IRAK4.1, IRAK4.2, NAIP.1, NAIP.2, NFKB1.2, NFKBIA.1, NLRC4.1, NLRC4.2, NLRC4.3, NLRC4.4, NLRP1.1, NLRP1.2, NLRP1.3, NLRP1.4, NLRP1.5, NLRP12.1, NLRP12.2, NLRP12.3, NLRP12.4, NLRP12.5, NLRP12.6, NLRP12.7, NLRP3.1, NLRP3.2, NLRP3.3, NLRP3.4, NLRP3.5, NLRP3.6, NLRP6.1, NLRP6.2, RELA.1, RELA.2, RELA.3, RELA.4, TAB2.1, TAB2.2, TLR4.1, TLR4.2, TLR4.3, TRAF6.1	49
PRODB_00712	N	N	Y	Kp_KP045_04381	Klebsiella pneumoniae	hypothetical protein	Y	1441930.Z042_16350	7.68E-292	800	COG4268@1|root,COG4268@2|Bacteria,1MW1B@1224|Proteobacteria,1RQC0@1236|Gammaproteobacteria,404S5@613|Serratia	1236|Gammaproteobacteria	V	McrBC 5-methylcytosine restriction system component	-	-	-	ko:K19147	-	-	-	-	ko00000,ko02048	-	-	-	McrBC	AIM2.1, IRAK1.1, IRAK1.2, IRAK1.3, IRAK1.4, IRAK4.1, NAIP.1, NAIP.2, NFKB1.2, NFKBIA.1, NLRC4.1, NLRC4.2, NLRC4.3, NLRC4.4, NLRP1.1, NLRP1.2, NLRP1.3, NLRP1.4, NLRP1.5, NLRP12.1, NLRP12.2, NLRP12.3, NLRP12.4, NLRP12.5, NLRP12.6, NLRP12.7, NLRP3.1, NLRP3.2, NLRP3.3, NLRP3.4, NLRP3.5, NLRP3.6, NLRP6.1, NLRP6.2, RELA.1, RELA.2, RELA.3, RELA.4, TAB2.1, TAB2.2, TLR4.1, TLR4.2, TLR4.3, TRAF6.1	44
PRODB_00713	N	N	Y	Lm_IMAU11071_01190	Leuconostoc mesenteroides	UTP--glucose-1-phosphate uridylyltransferase	Y	203120.LEUM_0599	9.15E-206	569	COG1210@1|root,COG1210@2|Bacteria,1TQ24@1239|Firmicutes,4HATY@91061|Bacilli,4AWW3@81850|Leuconostocaceae	91061|Bacilli	M	UTP-glucose-1-phosphate uridylyltransferase	galU	-	2.7.7.9	ko:K00963	ko00040,ko00052,ko00500,ko00520,ko01100,ko01130,map00040,map00052,map00500,map00520,map01100,map01130	M00129,M00361,M00362,M00549	R00289	RC00002	ko00000,ko00001,ko00002,ko01000	-	-	-	NTP_transferase	IRAK1.1, IRAK1.2, NFKB1.2, NLRP3.1, NLRP3.3, RELA.1, TAB2.1, TAB2.2	8
PRODB_00714	N	N	Y	Ec_EC7518_03669	Escherichia coli	hypothetical protein	Y	1441930.Z042_16355	0.00E+00	1194	COG0467@1|root,COG1401@1|root,COG0467@2|Bacteria,COG1401@2|Bacteria,1MYQM@1224|Proteobacteria,1RSU7@1236|Gammaproteobacteria	1236|Gammaproteobacteria	V	GTPase subunit of restriction endonuclease	-	-	-	ko:K07452	-	-	-	-	ko00000,ko01000,ko02048	-	-	-	AAA_5	AIM2.1, IKBKB.2, IKBKB.3, IRAK1.1, IRAK1.2, IRAK1.3, IRAK1.4, IRAK4.1, IRAK4.2, NAIP.1, NAIP.2, NFKB1.2, NFKBIA.1, NLRC4.1, NLRC4.2, NLRC4.3, NLRC4.4, NLRP1.1, NLRP1.2, NLRP1.3, NLRP1.4, NLRP1.5, NLRP12.1, NLRP12.2, NLRP12.3, NLRP12.4, NLRP12.5, NLRP12.6, NLRP12.7, NLRP3.1, NLRP3.2, NLRP3.3, NLRP3.4, NLRP3.5, NLRP3.6, NLRP6.1, NLRP6.2, RELA.1, RELA.2, RELA.3, RELA.4, TAB2.1, TAB2.2, TLR4.1, TLR4.2, TLR4.3, TRAF6.1	47
PRODB_00715	N	N	Y	Wp_DmW_107101_01343	Weissella paramesenteroides	3-hydroxyacyl-[acyl-carrier-protein] dehydratase FabZ	Y	585506.HMPREF0877_1760	2.58E-103	299	COG0764@1|root,COG0764@2|Bacteria,1V3UN@1239|Firmicutes,4HHYD@91061|Bacilli,4AXB9@81850|Leuconostocaceae	91061|Bacilli	I	Involved in unsaturated fatty acids biosynthesis. Catalyzes the dehydration of short chain beta-hydroxyacyl-ACPs and long chain saturated and unsaturated beta-hydroxyacyl-ACPs	fabZ	-	4.2.1.59	ko:K02372	ko00061,ko00780,ko01100,ko01212,map00061,map00780,map01100,map01212	M00083,M00572	R04428,R04535,R04537,R04544,R04568,R04954,R04965,R07764,R10117,R10121	RC00831,RC01095	ko00000,ko00001,ko00002,ko01000,ko01004	-	-	-	FabA	AIM2.1, IRAK1.1, IRAK1.2, IRAK1.3, IRAK1.4, IRAK4.1, NAIP.1, NFKB1.2, NLRC4.4, NLRP1.1, NLRP1.2, NLRP1.3, NLRP1.4, NLRP3.1, NLRP3.2, NLRP3.3, NLRP3.5, NLRP3.6, RELA.1, RELA.2, RELA.3, RELA.4, TAB2.1, TAB2.2, TLR4.3, TRAF6.1	26
PRODB_00716	N	N	Y	Ll_OF45-3pH10A_01061	Leuconostoc lactis	50S ribosomal protein L19	Y	1246.JMEA01000005_gene1236	4.64E-76	227	COG0335@1|root,COG0335@2|Bacteria,1V6FT@1239|Firmicutes,4HIK3@91061|Bacilli,4AXTX@81850|Leuconostocaceae	91061|Bacilli	J	This protein is located at the 30S-50S ribosomal subunit interface and may play a role in the structure and function of the aminoacyl-tRNA binding site	rplS	GO:0003674,GO:0003735,GO:0005198,GO:0005575,GO:0005622,GO:0005623,GO:0005737,GO:0005829,GO:0005840,GO:0015934,GO:0022625,GO:0022626,GO:0032991,GO:0043226,GO:0043228,GO:0043229,GO:0043232,GO:0044391,GO:0044422,GO:0044424,GO:0044444,GO:0044445,GO:0044446,GO:0044464,GO:1990904	-	ko:K02884	ko03010,map03010	M00178	-	-	br01610,ko00000,ko00001,ko00002,ko03011	-	-	-	Ribosomal_L19	AIM2.1, IRAK1.2, IRAK4.1, NFKB1.2, NLRC4.4, NLRP3.1, TAB2.1, TAB2.2	8
PRODB_00717	N	N	Y	Lm_IMAU80770_00467	Leuconostoc mesenteroides	50S ribosomal protein L3	Y	203120.LEUM_0196	1.75E-154	434	COG0087@1|root,COG0087@2|Bacteria,1TPFT@1239|Firmicutes,4HAEN@91061|Bacilli,4AX1N@81850|Leuconostocaceae	91061|Bacilli	J	One of the primary rRNA binding proteins, it binds directly near the 3'-end of the 23S rRNA, where it nucleates assembly of the 50S subunit	rplC	GO:0008150,GO:0009893,GO:0010468,GO:0010604,GO:0010628,GO:0019219,GO:0019222,GO:0031323,GO:0031325,GO:0044087,GO:0044089,GO:0045935,GO:0048518,GO:0048522,GO:0050789,GO:0050794,GO:0051171,GO:0051173,GO:0051252,GO:0051254,GO:0060255,GO:0065007,GO:0080090,GO:0090069,GO:0090070,GO:2000232,GO:2000234	-	ko:K02906	ko03010,map03010	M00178,M00179	-	-	br01610,ko00000,ko00001,ko00002,ko03011	-	-	-	Ribosomal_L3	AIM2.1, IKBKB.3, IKBKB.4, IRAK1.1, IRAK1.2, IRAK1.3, IRAK1.4, IRAK4.1, IRAK4.2, NAIP.1, NAIP.2, NFKB1.2, NFKBIA.1, NLRC4.1, NLRC4.2, NLRC4.3, NLRC4.4, NLRP1.1, NLRP1.2, NLRP1.3, NLRP1.4, NLRP1.5, NLRP12.1, NLRP12.2, NLRP12.3, NLRP12.4, NLRP12.5, NLRP12.6, NLRP12.7, NLRP3.1, NLRP3.2, NLRP3.3, NLRP3.4, NLRP3.5, NLRP3.6, NLRP6.1, NLRP6.2, RELA.1, RELA.2, RELA.3, RELA.4, TAB2.1, TAB2.2, TLR4.1, TLR4.2, TLR4.3, TRAF6.1	47
PRODB_00718	N	N	Y	Wp_DmW_109_01800	Weissella paramesenteroides	30S ribosomal protein S13	Y	585506.HMPREF0877_0435	1.32E-76	229	COG0099@1|root,COG0099@2|Bacteria,1V3JH@1239|Firmicutes,4HGX6@91061|Bacilli,4AXSM@81850|Leuconostocaceae	91061|Bacilli	J	Located at the top of the head of the 30S subunit, it contacts several helices of the 16S rRNA. In the 70S ribosome it contacts the 23S rRNA (bridge B1a) and protein L5 of the 50S subunit (bridge B1b), connecting the 2 subunits	rpsM	GO:0003674,GO:0003735,GO:0005198,GO:0005575,GO:0005622,GO:0005623,GO:0005737,GO:0005829,GO:0005840,GO:0006412,GO:0006518,GO:0006807,GO:0008150,GO:0008152,GO:0009058,GO:0009059,GO:0009987,GO:0010467,GO:0015935,GO:0019538,GO:0022613,GO:0032991,GO:0034641,GO:0034645,GO:0042254,GO:0043043,GO:0043170,GO:0043226,GO:0043228,GO:0043229,GO:0043232,GO:0043603,GO:0043604,GO:0044085,GO:0044237,GO:0044238,GO:0044249,GO:0044260,GO:0044267,GO:0044271,GO:0044391,GO:0044422,GO:0044424,GO:0044444,GO:0044446,GO:0044464,GO:0071704,GO:0071840,GO:1901564,GO:1901566,GO:1901576,GO:1990904	-	ko:K02952	ko03010,map03010	M00178,M00179	-	-	br01610,ko00000,ko00001,ko00002,ko03011	-	-	-	Ribosomal_S13	AIM2.1, IRAK1.1, IRAK1.2, IRAK1.3, IRAK1.4, NFKB1.2, NLRC4.4, NLRP3.1, NLRP3.3, NLRP3.6, RELA.4, TAB2.1, TAB2.2	13
PRODB_00719	N	N	Y	Wp_DmW_107108_01504	Weissella paramesenteroides	Uracil phosphoribosyltransferase	Y	585506.HMPREF0877_0504	3.63E-143	404	COG0035@1|root,COG0035@2|Bacteria,1TPMT@1239|Firmicutes,4H9Y0@91061|Bacilli,4AX19@81850|Leuconostocaceae	91061|Bacilli	F	Catalyzes the conversion of uracil and 5-phospho-alpha- D-ribose 1-diphosphate (PRPP) to UMP and diphosphate	upp	GO:0003674,GO:0003824,GO:0004849,GO:0005575,GO:0005622,GO:0005623,GO:0005737,GO:0005829,GO:0006139,GO:0006206,GO:0006213,GO:0006220,GO:0006221,GO:0006222,GO:0006725,GO:0006753,GO:0006793,GO:0006796,GO:0006807,GO:0008150,GO:0008152,GO:0008655,GO:0009058,GO:0009112,GO:0009116,GO:0009117,GO:0009119,GO:0009123,GO:0009124,GO:0009129,GO:0009130,GO:0009156,GO:0009161,GO:0009163,GO:0009165,GO:0009173,GO:0009174,GO:0009218,GO:0009220,GO:0009259,GO:0009260,GO:0009987,GO:0016301,GO:0016310,GO:0016740,GO:0016772,GO:0018130,GO:0019205,GO:0019206,GO:0019438,GO:0019637,GO:0019693,GO:0034404,GO:0034641,GO:0034654,GO:0042455,GO:0043094,GO:0043097,GO:0043174,GO:0044237,GO:0044238,GO:0044249,GO:0044271,GO:0044281,GO:0044283,GO:0044424,GO:0044444,GO:0044464,GO:0046049,GO:0046131,GO:0046132,GO:0046134,GO:0046390,GO:0046483,GO:0055086,GO:0071704,GO:0072527,GO:0072528,GO:0090407,GO:1901135,GO:1901137,GO:1901293,GO:1901360,GO:1901362,GO:1901564,GO:1901566,GO:1901576,GO:1901657,GO:1901659	2.4.2.9	ko:K00761	ko00240,ko01100,map00240,map01100	-	R00966	RC00063	ko00000,ko00001,ko01000	-	-	iSB619.SA_RS11010	UPRTase	NFKB1.2, NLRC4.4	2
PRODB_00720	N	N	Y	Ll_CBA3622_01115	Leuconostoc lactis	50S ribosomal protein L35	Y	1246.JMEA01000003_gene865	3.02E-36	122	COG0291@1|root,COG0291@2|Bacteria,1U3G1@1239|Firmicutes,4ID8N@91061|Bacilli,4AY2S@81850|Leuconostocaceae	91061|Bacilli	J	Belongs to the bacterial ribosomal protein bL35 family	rpmI	-	-	ko:K02916	ko03010,map03010	M00178	-	-	br01610,ko00000,ko00001,ko00002,ko03011	-	-	-	Ribosomal_L35p	AIM2.1, IKBKB.1, IKBKB.2, IKBKB.3, IKBKB.4, IRAK1.1, IRAK1.2, IRAK1.3, IRAK1.4, IRAK4.1, IRAK4.2, NAIP.1, NAIP.2, NFKB1.2, NFKBIA.1, NLRC4.1, NLRC4.2, NLRC4.3, NLRC4.4, NLRP1.1, NLRP1.2, NLRP1.3, NLRP1.4, NLRP1.5, NLRP12.1, NLRP12.2, NLRP12.3, NLRP12.4, NLRP12.5, NLRP12.6, NLRP12.7, NLRP3.1, NLRP3.2, NLRP3.3, NLRP3.4, NLRP3.5, NLRP3.6, NLRP6.1, NLRP6.2, RELA.1, RELA.2, RELA.3, RELA.4, TAB2.1, TAB2.2, TLR4.1, TLR4.2, TLR4.3, TRAF6.1	49
PRODB_00721	N	N	Y	Lm_109_00737	Leuconostoc mesenteroides	3-hydroxyacyl-[acyl-carrier-protein] dehydratase FabZ	Y	1154757.Q5C_03275	2.90E-95	278	COG0764@1|root,COG0764@2|Bacteria,1V6EX@1239|Firmicutes,4HGX1@91061|Bacilli,4AXQ9@81850|Leuconostocaceae	91061|Bacilli	I	Involved in unsaturated fatty acids biosynthesis. Catalyzes the dehydration of short chain beta-hydroxyacyl-ACPs and long chain saturated and unsaturated beta-hydroxyacyl-ACPs	fabZ	-	4.2.1.59	ko:K02372	ko00061,ko00780,ko01100,ko01212,map00061,map00780,map01100,map01212	M00083,M00572	R04428,R04535,R04537,R04544,R04568,R04954,R04965,R07764,R10117,R10121	RC00831,RC01095	ko00000,ko00001,ko00002,ko01000,ko01004	-	-	-	FabA	AIM2.1, IRAK1.1, IRAK1.2, IRAK1.3, IRAK1.4, NAIP.1, NAIP.2, NFKB1.2, NLRC4.4, NLRP1.1, NLRP1.2, NLRP1.4, NLRP12.1, NLRP12.2, NLRP12.6, NLRP12.7, NLRP3.1, NLRP3.2, NLRP3.3, NLRP3.4, NLRP3.5, NLRP3.6, RELA.1, RELA.2, RELA.3, RELA.4, TAB2.1, TAB2.2	28
PRODB_00722	N	N	Y	Wp_FDAARGOS_414_00262	Weissella paramesenteroides	60 kDa chaperonin	Y	585506.HMPREF0877_0233	0.00E+00	1003	COG0459@1|root,COG0459@2|Bacteria,1TP1T@1239|Firmicutes,4HA38@91061|Bacilli,4AWHD@81850|Leuconostocaceae	91061|Bacilli	O	Prevents misfolding and promotes the refolding and proper assembly of unfolded polypeptides generated under stress conditions	groL	GO:0001817,GO:0001819,GO:0001871,GO:0002791,GO:0002793,GO:0003674,GO:0005488,GO:0005515,GO:0005575,GO:0005622,GO:0005623,GO:0005737,GO:0005829,GO:0006457,GO:0006458,GO:0008150,GO:0009986,GO:0009987,GO:0016465,GO:0030246,GO:0030247,GO:0032677,GO:0032757,GO:0032879,GO:0032880,GO:0032991,GO:0044183,GO:0044424,GO:0044444,GO:0044445,GO:0044464,GO:0044764,GO:0046812,GO:0048518,GO:0048522,GO:0050707,GO:0050708,GO:0050714,GO:0050715,GO:0050789,GO:0050794,GO:0051046,GO:0051047,GO:0051049,GO:0051050,GO:0051082,GO:0051222,GO:0051223,GO:0051239,GO:0051240,GO:0051704,GO:0061077,GO:0065007,GO:0070201,GO:0090087,GO:0098630,GO:0098743,GO:0101031,GO:1903530,GO:1903532,GO:1904951,GO:1990220,GO:2000482,GO:2000484,GO:2001065	-	ko:K04077	ko03018,ko04212,ko04940,ko05134,ko05152,map03018,map04212,map04940,map05134,map05152	-	-	-	ko00000,ko00001,ko03019,ko03029,ko03110,ko04147	-	-	-	Cpn60_TCP1	NFKB1.2, NLRC4.4, NLRP3.1, NLRP3.3, NLRP3.5, NLRP3.6, TAB2.2	7
PRODB_00723	N	N	Y	Ll_UBA5570_01307	Leuconostoc lactis	6-phosphogluconate dehydrogenase, NAD(+)-dependent, decarboxylating	Y	1246.JMEA01000001_gene829	1.96E-218	602	COG1023@1|root,COG1023@2|Bacteria,1UHN4@1239|Firmicutes,4IS44@91061|Bacilli,4AWWZ@81850|Leuconostocaceae	91061|Bacilli	G	6-phosphogluconate dehydrogenase	gntZ	-	1.1.1.343,1.1.1.44	ko:K00033	ko00030,ko00480,ko01100,ko01110,ko01120,ko01130,ko01200,map00030,map00480,map01100,map01110,map01120,map01130,map01200	M00004,M00006	R01528,R10221	RC00001,RC00539	ko00000,ko00001,ko00002,ko01000	-	-	-	6PGD,NAD_binding_2	AIM2.1, IRAK1.1, IRAK1.2, IRAK1.3, IRAK1.4, IRAK4.1, IRAK4.2, NAIP.1, NAIP.2, NFKB1.2, NFKBIA.1, NLRC4.1, NLRC4.3, NLRC4.4, NLRP1.1, NLRP1.2, NLRP1.3, NLRP1.4, NLRP12.1, NLRP12.2, NLRP12.3, NLRP12.4, NLRP12.5, NLRP12.6, NLRP12.7, NLRP3.1, NLRP3.2, NLRP3.3, NLRP3.4, NLRP3.5, NLRP3.6, RELA.1, RELA.2, RELA.3, RELA.4, TAB2.1, TAB2.2, TLR4.1, TLR4.2, TLR4.3, TRAF6.1	41
PRODB_00724	N	N	Y	Wp_A37_01011	Weissella paramesenteroides	Transcriptional regulatory protein SrrA	Y	585506.HMPREF0877_0560	4.64E-159	446	COG0745@1|root,COG0745@2|Bacteria,1TP9M@1239|Firmicutes,4HB3T@91061|Bacilli,4AWZ4@81850|Leuconostocaceae	91061|Bacilli	K	consisting of a CheY-like receiver domain and a winged-helix DNA-binding domain	vanR	-	-	-	-	-	-	-	-	-	-	-	Response_reg,Trans_reg_C	AIM2.1, IRAK1.1, IRAK1.2, IRAK1.3, IRAK1.4, IRAK4.1, NAIP.1, NAIP.2, NFKB1.2, NFKBIA.1, NLRC4.1, NLRC4.2, NLRC4.3, NLRC4.4, NLRP1.1, NLRP1.2, NLRP1.3, NLRP1.4, NLRP12.2, NLRP3.1, NLRP3.2, NLRP3.3, NLRP3.4, NLRP3.5, NLRP3.6, RELA.1, RELA.2, RELA.3, RELA.4, TAB2.1, TAB2.2, TRAF6.1	32
PRODB_00725	N	N	Y	Lp_LMGCF08_01203	Lacticaseibacillus paracasei	Elongation factor 4	Y	1154757.Q5C_10710	0.00E+00	1195	COG0481@1|root,COG0481@2|Bacteria,1TP0G@1239|Firmicutes,4HASA@91061|Bacilli,4AWYU@81850|Leuconostocaceae	91061|Bacilli	M	Required for accurate and efficient protein synthesis under certain stress conditions. May act as a fidelity factor of the translation reaction, by catalyzing a one-codon backward translocation of tRNAs on improperly translocated ribosomes. Back- translocation proceeds from a post-translocation (POST) complex to a pre-translocation (PRE) complex, thus giving elongation factor G a second chance to translocate the tRNAs correctly. Binds to ribosomes in a GTP-dependent manner	lepA	-	-	ko:K03596	ko05134,map05134	-	-	-	ko00000,ko00001	-	-	-	EFG_C,EFG_II,GTP_EFTU,GTP_EFTU_D2,LepA_C	NFKB1.2, NLRP3.1, NLRP3.2, NLRP3.3, NLRP3.5, NLRP3.6, TAB2.2	7
PRODB_00726	N	N	Y	Ll_UBA4610_00475	Leuconostoc lactis	Adenylosuccinate lyase	Y	1246.JMEA01000003_gene908	0.00E+00	842	COG0015@1|root,COG0015@2|Bacteria,1TPMM@1239|Firmicutes,4HACW@91061|Bacilli,4AWH4@81850|Leuconostocaceae	91061|Bacilli	F	Belongs to the lyase 1 family. Adenylosuccinate lyase subfamily	purB	GO:0003674,GO:0003824,GO:0004018,GO:0006139,GO:0006163,GO:0006164,GO:0006167,GO:0006725,GO:0006753,GO:0006793,GO:0006796,GO:0006807,GO:0008150,GO:0008152,GO:0009058,GO:0009117,GO:0009123,GO:0009124,GO:0009126,GO:0009127,GO:0009150,GO:0009152,GO:0009156,GO:0009161,GO:0009165,GO:0009167,GO:0009168,GO:0009259,GO:0009260,GO:0009987,GO:0016829,GO:0016840,GO:0016842,GO:0017144,GO:0018130,GO:0019438,GO:0019637,GO:0019693,GO:0034641,GO:0034654,GO:0044208,GO:0044237,GO:0044238,GO:0044249,GO:0044271,GO:0044281,GO:0046033,GO:0046390,GO:0046483,GO:0055086,GO:0070626,GO:0071704,GO:0072521,GO:0072522,GO:0090407,GO:1901135,GO:1901137,GO:1901293,GO:1901360,GO:1901362,GO:1901564,GO:1901566,GO:1901576	4.3.2.2	ko:K01756	ko00230,ko00250,ko01100,ko01110,ko01130,map00230,map00250,map01100,map01110,map01130	M00048,M00049	R01083,R04559	RC00379,RC00444,RC00445	ko00000,ko00001,ko00002,ko01000	-	-	iSB619.SA_RS09895	ADSL_C,Lyase_1	AIM2.1, IRAK1.1, IRAK1.2, IRAK1.3, IRAK1.4, NFKB1.2, NLRC4.4, NLRP3.1, TAB2.1, TAB2.2	10
PRODB_00727	N	N	Y	Lm_CECT_9217_01287	Leuconostoc mesenteroides	50S ribosomal protein L28	Y	1154757.Q5C_10390	8.23E-39	129	COG0227@1|root,COG0227@2|Bacteria,1TVQH@1239|Firmicutes,4HSV0@91061|Bacilli,4AY2V@81850|Leuconostocaceae	91061|Bacilli	J	Belongs to the bacterial ribosomal protein bL28 family	rpmB	-	-	ko:K02902	ko03010,map03010	M00178	-	-	br01610,ko00000,ko00001,ko00002,ko03011	-	-	-	Ribosomal_L28	AIM2.1, IKBKB.1, IKBKB.2, IKBKB.3, IKBKB.4, IRAK1.1, IRAK1.2, IRAK1.3, IRAK1.4, IRAK4.1, IRAK4.2, NAIP.1, NAIP.2, NFKB1.2, NFKBIA.1, NLRC4.1, NLRC4.2, NLRC4.3, NLRC4.4, NLRP1.1, NLRP1.2, NLRP1.3, NLRP1.4, NLRP1.5, NLRP12.1, NLRP12.2, NLRP12.3, NLRP12.4, NLRP12.5, NLRP12.6, NLRP12.7, NLRP3.1, NLRP3.2, NLRP3.3, NLRP3.4, NLRP3.5, NLRP3.6, NLRP6.1, NLRP6.2, RELA.1, RELA.2, RELA.3, RELA.4, TAB2.1, TAB2.2, TLR4.1, TLR4.2, TLR4.3, TRAF6.1	49
PRODB_00728	N	N	Y	Lm_IMAU32563_01180	Leuconostoc mesenteroides	Elongation factor G	Y	203120.LEUM_0189	0.00E+00	1312	COG0480@1|root,COG0480@2|Bacteria,1TPF9@1239|Firmicutes,4HAB8@91061|Bacilli,4AWUY@81850|Leuconostocaceae	91061|Bacilli	J	Catalyzes the GTP-dependent ribosomal translocation step during translation elongation. During this step, the ribosome changes from the pre-translocational (PRE) to the post- translocational (POST) state as the newly formed A-site-bound peptidyl-tRNA and P-site-bound deacylated tRNA move to the P and E sites, respectively. Catalyzes the coordinated movement of the two tRNA molecules, the mRNA and conformational changes in the ribosome	fusA	-	-	ko:K02355	-	-	-	-	ko00000,ko03012,ko03029	-	-	-	EFG_C,EFG_II,EFG_IV,GTP_EFTU,GTP_EFTU_D2	IRAK1.1, NFKB1.2, NLRC4.4, NLRP12.5, TAB2.2	5
PRODB_00729	N	N	Y	Ll_1001095IJ_161003_G5_00518	Leuconostoc lactis	30S ribosomal protein S17	Y	1246.JMEA01000004_gene1370	5.25E-54	169	COG0186@1|root,COG0186@2|Bacteria,1V9YC@1239|Firmicutes,4HKDN@91061|Bacilli,4AXWZ@81850|Leuconostocaceae	91061|Bacilli	J	One of the primary rRNA binding proteins, it binds specifically to the 5'-end of 16S ribosomal RNA	rpsQ	GO:0003674,GO:0003735,GO:0005198,GO:0005575,GO:0005622,GO:0005623,GO:0005737,GO:0005829,GO:0005840,GO:0006412,GO:0006518,GO:0006807,GO:0008150,GO:0008152,GO:0009058,GO:0009059,GO:0009987,GO:0010467,GO:0015935,GO:0019538,GO:0022626,GO:0022627,GO:0032991,GO:0034641,GO:0034645,GO:0043043,GO:0043170,GO:0043226,GO:0043228,GO:0043229,GO:0043232,GO:0043603,GO:0043604,GO:0044237,GO:0044238,GO:0044249,GO:0044260,GO:0044267,GO:0044271,GO:0044391,GO:0044422,GO:0044424,GO:0044444,GO:0044445,GO:0044446,GO:0044464,GO:0071704,GO:1901564,GO:1901566,GO:1901576,GO:1990904	-	ko:K02961	ko03010,map03010	M00178,M00179	-	-	br01610,ko00000,ko00001,ko00002,ko03011	-	-	-	Ribosomal_S17	AIM2.1, IKBKB.1, IKBKB.2, IKBKB.3, IKBKB.4, IRAK1.1, IRAK1.2, IRAK1.3, IRAK1.4, IRAK4.1, IRAK4.2, NAIP.1, NAIP.2, NFKB1.2, NFKBIA.1, NLRC4.1, NLRC4.2, NLRC4.3, NLRC4.4, NLRP1.1, NLRP1.2, NLRP1.3, NLRP1.4, NLRP1.5, NLRP12.1, NLRP12.2, NLRP12.3, NLRP12.4, NLRP12.5, NLRP12.6, NLRP12.7, NLRP3.1, NLRP3.2, NLRP3.3, NLRP3.4, NLRP3.5, NLRP3.6, NLRP6.1, NLRP6.2, RELA.1, RELA.2, RELA.3, RELA.4, TAB2.1, TAB2.2, TLR4.1, TLR4.2, TLR4.3, TRAF6.1	49
PRODB_00730	N	N	Y	Lm_BD1710_00213	Leuconostoc mesenteroides	30S ribosomal protein S5	Y	203120.LEUM_0212	1.52E-109	316	COG0098@1|root,COG0098@2|Bacteria,1V1B1@1239|Firmicutes,4HFN4@91061|Bacilli,4AWHT@81850|Leuconostocaceae	91061|Bacilli	J	Located at the back of the 30S subunit body where it stabilizes the conformation of the head with respect to the body	rpsE	GO:0003674,GO:0003735,GO:0005198,GO:0005575,GO:0005622,GO:0005623,GO:0005737,GO:0005829,GO:0005840,GO:0006412,GO:0006518,GO:0006807,GO:0008150,GO:0008152,GO:0009058,GO:0009059,GO:0009987,GO:0010467,GO:0015935,GO:0019538,GO:0022626,GO:0022627,GO:0032991,GO:0034641,GO:0034645,GO:0043043,GO:0043170,GO:0043226,GO:0043228,GO:0043229,GO:0043232,GO:0043603,GO:0043604,GO:0044237,GO:0044238,GO:0044249,GO:0044260,GO:0044267,GO:0044271,GO:0044391,GO:0044422,GO:0044424,GO:0044444,GO:0044445,GO:0044446,GO:0044464,GO:0071704,GO:1901564,GO:1901566,GO:1901576,GO:1990904	-	ko:K02988	ko03010,map03010	M00178,M00179	-	-	br01610,ko00000,ko00001,ko00002,ko03011	-	-	-	Ribosomal_S5,Ribosomal_S5_C	AIM2.1, IRAK1.1, IRAK1.2, IRAK1.3, IRAK1.4, IRAK4.1, NAIP.1, NAIP.2, NFKB1.2, NFKBIA.1, NLRC4.2, NLRC4.3, NLRC4.4, NLRP1.1, NLRP1.2, NLRP1.3, NLRP1.4, NLRP12.2, NLRP12.4, NLRP12.5, NLRP12.6, NLRP3.1, NLRP3.2, NLRP3.3, NLRP3.4, NLRP3.5, NLRP3.6, NLRP6.1, RELA.1, RELA.2, RELA.3, RELA.4, TAB2.1, TAB2.2, TLR4.1, TLR4.2, TLR4.3, TRAF6.1	38
PRODB_00731	N	N	Y	Sa_HN016_02000	Streptococcus agalactiae	50S ribosomal protein L33 1	Y	1000588.HMPREF9965_0404	3.51E-26	96.3	COG0267@1|root,COG0267@2|Bacteria,1U4KH@1239|Firmicutes,4IEC8@91061|Bacilli,2TQ14@28037|Streptococcus mitis	91061|Bacilli	J	Ribosomal protein L33	rpmG	-	-	ko:K02913	ko03010,map03010	M00178	-	-	br01610,ko00000,ko00001,ko00002,ko03011	-	-	-	Ribosomal_L33	AIM2.1, IKBKB.1, IKBKB.2, IKBKB.3, IKBKB.4, IRAK1.1, IRAK1.2, IRAK1.3, IRAK1.4, IRAK4.1, IRAK4.2, NAIP.1, NAIP.2, NFKB1.2, NFKBIA.1, NLRC4.1, NLRC4.2, NLRC4.3, NLRC4.4, NLRP1.1, NLRP1.2, NLRP1.3, NLRP1.4, NLRP1.5, NLRP12.1, NLRP12.2, NLRP12.3, NLRP12.4, NLRP12.5, NLRP12.6, NLRP12.7, NLRP3.1, NLRP3.2, NLRP3.3, NLRP3.4, NLRP3.5, NLRP3.6, NLRP6.1, NLRP6.2, RELA.1, RELA.2, RELA.3, RELA.4, TAB2.1, TAB2.2, TLR4.1, TLR4.2, TLR4.3, TRAF6.1	49
PRODB_00732	N	N	Y	Ec_DA61218_02015	Escherichia coli	hypothetical protein	Y	1214065.BAGV01000015_gene2292	1.42E-57	187	28H9R@1|root,2Z7MD@2|Bacteria,1MVTR@1224|Proteobacteria,1RMPH@1236|Gammaproteobacteria	1236|Gammaproteobacteria	S	Psort location Cytoplasmic, score 8.96	-	-	-	-	-	-	-	-	-	-	-	-	DUF932	AIM2.1, IKBKB.1, IKBKB.2, IKBKB.3, IKBKB.4, IRAK1.1, IRAK1.2, IRAK1.3, IRAK1.4, IRAK4.1, IRAK4.2, NAIP.1, NAIP.2, NFKB1.2, NFKBIA.1, NLRC4.1, NLRC4.2, NLRC4.3, NLRC4.4, NLRP1.1, NLRP1.2, NLRP1.3, NLRP1.4, NLRP1.5, NLRP12.1, NLRP12.2, NLRP12.3, NLRP12.4, NLRP12.5, NLRP12.6, NLRP12.7, NLRP3.1, NLRP3.2, NLRP3.3, NLRP3.4, NLRP3.5, NLRP3.6, NLRP6.1, NLRP6.2, RELA.1, RELA.2, RELA.3, RELA.4, TAB2.1, TAB2.2, TLR4.1, TLR4.2, TLR4.3, TRAF6.1	49
PRODB_00733	N	N	Y	Wp_A37_00223	Weissella paramesenteroides	Chaperone protein DnaK	Y	585506.HMPREF0877_1604	0.00E+00	1149	COG0443@1|root,COG0443@2|Bacteria,1TP1J@1239|Firmicutes,4HA9S@91061|Bacilli,4AWKF@81850|Leuconostocaceae	91061|Bacilli	O	Heat shock 70 kDa protein	dnaK	GO:0001871,GO:0003674,GO:0005488,GO:0005575,GO:0005623,GO:0008150,GO:0009986,GO:0030246,GO:0030247,GO:0044464,GO:0051704,GO:0098630,GO:0098743,GO:2001065	-	ko:K04043	ko03018,ko04212,ko05152,map03018,map04212,map05152	-	-	-	ko00000,ko00001,ko03019,ko03029,ko03110,ko04147	1.A.33.1	-	-	HSP70	AIM2.1, IKBKB.3, IRAK1.1, IRAK1.2, IRAK1.3, IRAK1.4, IRAK4.1, NAIP.1, NAIP.2, NFKB1.2, NFKBIA.1, NLRC4.2, NLRC4.3, NLRC4.4, NLRP1.4, NLRP12.5, NLRP3.1, NLRP3.2, NLRP3.3, NLRP3.4, NLRP3.5, NLRP3.6, RELA.1, RELA.2, RELA.3, RELA.4, TAB2.1, TAB2.2, TLR4.3, TRAF6.1	30
PRODB_00734	N	N	Y	Ec_ATCC_25922_00815	Escherichia coli	hypothetical protein	Y	1424334.W822_01555	1.78E-199	560	28K0U@1|root,2Z9QP@2|Bacteria,1R4IB@1224|Proteobacteria	1224|Proteobacteria	-	-	-	-	-	-	-	-	-	-	-	-	-	-	-	AIM2.1, IKBKB.3, IRAK1.1, IRAK1.2, IRAK1.3, IRAK1.4, IRAK4.1, NAIP.1, NAIP.2, NFKB1.2, NFKBIA.1, NLRC4.1, NLRC4.2, NLRC4.3, NLRC4.4, NLRP1.1, NLRP1.2, NLRP1.3, NLRP1.4, NLRP1.5, NLRP12.1, NLRP12.2, NLRP12.3, NLRP12.4, NLRP12.5, NLRP12.6, NLRP12.7, NLRP3.1, NLRP3.2, NLRP3.3, NLRP3.4, NLRP3.5, NLRP3.6, NLRP6.1, NLRP6.2, RELA.1, RELA.2, RELA.3, RELA.4, TAB2.1, TAB2.2, TLR4.1, TLR4.2, TLR4.3, TRAF6.1	45
PRODB_00735	N	N	Y	Ec_UPEC_26-1_03621	Escherichia coli	hypothetical protein	Y	1424334.W822_01565	3.02E-227	650	COG0419@1|root,COG0419@2|Bacteria,1R8F1@1224|Proteobacteria,2W3G6@28216|Betaproteobacteria	28216|Betaproteobacteria	L	ATPase involved in DNA repair	-	-	-	-	-	-	-	-	-	-	-	-	-	AIM2.1, IKBKB.3, IRAK1.1, IRAK1.2, IRAK1.3, IRAK1.4, IRAK4.1, NAIP.1, NAIP.2, NFKB1.2, NFKBIA.1, NLRC4.3, NLRC4.4, NLRP1.1, NLRP1.2, NLRP1.4, NLRP12.5, NLRP3.1, NLRP3.2, NLRP3.3, NLRP3.4, NLRP3.5, NLRP3.6, RELA.1, RELA.2, RELA.3, RELA.4, TAB2.1, TAB2.2, TLR4.1, TLR4.2, TLR4.3, TRAF6.1	33
PRODB_00736	N	N	Y	Ec_FDAARGOS_1255_00402	Escherichia coli	hypothetical protein	Y	477184.KYC_00595	1.10E-236	659	28JM7@1|root,2Z9DS@2|Bacteria,1R8QS@1224|Proteobacteria,2VYJA@28216|Betaproteobacteria	28216|Betaproteobacteria	-	-	-	-	-	-	-	-	-	-	-	-	-	-	-	AIM2.1, IRAK1.1, IRAK1.2, IRAK1.3, IRAK1.4, NFKB1.2, NLRC4.4, NLRP3.1, NLRP3.3, TAB2.1, TAB2.2	11
PRODB_00737	N	N	Y	Lm_B5_dup_F3X1T_00059	Leuconostoc mesenteroides	Aldehyde-alcohol dehydrogenase	Y	1127131.WEISSC39_00250	0.00E+00	1716	COG1012@1|root,COG1454@1|root,COG1012@2|Bacteria,COG1454@2|Bacteria,1TPB4@1239|Firmicutes,4HAN8@91061|Bacilli,4AX0K@81850|Leuconostocaceae	91061|Bacilli	C	belongs to the iron- containing alcohol dehydrogenase family	adhE	-	1.1.1.1,1.2.1.10	ko:K04072	ko00010,ko00071,ko00350,ko00620,ko00625,ko00626,ko00650,ko01100,ko01110,ko01120,ko01130,ko01220,map00010,map00071,map00350,map00620,map00625,map00626,map00650,map01100,map01110,map01120,map01130,map01220	-	R00228,R00623,R00754,R01172,R04880,R05233,R05234,R06917,R06927	RC00004,RC00050,RC00088,RC00099,RC00116,RC00184,RC00649,RC01195	ko00000,ko00001,ko01000	-	-	-	Aldedh,Fe-ADH	NLRC4.4	1
PRODB_00738	N	N	Y	Ec_DA61218_02014	Escherichia coli	hypothetical protein	Y	1443113.LC20_00081	4.68E-80	240	28H9R@1|root,2Z7MD@2|Bacteria,1MVTR@1224|Proteobacteria,1RMPH@1236|Gammaproteobacteria,41EVY@629|Yersinia	1236|Gammaproteobacteria	S	Domain of unknown function (DUF932)	-	-	-	-	-	-	-	-	-	-	-	-	DUF932	AIM2.1, IKBKB.1, IKBKB.2, IKBKB.3, IKBKB.4, IRAK1.1, IRAK1.2, IRAK1.3, IRAK1.4, IRAK4.1, IRAK4.2, NAIP.1, NAIP.2, NFKB1.2, NFKBIA.1, NLRC4.1, NLRC4.2, NLRC4.3, NLRC4.4, NLRP1.1, NLRP1.2, NLRP1.3, NLRP1.4, NLRP1.5, NLRP12.1, NLRP12.2, NLRP12.3, NLRP12.4, NLRP12.5, NLRP12.6, NLRP12.7, NLRP3.1, NLRP3.2, NLRP3.3, NLRP3.4, NLRP3.5, NLRP3.6, NLRP6.1, NLRP6.2, RELA.1, RELA.2, RELA.3, RELA.4, TAB2.1, TAB2.2, TLR4.1, TLR4.2, TLR4.3, TRAF6.1	49
PRODB_00739	N	N	Y	St_1F8CT_01563	Streptococcus thermophilus	putative iron export permease protein FetB	Y	264199.stu1665	7.46E-161	452	COG0390@1|root,COG0390@2|Bacteria,1UY1N@1239|Firmicutes,4HDM4@91061|Bacilli	91061|Bacilli	S	transport system, permease component	ybbM	GO:0003674,GO:0005215,GO:0005575,GO:0005623,GO:0005886,GO:0005887,GO:0006810,GO:0006811,GO:0006873,GO:0006875,GO:0006879,GO:0008150,GO:0009987,GO:0015075,GO:0016020,GO:0016021,GO:0019725,GO:0022857,GO:0030003,GO:0031224,GO:0031226,GO:0034220,GO:0042592,GO:0044425,GO:0044459,GO:0044464,GO:0046916,GO:0048878,GO:0050801,GO:0051179,GO:0051234,GO:0055065,GO:0055072,GO:0055076,GO:0055080,GO:0055082,GO:0055085,GO:0065007,GO:0065008,GO:0071944,GO:0098771	-	ko:K02069	-	M00211	-	-	ko00000,ko00002,ko02000	9.B.25.1	-	-	UPF0014	AIM2.1, IRAK1.1, IRAK1.2, IRAK1.3, IRAK1.4, IRAK4.1, NAIP.1, NAIP.2, NFKB1.2, NFKBIA.1, NLRC4.2, NLRC4.3, NLRC4.4, NLRP1.1, NLRP1.2, NLRP1.4, NLRP12.5, NLRP3.1, NLRP3.2, NLRP3.3, NLRP3.4, NLRP3.5, NLRP3.6, RELA.1, RELA.2, RELA.3, RELA.4, TAB2.1, TAB2.2, TLR4.3, TRAF6.1	31
PRODB_00740	N	N	Y	Sp_CT95-157_00606	Streptococcus pyogenes	ATP synthase subunit alpha	Y	1314.HKU360_00589	0.00E+00	966	COG0056@1|root,COG0056@2|Bacteria,1TNZ8@1239|Firmicutes,4HAMZ@91061|Bacilli	91061|Bacilli	C	Produces ATP from ADP in the presence of a proton gradient across the membrane. The alpha chain is a regulatory subunit	atpA	-	3.6.3.14	ko:K02111	ko00190,ko00195,ko01100,map00190,map00195,map01100	M00157	-	-	ko00000,ko00001,ko00002,ko00194,ko01000	3.A.2.1	-	iSB619.SA_RS10975	ATP-synt_ab,ATP-synt_ab_C,ATP-synt_ab_N	AIM2.1, IRAK1.2, IRAK1.3, IRAK1.4, NLRC4.4	5
PRODB_00741	N	N	Y	Wp_ATCC_33313_00382	Weissella paramesenteroides	2,3-bisphosphoglycerate-dependent phosphoglycerate mutase	Y	585506.HMPREF0877_1070	2.93E-176	490	COG0588@1|root,COG0588@2|Bacteria,1TQFP@1239|Firmicutes,4HAW7@91061|Bacilli,4AX1U@81850|Leuconostocaceae	91061|Bacilli	G	Catalyzes the interconversion of 2-phosphoglycerate and 3-phosphoglycerate	gpmA	GO:0001871,GO:0003674,GO:0003824,GO:0004619,GO:0005488,GO:0005575,GO:0005622,GO:0005623,GO:0005737,GO:0005829,GO:0005975,GO:0005996,GO:0006006,GO:0006082,GO:0006090,GO:0006091,GO:0006094,GO:0006096,GO:0006109,GO:0006139,GO:0006140,GO:0006163,GO:0006164,GO:0006165,GO:0006725,GO:0006732,GO:0006733,GO:0006753,GO:0006754,GO:0006757,GO:0006793,GO:0006796,GO:0006807,GO:0008150,GO:0008152,GO:0009056,GO:0009058,GO:0009108,GO:0009117,GO:0009123,GO:0009124,GO:0009126,GO:0009127,GO:0009132,GO:0009135,GO:0009141,GO:0009142,GO:0009144,GO:0009145,GO:0009150,GO:0009152,GO:0009156,GO:0009161,GO:0009165,GO:0009166,GO:0009167,GO:0009168,GO:0009179,GO:0009185,GO:0009199,GO:0009201,GO:0009205,GO:0009206,GO:0009259,GO:0009260,GO:0009894,GO:0009986,GO:0009987,GO:0010675,GO:0016051,GO:0016052,GO:0016053,GO:0016310,GO:0016853,GO:0016866,GO:0016868,GO:0017144,GO:0018130,GO:0019219,GO:0019220,GO:0019222,GO:0019318,GO:0019319,GO:0019359,GO:0019362,GO:0019363,GO:0019438,GO:0019439,GO:0019637,GO:0019693,GO:0019752,GO:0030246,GO:0030247,GO:0031323,GO:0031329,GO:0032787,GO:0034248,GO:0034404,GO:0034641,GO:0034654,GO:0034655,GO:0042866,GO:0043436,GO:0043455,GO:0043456,GO:0043470,GO:0043471,GO:0044237,GO:0044238,GO:0044248,GO:0044249,GO:0044270,GO:0044271,GO:0044281,GO:0044283,GO:0044424,GO:0044444,GO:0044464,GO:0046031,GO:0046034,GO:0046364,GO:0046390,GO:0046394,GO:0046434,GO:0046483,GO:0046496,GO:0046538,GO:0046700,GO:0046939,GO:0050789,GO:0050794,GO:0051171,GO:0051174,GO:0051186,GO:0051188,GO:0051193,GO:0051196,GO:0055086,GO:0060255,GO:0062012,GO:0065007,GO:0071704,GO:0072330,GO:0072521,GO:0072522,GO:0072524,GO:0072525,GO:0080090,GO:0090407,GO:1901135,GO:1901137,GO:1901292,GO:1901293,GO:1901360,GO:1901361,GO:1901362,GO:1901564,GO:1901566,GO:1901575,GO:1901576,GO:1902031,GO:2001065	5.4.2.11	ko:K01834	ko00010,ko00260,ko00680,ko01100,ko01110,ko01120,ko01130,ko01200,ko01230,ko04922,ko05230,map00010,map00260,map00680,map01100,map01110,map01120,map01130,map01200,map01230,map04922,map05230	M00001,M00002,M00003	R01518	RC00536	ko00000,ko00001,ko00002,ko01000,ko04131,ko04147	-	-	-	His_Phos_1	AIM2.1, IRAK1.1, IRAK1.2, IRAK1.3, IRAK1.4, IRAK4.1, NFKB1.2, NLRP3.1, NLRP3.4, NLRP3.5, NLRP3.6, TAB2.1, TAB2.2	13
PRODB_00742	N	N	Y	Ll_UBA7653_00454	Leuconostoc lactis	50S ribosomal protein L7/L12	Y	1246.JMEA01000004_gene1434	1.12E-68	209	COG0222@1|root,COG0222@2|Bacteria,1V6EI@1239|Firmicutes,4HIGQ@91061|Bacilli,4AXTT@81850|Leuconostocaceae	91061|Bacilli	J	Forms part of the ribosomal stalk which helps the ribosome interact with GTP-bound translation factors. Is thus essential for accurate translation	rplL	-	-	ko:K02935	ko03010,map03010	M00178	-	-	br01610,ko00000,ko00001,ko00002,ko03011	-	-	-	Ribosomal_L12,Ribosomal_L12_N	AIM2.1, IKBKB.2, IKBKB.3, IKBKB.4, IRAK1.1, IRAK1.2, IRAK1.3, IRAK1.4, IRAK4.1, IRAK4.2, NAIP.1, NAIP.2, NFKB1.2, NFKBIA.1, NLRC4.1, NLRC4.2, NLRC4.3, NLRC4.4, NLRP1.1, NLRP1.2, NLRP1.3, NLRP1.4, NLRP1.5, NLRP12.1, NLRP12.2, NLRP12.3, NLRP12.4, NLRP12.5, NLRP12.6, NLRP12.7, NLRP3.1, NLRP3.2, NLRP3.3, NLRP3.4, NLRP3.5, NLRP3.6, NLRP6.1, NLRP6.2, RELA.1, RELA.2, RELA.3, RELA.4, TAB2.1, TAB2.2, TLR4.1, TLR4.2, TLR4.3, TRAF6.1	48
PRODB_00743	N	N	Y	Ef_BE5_02182	Enterococcus faecalis	hypothetical protein	Y	673837.D2IZR4_9CAUD	2.02E-57	179	4QAQV@10239|Viruses,4QUPK@35237|dsDNA viruses  no RNA stage,4QPCB@28883|Caudovirales,4QKM5@10699|Siphoviridae	10699|Siphoviridae	S	sequence-specific DNA binding	-	-	-	-	-	-	-	-	-	-	-	-	-	AIM2.1, IKBKB.1, IKBKB.2, IKBKB.3, IKBKB.4, IRAK1.1, IRAK1.2, IRAK1.3, IRAK1.4, IRAK4.1, IRAK4.2, NAIP.1, NAIP.2, NFKB1.2, NFKBIA.1, NLRC4.1, NLRC4.2, NLRC4.3, NLRC4.4, NLRP1.1, NLRP1.2, NLRP1.3, NLRP1.4, NLRP1.5, NLRP12.1, NLRP12.2, NLRP12.3, NLRP12.4, NLRP12.5, NLRP12.6, NLRP12.7, NLRP3.1, NLRP3.2, NLRP3.3, NLRP3.4, NLRP3.5, NLRP3.6, NLRP6.1, NLRP6.2, RELA.1, RELA.2, RELA.3, RELA.4, TAB2.1, TAB2.2, TLR4.1, TLR4.2, TLR4.3, TRAF6.1	49
PRODB_00744	N	N	Y	Wp_ATCC_33313_00890	Weissella paramesenteroides	50S ribosomal protein L27	Y	585506.HMPREF0877_0288	5.83E-67	203	COG0211@1|root,COG0211@2|Bacteria,1V6HW@1239|Firmicutes,4HIMN@91061|Bacilli,4AXTG@81850|Leuconostocaceae	91061|Bacilli	J	Belongs to the bacterial ribosomal protein bL27 family	rpmA	GO:0003674,GO:0003735,GO:0005198,GO:0005575,GO:0005622,GO:0005623,GO:0005737,GO:0005829,GO:0005840,GO:0015934,GO:0022625,GO:0022626,GO:0032991,GO:0043226,GO:0043228,GO:0043229,GO:0043232,GO:0044391,GO:0044422,GO:0044424,GO:0044444,GO:0044445,GO:0044446,GO:0044464,GO:1990904	-	ko:K02899	ko03010,map03010	M00178	-	-	br01610,ko00000,ko00001,ko00002,ko03011	-	-	-	Ribosomal_L27	AIM2.1, IKBKB.2, IKBKB.3, IKBKB.4, IRAK1.1, IRAK1.2, IRAK1.3, IRAK1.4, IRAK4.1, IRAK4.2, NAIP.1, NAIP.2, NFKB1.2, NFKBIA.1, NLRC4.1, NLRC4.2, NLRC4.3, NLRC4.4, NLRP1.1, NLRP1.2, NLRP1.3, NLRP1.4, NLRP1.5, NLRP12.1, NLRP12.2, NLRP12.3, NLRP12.4, NLRP12.5, NLRP12.6, NLRP12.7, NLRP3.1, NLRP3.2, NLRP3.3, NLRP3.4, NLRP3.5, NLRP3.6, NLRP6.1, NLRP6.2, RELA.1, RELA.2, RELA.3, RELA.4, TAB2.1, TAB2.2, TLR4.1, TLR4.2, TLR4.3, TRAF6.1	48
PRODB_00745	N	N	Y	Ll_752_00479	Leuconostoc lactis	putative iron export ATP-binding protein FetA	Y	762051.LKI_10696	4.47E-146	412	COG4619@1|root,COG4619@2|Bacteria,1V3DQ@1239|Firmicutes,4HHGU@91061|Bacilli,4AXHR@81850|Leuconostocaceae	91061|Bacilli	S	ATPases associated with a variety of cellular activities	ybbL	-	-	ko:K02068	-	M00211	-	-	ko00000,ko00002,ko02000	-	-	-	ABC_tran	AIM2.1, IRAK4.1, NFKB1.2, NLRC4.4, NLRP3.1, NLRP3.5, NLRP3.6, TAB2.1, TAB2.2	9
PRODB_00746	N	N	Y	Ll_UBA5570_00983	Leuconostoc lactis	Putative TrmH family tRNA/rRNA methyltransferase	Y	1246.JMEA01000004_gene1415	4.28E-176	491	COG0566@1|root,COG0566@2|Bacteria,1TP9G@1239|Firmicutes,4HBBI@91061|Bacilli,4AX37@81850|Leuconostocaceae	91061|Bacilli	J	Belongs to the class IV-like SAM-binding methyltransferase superfamily. RNA methyltransferase TrmH family	trmH	GO:0000154,GO:0000451,GO:0000453,GO:0001510,GO:0003674,GO:0003824,GO:0005575,GO:0005622,GO:0005623,GO:0005737,GO:0005829,GO:0006139,GO:0006364,GO:0006396,GO:0006725,GO:0006807,GO:0008150,GO:0008152,GO:0008168,GO:0008171,GO:0008173,GO:0008649,GO:0008757,GO:0009451,GO:0009987,GO:0010467,GO:0016070,GO:0016072,GO:0016435,GO:0016740,GO:0016741,GO:0022613,GO:0031167,GO:0032259,GO:0034470,GO:0034641,GO:0034660,GO:0042254,GO:0043170,GO:0043412,GO:0043414,GO:0044085,GO:0044237,GO:0044238,GO:0044260,GO:0044424,GO:0044444,GO:0044464,GO:0046483,GO:0070039,GO:0071704,GO:0071840,GO:0090304,GO:0140098,GO:0140102,GO:1901360	2.1.1.185	ko:K03218	-	-	-	-	ko00000,ko01000,ko03009	-	-	-	SpoU_methylase,SpoU_sub_bind	NFKB1.2	1
PRODB_00747	N	N	Y	Lm_684_00638	Leuconostoc mesenteroides	hypothetical protein	Y	203120.LEUM_0601	3.16E-89	261	COG0346@1|root,COG0346@2|Bacteria,1V7XP@1239|Firmicutes,4HXCD@91061|Bacilli,4AXTM@81850|Leuconostocaceae	91061|Bacilli	E	COG0346 Lactoylglutathione lyase and related lyases	-	-	4.4.1.5	ko:K01759	ko00620,map00620	-	R02530	RC00004,RC00740	ko00000,ko00001,ko01000	-	-	-	Glyoxalase,Glyoxalase_4	AIM2.1, IRAK1.1, IRAK1.2, IRAK1.3, IRAK1.4, IRAK4.1, NFKB1.2, NFKBIA.1, NLRC4.2, NLRC4.3, NLRC4.4, NLRP1.1, NLRP1.2, NLRP1.3, NLRP1.4, NLRP1.5, NLRP12.1, NLRP12.2, NLRP12.4, NLRP12.5, NLRP12.6, NLRP12.7, NLRP3.1, NLRP3.2, NLRP3.3, NLRP3.4, NLRP3.5, NLRP3.6, RELA.1, RELA.2, RELA.3, RELA.4, TAB2.1, TAB2.2, TLR4.3, TRAF6.1	36
PRODB_00748	N	N	Y	Ec_UPEC_26-1_03622	Escherichia coli	hypothetical protein	N	-	-	-	-	-	-	-	-	-	-	-	-	-	-	-	-	-	-	-	-	AIM2.1, IKBKB.1, IKBKB.2, IKBKB.3, IKBKB.4, IRAK1.1, IRAK1.2, IRAK1.3, IRAK1.4, IRAK4.1, IRAK4.2, NAIP.1, NAIP.2, NFKB1.2, NFKBIA.1, NLRC4.1, NLRC4.2, NLRC4.3, NLRC4.4, NLRP1.1, NLRP1.2, NLRP1.3, NLRP1.4, NLRP1.5, NLRP12.1, NLRP12.2, NLRP12.3, NLRP12.4, NLRP12.5, NLRP12.6, NLRP12.7, NLRP3.1, NLRP3.2, NLRP3.3, NLRP3.4, NLRP3.5, NLRP3.6, NLRP6.1, NLRP6.2, RELA.1, RELA.2, RELA.3, RELA.4, TAB2.1, TAB2.2, TLR4.1, TLR4.2, TLR4.3, TRAF6.1	49
PRODB_00749	N	N	Y	Lm_LN32_00317	Leuconostoc mesenteroides	Purine nucleoside transport protein NupG	Y	203120.LEUM_0796	6.46E-276	757	COG1972@1|root,COG1972@2|Bacteria,1TRSK@1239|Firmicutes,4HBRZ@91061|Bacilli,4AWHA@81850|Leuconostocaceae	91061|Bacilli	F	Nucleoside permease	nupG	-	-	ko:K03317,ko:K11535,ko:K16323	-	-	-	-	ko00000,ko02000	2.A.41,2.A.41.1	-	-	Nucleos_tra2_C,Nucleos_tra2_N	AIM2.1, IKBKB.3, IRAK1.1, IRAK1.2, IRAK1.3, IRAK1.4, IRAK4.1, NAIP.1, NAIP.2, NFKB1.2, NLRC4.1, NLRC4.2, NLRC4.3, NLRC4.4, NLRP1.1, NLRP1.2, NLRP1.3, NLRP1.4, NLRP1.5, NLRP12.5, NLRP3.1, NLRP3.2, NLRP3.3, NLRP3.4, NLRP3.5, NLRP3.6, NLRP6.1, NLRP6.2, RELA.1, RELA.2, RELA.3, RELA.4, TAB2.1, TAB2.2, TLR4.2, TLR4.3, TRAF6.1	37
PRODB_00750	N	N	Y	Ll_P19_01236	Leuconostoc lactis	30S ribosomal protein S21	Y	1154757.Q5C_07385	2.51E-31	110	COG0828@1|root,COG0828@2|Bacteria,1VEHU@1239|Firmicutes,4HNPV@91061|Bacilli,4AY5T@81850|Leuconostocaceae	91061|Bacilli	J	Belongs to the bacterial ribosomal protein bS21 family	rpsU	GO:0005575,GO:0005622,GO:0005623,GO:0005737,GO:0005840,GO:0032991,GO:0043226,GO:0043228,GO:0043229,GO:0043232,GO:0044391,GO:0044422,GO:0044424,GO:0044444,GO:0044446,GO:0044464,GO:1990904	-	ko:K02970	ko03010,map03010	M00178	-	-	br01610,ko00000,ko00001,ko00002,ko03011	-	-	-	Ribosomal_S21	AIM2.1, IKBKB.1, IKBKB.2, IKBKB.3, IKBKB.4, IRAK1.1, IRAK1.2, IRAK1.3, IRAK1.4, IRAK4.1, IRAK4.2, NAIP.1, NAIP.2, NFKB1.2, NFKBIA.1, NLRC4.1, NLRC4.2, NLRC4.3, NLRC4.4, NLRP1.1, NLRP1.2, NLRP1.3, NLRP1.4, NLRP1.5, NLRP12.1, NLRP12.2, NLRP12.3, NLRP12.4, NLRP12.5, NLRP12.6, NLRP12.7, NLRP3.1, NLRP3.2, NLRP3.3, NLRP3.4, NLRP3.5, NLRP3.6, NLRP6.1, NLRP6.2, RELA.1, RELA.2, RELA.3, RELA.4, TAB2.1, TAB2.2, TLR4.1, TLR4.2, TLR4.3, TRAF6.1	49
PRODB_00751	N	N	Y	Wp_DRD-137_00339	Weissella paramesenteroides	UDP-galactopyranose mutase	Y	585506.HMPREF0877_1616	1.43E-294	802	COG0562@1|root,COG0562@2|Bacteria,1TQB9@1239|Firmicutes,4HB5F@91061|Bacilli,4AWS5@81850|Leuconostocaceae	91061|Bacilli	M	UDP-galactopyranose mutase	glf	-	5.4.99.9	ko:K01854	ko00052,ko00520,map00052,map00520	-	R00505,R09009	RC00317,RC02396	ko00000,ko00001,ko01000	-	-	-	GLF,NAD_binding_8	AIM2.1, IRAK1.1, IRAK1.2, IRAK1.3, IRAK1.4, IRAK4.1, NAIP.1, NAIP.2, NFKB1.2, NFKBIA.1, NLRC4.2, NLRC4.3, NLRC4.4, NLRP1.1, NLRP1.2, NLRP1.3, NLRP1.4, NLRP1.5, NLRP12.5, NLRP3.1, NLRP3.2, NLRP3.3, NLRP3.4, NLRP3.5, NLRP3.6, RELA.1, RELA.2, RELA.3, RELA.4, TAB2.1, TAB2.2, TLR4.3	32
PRODB_00752	N	N	Y	Lm_CECT_9268_01981	Leuconostoc mesenteroides	50S ribosomal protein L1	Y	203120.LEUM_0270	9.31E-155	435	COG0081@1|root,COG0081@2|Bacteria,1TPTS@1239|Firmicutes,4HAK4@91061|Bacilli,4AWSN@81850|Leuconostocaceae	91061|Bacilli	J	Binds directly to 23S rRNA. The L1 stalk is quite mobile in the ribosome, and is involved in E site tRNA release	rplA	GO:0000470,GO:0003674,GO:0003676,GO:0003723,GO:0005488,GO:0005575,GO:0005622,GO:0005623,GO:0005737,GO:0005829,GO:0005840,GO:0006139,GO:0006364,GO:0006396,GO:0006412,GO:0006518,GO:0006725,GO:0006807,GO:0008150,GO:0008152,GO:0009058,GO:0009059,GO:0009987,GO:0010467,GO:0015934,GO:0016070,GO:0016072,GO:0019538,GO:0022613,GO:0022625,GO:0022626,GO:0032991,GO:0034470,GO:0034641,GO:0034645,GO:0034660,GO:0042254,GO:0042273,GO:0043043,GO:0043170,GO:0043226,GO:0043228,GO:0043229,GO:0043232,GO:0043603,GO:0043604,GO:0044085,GO:0044237,GO:0044238,GO:0044249,GO:0044260,GO:0044267,GO:0044271,GO:0044391,GO:0044422,GO:0044424,GO:0044444,GO:0044445,GO:0044446,GO:0044464,GO:0046483,GO:0071704,GO:0071840,GO:0090304,GO:0097159,GO:1901360,GO:1901363,GO:1901564,GO:1901566,GO:1901576,GO:1990904	-	ko:K02863	ko03010,map03010	M00178,M00179	-	-	br01610,ko00000,ko00001,ko00002,ko03011	-	-	-	Ribosomal_L1	AIM2.1, IRAK1.1, IRAK1.2, IRAK1.3, IRAK1.4, IRAK4.1, NAIP.2, NFKB1.2, NFKBIA.1, NLRC4.4, NLRP12.5, NLRP3.1, NLRP3.2, NLRP3.3, NLRP3.4, NLRP3.5, NLRP3.6, RELA.1, RELA.4, TAB2.1, TAB2.2, TLR4.3, TRAF6.1	23
PRODB_00753	N	N	Y	Ll_SBC001_00109	Leuconostoc lactis	50S ribosomal protein L22	Y	1229756.C269_08260	6.88E-73	219	COG0091@1|root,COG0091@2|Bacteria,1V6PU@1239|Firmicutes,4HIK2@91061|Bacilli,4AXUR@81850|Leuconostocaceae	91061|Bacilli	J	The globular domain of the protein is located near the polypeptide exit tunnel on the outside of the subunit, while an extended beta-hairpin is found that lines the wall of the exit tunnel in the center of the 70S ribosome	rplV	GO:0003674,GO:0003735,GO:0005198,GO:0005575,GO:0005622,GO:0005623,GO:0005737,GO:0005829,GO:0005840,GO:0015934,GO:0022625,GO:0022626,GO:0032991,GO:0043226,GO:0043228,GO:0043229,GO:0043232,GO:0044391,GO:0044422,GO:0044424,GO:0044444,GO:0044445,GO:0044446,GO:0044464,GO:1990904	-	ko:K02890	ko03010,map03010	M00178,M00179	-	-	br01610,ko00000,ko00001,ko00002,ko03011	-	-	-	Ribosomal_L22	AIM2.1, IKBKB.1, IKBKB.2, IKBKB.3, IKBKB.4, IRAK1.1, IRAK1.2, IRAK1.3, IRAK1.4, IRAK4.1, IRAK4.2, NAIP.1, NAIP.2, NFKB1.2, NFKBIA.1, NLRC4.1, NLRC4.2, NLRC4.3, NLRC4.4, NLRP1.1, NLRP1.2, NLRP1.3, NLRP1.4, NLRP1.5, NLRP12.1, NLRP12.2, NLRP12.3, NLRP12.4, NLRP12.5, NLRP12.6, NLRP12.7, NLRP3.1, NLRP3.2, NLRP3.3, NLRP3.4, NLRP3.5, NLRP3.6, NLRP6.1, NLRP6.2, RELA.1, RELA.2, RELA.3, RELA.4, TAB2.1, TAB2.2, TLR4.1, TLR4.2, TLR4.3, TRAF6.1	49
PRODB_00754	N	N	Y	Ll_CBA3626_01590	Leuconostoc lactis	Quinone reductase	Y	1246.JMEA01000003_gene1053	1.01E-123	353	COG0431@1|root,COG0431@2|Bacteria,1V2V7@1239|Firmicutes,4HFMV@91061|Bacilli,4AWTM@81850|Leuconostocaceae	91061|Bacilli	S	Flavodoxin-like fold	-	-	-	ko:K19784	-	-	-	-	ko00000	-	-	-	FMN_red	AIM2.1, IRAK1.1, IRAK1.2, IRAK1.3, NFKB1.2, NFKBIA.1, NLRC4.4, NLRP3.1, NLRP3.2, NLRP3.3, NLRP3.4, NLRP3.5, NLRP3.6, TAB2.1, TAB2.2, TRAF6.1	16
PRODB_00755	N	N	Y	Ec_KE48_02651	Escherichia coli	hypothetical protein	Y	1424334.W822_01560	4.40E-74	226	2CC7P@1|root,32RUZ@2|Bacteria,1REZA@1224|Proteobacteria,2W2FJ@28216|Betaproteobacteria	28216|Betaproteobacteria	-	-	-	-	-	-	-	-	-	-	-	-	-	-	-	AIM2.1, IKBKB.1, IKBKB.2, IKBKB.3, IKBKB.4, IRAK1.1, IRAK1.2, IRAK1.3, IRAK1.4, IRAK4.1, IRAK4.2, NAIP.1, NAIP.2, NFKB1.2, NFKBIA.1, NLRC4.1, NLRC4.2, NLRC4.3, NLRC4.4, NLRP1.1, NLRP1.2, NLRP1.3, NLRP1.4, NLRP1.5, NLRP12.1, NLRP12.2, NLRP12.3, NLRP12.4, NLRP12.5, NLRP12.6, NLRP12.7, NLRP3.1, NLRP3.2, NLRP3.3, NLRP3.4, NLRP3.5, NLRP3.6, NLRP6.1, NLRP6.2, RELA.1, RELA.2, RELA.3, RELA.4, TAB2.1, TAB2.2, TLR4.1, TLR4.2, TLR4.3, TRAF6.1	49
PRODB_00756	N	N	Y	Wp_DmW_115_00265	Weissella paramesenteroides	hypothetical protein	Y	585506.HMPREF0877_0249	2.69E-138	390	COG3557@1|root,COG3557@2|Bacteria,1TRX8@1239|Firmicutes,4H9NM@91061|Bacilli,4AXB6@81850|Leuconostocaceae	91061|Bacilli	J	Belongs to the UPF0374 family	ygaC	-	-	ko:K07586	-	-	-	-	ko00000	-	-	-	DUF402	AIM2.1, IRAK1.1, IRAK1.2, IRAK1.3, IRAK1.4, IRAK4.1, NAIP.1, NAIP.2, NFKB1.2, NFKBIA.1, NLRC4.1, NLRC4.2, NLRC4.3, NLRC4.4, NLRP1.1, NLRP1.2, NLRP1.3, NLRP1.4, NLRP1.5, NLRP12.1, NLRP12.2, NLRP12.3, NLRP12.4, NLRP12.5, NLRP12.6, NLRP12.7, NLRP3.1, NLRP3.2, NLRP3.3, NLRP3.4, NLRP3.5, NLRP3.6, NLRP6.1, NLRP6.2, RELA.1, RELA.2, RELA.3, RELA.4, TAB2.1, TAB2.2, TLR4.1, TLR4.2, TLR4.3, TRAF6.1	44
PRODB_00757	N	N	Y	Wp_DmW_107101_01241	Weissella paramesenteroides	2-deoxy-scyllo-inosamine dehydrogenase	Y	585506.HMPREF0877_1331	2.96E-242	665	COG1063@1|root,COG1063@2|Bacteria,1TPWP@1239|Firmicutes,4HAA0@91061|Bacilli,4AWKJ@81850|Leuconostocaceae	91061|Bacilli	C	COG1063 Threonine dehydrogenase and related Zn-dependent dehydrogenases	tdh	-	1.1.1.103	ko:K00060	ko00260,map00260	-	R01465	RC00525	ko00000,ko00001,ko01000	-	-	-	ADH_N,ADH_zinc_N	NFKB1.2	1
PRODB_00758	N	N	Y	Wp_WpK4_00149	Weissella paramesenteroides	DNA-directed RNA polymerase subunit beta'	Y	585506.HMPREF0877_0488	0.00E+00	2387	COG0086@1|root,COG0086@2|Bacteria,1TNYT@1239|Firmicutes,4HA24@91061|Bacilli,4AWKR@81850|Leuconostocaceae	91061|Bacilli	K	DNA-dependent RNA polymerase catalyzes the transcription of DNA into RNA using the four ribonucleoside triphosphates as substrates	rpoC	GO:0000428,GO:0005575,GO:0005622,GO:0005623,GO:0030880,GO:0032991,GO:0044424,GO:0044464,GO:0061695,GO:1902494,GO:1990234	2.7.7.6	ko:K03046	ko00230,ko00240,ko01100,ko03020,map00230,map00240,map01100,map03020	M00183	R00435,R00441,R00442,R00443	RC02795	br01611,ko00000,ko00001,ko00002,ko01000,ko03021,ko03400	-	-	-	RNA_pol_Rpb1_1,RNA_pol_Rpb1_2,RNA_pol_Rpb1_3,RNA_pol_Rpb1_4,RNA_pol_Rpb1_5	IRAK1.1, IRAK1.4, NFKB1.2, NLRP3.1, NLRP3.3, NLRP3.5, NLRP3.6, RELA.1, RELA.3, RELA.4, TAB2.2	11
PRODB_00759	N	N	Y	Lm_LN05_00856	Leuconostoc mesenteroides	DNA-directed RNA polymerase subunit beta	Y	203120.LEUM_1825	0.00E+00	2296	COG0085@1|root,COG0085@2|Bacteria,1TP96@1239|Firmicutes,4H9PK@91061|Bacilli,4AXCT@81850|Leuconostocaceae	91061|Bacilli	K	DNA-dependent RNA polymerase catalyzes the transcription of DNA into RNA using the four ribonucleoside triphosphates as substrates	rpoB	GO:0000428,GO:0005575,GO:0005622,GO:0005623,GO:0030880,GO:0032991,GO:0044424,GO:0044464,GO:0061695,GO:1902494,GO:1990234	2.7.7.6	ko:K03043	ko00230,ko00240,ko01100,ko03020,map00230,map00240,map01100,map03020	M00183	R00435,R00441,R00442,R00443	RC02795	br01611,ko00000,ko00001,ko00002,ko01000,ko03021,ko03400	-	-	-	RNA_pol_Rpb2_1,RNA_pol_Rpb2_2,RNA_pol_Rpb2_3,RNA_pol_Rpb2_45,RNA_pol_Rpb2_6,RNA_pol_Rpb2_7	AIM2.1, IRAK1.1, IRAK1.2, IRAK1.3, IRAK1.4, NAIP.1, NAIP.2, NFKB1.2, NLRC4.3, NLRC4.4, NLRP1.1, NLRP1.2, NLRP1.3, NLRP12.6, NLRP3.1, NLRP3.2, NLRP3.3, NLRP3.4, NLRP3.5, NLRP3.6, RELA.1, RELA.2, RELA.3, RELA.4, TAB2.2	25
PRODB_00760	N	N	Y	Ec_319_01506	Escherichia coli	hypothetical protein	Y	199310.c1499	2.02E-246	677	2C57E@1|root,2Z8WK@2|Bacteria,1PPA2@1224|Proteobacteria,1RZPQ@1236|Gammaproteobacteria,3XQQM@561|Escherichia	1236|Gammaproteobacteria	S	Escherichia coli O157 H7 ortholog z1888	-	-	-	-	-	-	-	-	-	-	-	-	Phage_cap_E	AIM2.1, NFKB1.2, NLRC4.4, NLRP3.1, NLRP3.3, NLRP3.5, NLRP3.6, TAB2.1, TAB2.2, TLR4.3	10
PRODB_00761	N	N	Y	Ec_12009_01262	Escherichia coli	hypothetical protein	Y	481805.EcolC_2095	9.11E-07	51.2	2CJRM@1|root,31641@2|Bacteria,1RIEC@1224|Proteobacteria,1SQVN@1236|Gammaproteobacteria,3XPTM@561|Escherichia	1236|Gammaproteobacteria	S	Bacteriophage lambda head decoration protein D	D_2	-	-	-	-	-	-	-	-	-	-	-	HDPD	AIM2.1, IKBKB.2, IKBKB.3, IKBKB.4, IRAK1.1, IRAK1.2, IRAK1.3, IRAK1.4, IRAK4.1, IRAK4.2, NAIP.1, NAIP.2, NFKB1.2, NFKBIA.1, NLRC4.1, NLRC4.2, NLRC4.3, NLRC4.4, NLRP1.1, NLRP1.2, NLRP1.3, NLRP1.4, NLRP1.5, NLRP12.1, NLRP12.2, NLRP12.3, NLRP12.4, NLRP12.5, NLRP12.6, NLRP12.7, NLRP3.1, NLRP3.2, NLRP3.3, NLRP3.4, NLRP3.5, NLRP3.6, NLRP6.1, NLRP6.2, RELA.1, RELA.2, RELA.3, RELA.4, TAB2.1, TAB2.2, TLR4.1, TLR4.2, TLR4.3, TRAF6.1	48
PRODB_00762	N	N	Y	Ec_JNE131328_01881	Escherichia coli	hypothetical protein	N	-	-	-	-	-	-	-	-	-	-	-	-	-	-	-	-	-	-	-	-	AIM2.1, IKBKB.3, IRAK1.1, IRAK1.2, IRAK1.3, IRAK1.4, IRAK4.1, IRAK4.2, NAIP.1, NAIP.2, NFKB1.2, NFKBIA.1, NLRC4.1, NLRC4.2, NLRC4.3, NLRC4.4, NLRP1.1, NLRP1.2, NLRP1.3, NLRP1.4, NLRP1.5, NLRP12.1, NLRP12.2, NLRP12.3, NLRP12.4, NLRP12.5, NLRP12.6, NLRP12.7, NLRP3.1, NLRP3.2, NLRP3.3, NLRP3.4, NLRP3.5, NLRP3.6, NLRP6.1, NLRP6.2, RELA.1, RELA.2, RELA.3, RELA.4, TAB2.1, TAB2.2, TLR4.1, TLR4.2, TLR4.3, TRAF6.1	46
PRODB_00763	N	N	Y	St_ACA-DC_2_00826	Streptococcus thermophilus	Cold shock-like protein CspLA	Y	322159.STER_0879	4.60E-41	135	COG1278@1|root,COG1278@2|Bacteria,1W15H@1239|Firmicutes,4HXYN@91061|Bacilli	91061|Bacilli	K	Cold shock protein domain	-	-	-	-	-	-	-	-	-	-	-	-	CSD	AIM2.1, IKBKB.1, IKBKB.2, IKBKB.3, IKBKB.4, IRAK1.1, IRAK1.2, IRAK1.3, IRAK1.4, IRAK4.1, IRAK4.2, NAIP.1, NAIP.2, NFKB1.2, NFKBIA.1, NLRC4.1, NLRC4.2, NLRC4.3, NLRC4.4, NLRP1.1, NLRP1.2, NLRP1.3, NLRP1.4, NLRP1.5, NLRP12.1, NLRP12.2, NLRP12.3, NLRP12.4, NLRP12.5, NLRP12.6, NLRP12.7, NLRP3.1, NLRP3.2, NLRP3.3, NLRP3.4, NLRP3.5, NLRP3.6, NLRP6.1, NLRP6.2, RELA.1, RELA.2, RELA.3, RELA.4, TAB2.1, TAB2.2, TLR4.1, TLR4.2, TLR4.3, TRAF6.1	49
PRODB_00764	N	N	Y	Lp_LMGCF08_00558	Lacticaseibacillus paracasei	Divalent metal cation transporter MntH	Y	1154757.Q5C_08570	0.00E+00	861	COG1914@1|root,COG1914@2|Bacteria,1TPT1@1239|Firmicutes,4HAEA@91061|Bacilli,4AWKX@81850|Leuconostocaceae	91061|Bacilli	P	H( )-stimulated, divalent metal cation uptake system	mntH	-	-	ko:K03322	-	-	-	-	ko00000,ko02000	2.A.55.2.6,2.A.55.3	-	-	Nramp	AIM2.1, IKBKB.3, IRAK1.1, IRAK1.2, IRAK1.3, IRAK1.4, IRAK4.1, IRAK4.2, NAIP.1, NAIP.2, NFKB1.2, NFKBIA.1, NLRC4.1, NLRC4.2, NLRC4.3, NLRC4.4, NLRP1.1, NLRP1.2, NLRP1.3, NLRP1.4, NLRP1.5, NLRP12.1, NLRP12.2, NLRP12.5, NLRP12.6, NLRP12.7, NLRP3.1, NLRP3.2, NLRP3.3, NLRP3.4, NLRP3.5, NLRP3.6, NLRP6.1, NLRP6.2, RELA.1, RELA.2, RELA.3, RELA.4, TAB2.1, TAB2.2, TLR4.1, TLR4.2, TLR4.3, TRAF6.1	44
PRODB_00765	N	N	Y	Ef_18-243_00911	Enterococcus faecalis	IS200/IS605 family transposase ISAac3	Y	1158610.UC3_00961	5.10E-102	295	COG1943@1|root,COG1943@2|Bacteria,1TSQ0@1239|Firmicutes,4HGEM@91061|Bacilli,4B2FF@81852|Enterococcaceae	91061|Bacilli	L	Transposase IS200 like	-	-	-	ko:K07491	-	-	-	-	ko00000	-	-	-	Y1_Tnp	AIM2.1, IKBKB.1, IKBKB.2, IKBKB.3, IKBKB.4, IRAK1.1, IRAK1.2, IRAK1.3, IRAK1.4, IRAK4.1, IRAK4.2, NAIP.1, NAIP.2, NFKB1.2, NFKBIA.1, NLRC4.1, NLRC4.2, NLRC4.3, NLRC4.4, NLRP1.1, NLRP1.2, NLRP1.3, NLRP1.4, NLRP1.5, NLRP12.1, NLRP12.2, NLRP12.3, NLRP12.4, NLRP12.5, NLRP12.6, NLRP12.7, NLRP3.1, NLRP3.2, NLRP3.3, NLRP3.4, NLRP3.5, NLRP3.6, NLRP6.1, NLRP6.2, RELA.1, RELA.2, RELA.3, RELA.4, TAB2.1, TAB2.2, TLR4.1, TLR4.2, TLR4.3, TRAF6.1	49
PRODB_00766	N	N	Y	St_CIRM-BIA_1048_00313	Streptococcus thermophilus	2,3,4,5-tetrahydropyridine-2,6-dicarboxylate N-acetyltransferase	Y	264199.stu1839	1.39E-104	308	COG2171@1|root,COG2171@2|Bacteria,1TQUJ@1239|Firmicutes,4H9KY@91061|Bacilli	91061|Bacilli	E	Catalyzes the transfer of an acetyl group from acetyl- CoA to tetrahydrodipicolinate	dapH	-	2.3.1.117,2.3.1.89	ko:K00674,ko:K05822	ko00300,ko01100,ko01110,ko01120,ko01230,map00300,map01100,map01110,map01120,map01230	M00016,M00525	R04364,R04365	RC00004,RC01136	ko00000,ko00001,ko00002,ko01000	-	-	iYO844.BSU14180	DapH_N,Hexapep	AIM2.1, IKBKB.3, IRAK1.1, IRAK1.2, IRAK1.3, IRAK1.4, IRAK4.1, IRAK4.2, NAIP.1, NAIP.2, NFKB1.2, NFKBIA.1, NLRC4.1, NLRC4.2, NLRC4.3, NLRC4.4, NLRP1.1, NLRP1.2, NLRP1.3, NLRP1.4, NLRP1.5, NLRP12.1, NLRP12.2, NLRP12.4, NLRP12.5, NLRP12.6, NLRP12.7, NLRP3.1, NLRP3.2, NLRP3.3, NLRP3.4, NLRP3.5, NLRP3.6, RELA.1, RELA.2, RELA.3, RELA.4, TAB2.1, TAB2.2, TLR4.1, TLR4.2, TLR4.3, TRAF6.1	43
PRODB_00767	N	N	Y	Wp_FDAARGOS_414_00620	Weissella paramesenteroides	GTP-binding protein TypA/BipA	Y	585506.HMPREF0877_1304	0.00E+00	1190	COG1217@1|root,COG1217@2|Bacteria,1TQ5Y@1239|Firmicutes,4HAQ6@91061|Bacilli,4AX1A@81850|Leuconostocaceae	91061|Bacilli	T	membrane GTPase involved in stress response	typA	-	-	ko:K06207	-	-	-	-	ko00000	-	-	-	EFG_C,EFG_II,GTP_EFTU,GTP_EFTU_D2	IRAK1.1, IRAK1.2, NFKB1.2, NLRC4.4, NLRP3.1, NLRP3.5, TAB2.1, TAB2.2	8
PRODB_00768	N	N	Y	Ec_WP7-S18-ESBL-09_04307	Escherichia coli	Methylthioribose kinase	Y	1114922.CIFAM_16_00020	3.41E-263	726	COG4857@1|root,COG4857@2|Bacteria,1MXBW@1224|Proteobacteria,1RMDV@1236|Gammaproteobacteria	1236|Gammaproteobacteria	F	Catalyzes the phosphorylation of methylthioribose into methylthioribose-1-phosphate	mtnK	-	2.7.1.100	ko:K00899	ko00270,ko01100,map00270,map01100	M00034	R04143	RC00002,RC00078	ko00000,ko00001,ko00002,ko01000	-	-	-	APH	AIM2.1, IRAK1.1, IRAK1.2, IRAK1.3, IRAK1.4, NAIP.1, NFKB1.2, NFKBIA.1, NLRC4.3, NLRC4.4, NLRP12.1, NLRP12.2, NLRP12.5, NLRP12.6, NLRP12.7, NLRP3.1, NLRP3.2, NLRP3.3, NLRP3.4, NLRP3.5, NLRP3.6, RELA.1, RELA.2, RELA.3, RELA.4, TAB2.1, TAB2.2, TLR4.3	28
PRODB_00769	N	N	Y	Ec_MLI106K4_04091	Escherichia coli	Methylthioribose-1-phosphate isomerase	Y	1114922.CIFAM_16_00030	1.52E-262	721	COG0182@1|root,COG0182@2|Bacteria,1MUPM@1224|Proteobacteria,1RMGC@1236|Gammaproteobacteria	1236|Gammaproteobacteria	E	Catalyzes the interconversion of methylthioribose-1- phosphate (MTR-1-P) into methylthioribulose-1-phosphate (MTRu-1- P)	mtnA	GO:0000096,GO:0000097,GO:0003674,GO:0003824,GO:0006082,GO:0006520,GO:0006555,GO:0006790,GO:0006807,GO:0008150,GO:0008152,GO:0008652,GO:0009058,GO:0009066,GO:0009067,GO:0009086,GO:0009987,GO:0016053,GO:0016853,GO:0016860,GO:0016861,GO:0017144,GO:0019509,GO:0019752,GO:0043094,GO:0043102,GO:0043436,GO:0044237,GO:0044238,GO:0044249,GO:0044272,GO:0044281,GO:0044283,GO:0046394,GO:0046523,GO:0071265,GO:0071267,GO:0071704,GO:1901564,GO:1901566,GO:1901576,GO:1901605,GO:1901607	5.3.1.23	ko:K08963	ko00270,ko01100,map00270,map01100	M00034	R04420	RC01151	ko00000,ko00001,ko00002,ko01000	-	-	-	IF-2B	AIM2.1, IRAK1.1, IRAK1.2, IRAK4.1, NFKB1.2, NFKBIA.1, NLRC4.3, NLRC4.4, NLRP3.1, NLRP3.2, NLRP3.3, NLRP3.4, NLRP3.5, NLRP3.6, RELA.1, RELA.2, RELA.3, RELA.4, TAB2.2, TLR4.3	20
PRODB_00770	N	N	Y	Ec_M16807_03451	Escherichia coli	Toxin CdiA	Y	199310.c1205	0.00E+00	1547	COG3210@1|root,COG3210@2|Bacteria,1MX2K@1224|Proteobacteria,1RNRK@1236|Gammaproteobacteria	1236|Gammaproteobacteria	U	Large exoproteins involved in heme utilization or adhesion	-	-	-	ko:K15125	ko05133,map05133	-	-	-	ko00000,ko00001,ko00536	-	-	-	Fil_haemagg,Fil_haemagg_2,Haemagg_act,PT-VENN	AIM2.1, IKBKB.1, IKBKB.2, IKBKB.3, IKBKB.4, IRAK1.1, IRAK1.2, IRAK1.3, IRAK1.4, IRAK4.1, IRAK4.2, NAIP.1, NAIP.2, NFKB1.2, NFKBIA.1, NLRC4.1, NLRC4.2, NLRC4.3, NLRC4.4, NLRP1.1, NLRP1.2, NLRP1.3, NLRP1.4, NLRP1.5, NLRP12.1, NLRP12.2, NLRP12.3, NLRP12.4, NLRP12.5, NLRP12.6, NLRP12.7, NLRP3.1, NLRP3.2, NLRP3.3, NLRP3.4, NLRP3.5, NLRP3.6, NLRP6.1, NLRP6.2, RELA.1, RELA.2, RELA.3, RELA.4, TAB2.1, TAB2.2, TLR4.1, TLR4.2, TLR4.3, TRAF6.1	49
PRODB_00771	N	N	Y	Ec_UPEC_26-1_01122	Escherichia coli	hypothetical protein	Y	199310.c1938	8.66E-215	593	COG0583@1|root,COG0583@2|Bacteria,1MU2E@1224|Proteobacteria,1RQ66@1236|Gammaproteobacteria,3XPH8@561|Escherichia	1236|Gammaproteobacteria	K	Transcriptional regulator	-	-	-	-	-	-	-	-	-	-	-	-	HTH_1,LysR_substrate	AIM2.1, IRAK1.1, IRAK1.2, IRAK1.3, IRAK1.4, NFKB1.2, NFKBIA.1, NLRC4.2, NLRC4.3, NLRC4.4, NLRP1.1, NLRP1.2, NLRP1.4, NLRP3.1, NLRP3.2, NLRP3.3, NLRP3.4, NLRP3.5, NLRP3.6, RELA.1, RELA.2, RELA.3, RELA.4, TAB2.1, TAB2.2, TRAF6.1	26
PRODB_00772	N	N	Y	Se_sg_wt8_00112	Salmonella enterica	hypothetical protein	Y	220341.165	9.33E-123	353	COG1403@1|root,COG1403@2|Bacteria,1RGA2@1224|Proteobacteria,1RZU3@1236|Gammaproteobacteria	1236|Gammaproteobacteria	V	HNH endonuclease	-	-	-	-	-	-	-	-	-	-	-	-	-	AIM2.1, IKBKB.1, IKBKB.2, IKBKB.3, IKBKB.4, IRAK1.1, IRAK1.2, IRAK1.3, IRAK1.4, IRAK4.1, IRAK4.2, NAIP.1, NAIP.2, NFKB1.2, NFKBIA.1, NLRC4.1, NLRC4.2, NLRC4.3, NLRC4.4, NLRP1.1, NLRP1.2, NLRP1.3, NLRP1.4, NLRP1.5, NLRP12.1, NLRP12.2, NLRP12.3, NLRP12.4, NLRP12.5, NLRP12.6, NLRP12.7, NLRP3.1, NLRP3.2, NLRP3.3, NLRP3.4, NLRP3.5, NLRP3.6, NLRP6.1, NLRP6.2, RELA.1, RELA.2, RELA.3, RELA.4, TAB2.1, TAB2.2, TLR4.1, TLR4.2, TLR4.3, TRAF6.1	49
PRODB_00773	N	N	Y	Ec_ATCC_25922_03689	Escherichia coli	hypothetical protein	Y	199310.c1544	3.40E-178	496	2DNV2@1|root,32UJQ@2|Bacteria,1N5XS@1224|Proteobacteria,1S96W@1236|Gammaproteobacteria	1236|Gammaproteobacteria	S	Domain of unknown function DUF1828	-	-	-	-	-	-	-	-	-	-	-	-	DUF1828	AIM2.1, IKBKB.3, IRAK1.1, IRAK1.2, IRAK1.3, IRAK1.4, IRAK4.1, IRAK4.2, NAIP.1, NAIP.2, NFKB1.2, NFKBIA.1, NLRC4.1, NLRC4.2, NLRC4.3, NLRC4.4, NLRP1.1, NLRP1.2, NLRP1.3, NLRP1.4, NLRP1.5, NLRP12.1, NLRP12.2, NLRP12.4, NLRP12.5, NLRP12.6, NLRP12.7, NLRP3.1, NLRP3.2, NLRP3.3, NLRP3.4, NLRP3.5, NLRP3.6, NLRP6.1, NLRP6.2, RELA.1, RELA.2, RELA.3, RELA.4, TAB2.1, TAB2.2, TLR4.1, TLR4.2, TLR4.3, TRAF6.1	45
PRODB_00774	N	N	Y	Ec_SSGNw1_04466	Escherichia coli	hypothetical protein	Y	199310.c1545	3.82E-143	402	29M2S@1|root,30809@2|Bacteria,1RGCF@1224|Proteobacteria,1S5M7@1236|Gammaproteobacteria	1236|Gammaproteobacteria	-	-	-	-	-	-	-	-	-	-	-	-	-	-	-	AIM2.1, IKBKB.1, IKBKB.2, IKBKB.3, IKBKB.4, IRAK1.1, IRAK1.2, IRAK1.3, IRAK1.4, IRAK4.1, IRAK4.2, NAIP.1, NAIP.2, NFKB1.2, NFKBIA.1, NLRC4.1, NLRC4.2, NLRC4.3, NLRC4.4, NLRP1.1, NLRP1.2, NLRP1.3, NLRP1.4, NLRP1.5, NLRP12.1, NLRP12.2, NLRP12.3, NLRP12.4, NLRP12.5, NLRP12.6, NLRP12.7, NLRP3.1, NLRP3.2, NLRP3.3, NLRP3.4, NLRP3.5, NLRP3.6, NLRP6.1, NLRP6.2, RELA.1, RELA.2, RELA.3, RELA.4, TAB2.1, TAB2.2, TLR4.1, TLR4.2, TLR4.3, TRAF6.1	49
PRODB_00775	N	N	Y	Ec_20A24_00293	Escherichia coli	hypothetical protein	Y	637910.ROD_49761	4.20E-12	73.9	2E0YC@1|root,32WEW@2|Bacteria,1N1TX@1224|Proteobacteria,1SB2K@1236|Gammaproteobacteria	1236|Gammaproteobacteria	-	-	-	-	-	-	-	-	-	-	-	-	-	-	-	AIM2.1, IRAK1.1, IRAK1.2, IRAK1.3, IRAK1.4, IRAK4.1, NFKB1.2, NFKBIA.1, NLRC4.2, NLRC4.3, NLRC4.4, NLRP1.1, NLRP1.2, NLRP1.3, NLRP1.4, NLRP1.5, NLRP12.2, NLRP12.4, NLRP12.6, NLRP12.7, NLRP3.1, NLRP3.2, NLRP3.3, NLRP3.4, NLRP3.5, NLRP3.6, RELA.1, RELA.2, RELA.3, RELA.4, TAB2.1, TAB2.2, TLR4.3, TRAF6.1	34
PRODB_00776	N	N	Y	Ec_20Ec-P-124_00210	Escherichia coli	hypothetical protein	Y	199310.c0254	1.98E-52	164	COG0827@1|root,COG0827@2|Bacteria,1MUZW@1224|Proteobacteria,1RSAY@1236|Gammaproteobacteria	1236|Gammaproteobacteria	L	Domain of unknown function (DUF4942)	-	-	-	-	-	-	-	-	-	-	-	-	DUF4942	AIM2.1, IKBKB.1, IKBKB.2, IKBKB.3, IKBKB.4, IRAK1.1, IRAK1.2, IRAK1.3, IRAK1.4, IRAK4.1, IRAK4.2, NAIP.1, NAIP.2, NFKB1.2, NFKBIA.1, NLRC4.1, NLRC4.2, NLRC4.3, NLRC4.4, NLRP1.1, NLRP1.2, NLRP1.3, NLRP1.4, NLRP1.5, NLRP12.1, NLRP12.2, NLRP12.3, NLRP12.4, NLRP12.5, NLRP12.6, NLRP12.7, NLRP3.1, NLRP3.2, NLRP3.3, NLRP3.4, NLRP3.5, NLRP3.6, NLRP6.1, NLRP6.2, RELA.1, RELA.2, RELA.3, RELA.4, TAB2.1, TAB2.2, TLR4.1, TLR4.2, TLR4.3, TRAF6.1	49
PRODB_00777	N	N	Y	Ef_B594_02962	Enterococcus faecalis	hypothetical protein	Y	1201292.DR75_1876	3.63E-105	306	28II2@1|root,2Z8J8@2|Bacteria,1UZV1@1239|Firmicutes,4HV3S@91061|Bacilli,4B3YR@81852|Enterococcaceae	91061|Bacilli	-	-	-	-	-	-	-	-	-	-	-	-	-	-	-	AIM2.1, IRAK1.1, IRAK1.2, IRAK1.3, IRAK1.4, IRAK4.1, NAIP.1, NAIP.2, NFKB1.2, NFKBIA.1, NLRC4.1, NLRC4.2, NLRC4.3, NLRC4.4, NLRP1.1, NLRP1.2, NLRP1.3, NLRP1.4, NLRP1.5, NLRP12.1, NLRP12.2, NLRP12.3, NLRP12.4, NLRP12.5, NLRP12.6, NLRP12.7, NLRP3.1, NLRP3.2, NLRP3.3, NLRP3.4, NLRP3.5, NLRP3.6, RELA.1, RELA.2, RELA.3, RELA.4, TAB2.1, TAB2.2, TLR4.1, TLR4.2, TLR4.3, TRAF6.1	42
PRODB_00778	N	N	Y	Ec_FDAARGOS_1267_04915	Escherichia coli	hypothetical protein	Y	199310.c4755	8.02E-105	305	COG3157@1|root,COG4104@1|root,COG3157@2|Bacteria,COG4104@2|Bacteria,1QUAE@1224|Proteobacteria,1RZRA@1236|Gammaproteobacteria	1236|Gammaproteobacteria	M	COG3209 Rhs family protein	-	-	-	ko:K06887	-	-	-	-	ko00000	-	-	-	T6SS_HCP	AIM2.1, IRAK1.1, IRAK1.2, IRAK1.3, IRAK1.4, IRAK4.1, NAIP.1, NAIP.2, NFKB1.2, NFKBIA.1, NLRC4.2, NLRC4.3, NLRC4.4, NLRP1.1, NLRP1.2, NLRP1.3, NLRP1.4, NLRP12.1, NLRP12.2, NLRP12.3, NLRP12.4, NLRP12.5, NLRP12.6, NLRP12.7, NLRP3.1, NLRP3.2, NLRP3.3, NLRP3.4, NLRP3.5, NLRP3.6, RELA.1, RELA.2, RELA.3, RELA.4, TAB2.1, TAB2.2, TLR4.3, TRAF6.1	38
PRODB_00779	N	N	Y	Ec_ESM1.4_04313	Escherichia coli	S-fimbrial protein subunit SfaA	Y	199310.c1239	3.12E-117	336	COG3539@1|root,COG3539@2|Bacteria,1QI7Y@1224|Proteobacteria,1S07V@1236|Gammaproteobacteria,3XMUH@561|Escherichia	1236|Gammaproteobacteria	NU	Fimbriae (also called pili), polar filaments radiating from the surface of the bacterium to a length of 0.5-1.5 micrometers and numbering 100-300 per cell, enable bacteria to colonize the epithelium of specific host organs	-	-	-	ko:K07345	ko05133,map05133	-	-	-	ko00000,ko00001,ko02035,ko02044	-	-	-	Fimbrial	AIM2.1, IKBKB.3, IRAK1.1, IRAK1.2, IRAK1.3, IRAK1.4, IRAK4.1, IRAK4.2, NAIP.1, NAIP.2, NFKB1.2, NFKBIA.1, NLRC4.1, NLRC4.2, NLRC4.3, NLRC4.4, NLRP1.1, NLRP1.2, NLRP1.3, NLRP1.4, NLRP1.5, NLRP12.1, NLRP12.2, NLRP12.3, NLRP12.4, NLRP12.5, NLRP12.6, NLRP12.7, NLRP3.1, NLRP3.2, NLRP3.3, NLRP3.4, NLRP3.5, NLRP3.6, NLRP6.1, NLRP6.2, RELA.1, RELA.2, RELA.3, RELA.4, TAB2.1, TAB2.2, TLR4.1, TLR4.2, TLR4.3, TRAF6.1	46
PRODB_00780	N	N	Y	Ec_2014C-3057_03719	Escherichia coli	hypothetical protein	N	-	-	-	-	-	-	-	-	-	-	-	-	-	-	-	-	-	-	-	-	AIM2.1, IKBKB.1, IKBKB.2, IKBKB.3, IKBKB.4, IRAK1.1, IRAK1.2, IRAK1.3, IRAK1.4, IRAK4.1, IRAK4.2, NAIP.1, NAIP.2, NFKB1.2, NFKBIA.1, NLRC4.1, NLRC4.2, NLRC4.3, NLRC4.4, NLRP1.1, NLRP1.2, NLRP1.3, NLRP1.4, NLRP1.5, NLRP12.1, NLRP12.2, NLRP12.3, NLRP12.4, NLRP12.5, NLRP12.6, NLRP12.7, NLRP3.1, NLRP3.2, NLRP3.3, NLRP3.4, NLRP3.5, NLRP3.6, NLRP6.1, NLRP6.2, RELA.1, RELA.2, RELA.3, RELA.4, TAB2.1, TAB2.2, TLR4.1, TLR4.2, TLR4.3, TRAF6.1	49
PRODB_00781	N	N	Y	Ec_PBP5_02408	Escherichia coli	hypothetical protein	Y	1214065.BAGV01000077_gene1354	7.18E-77	236	2CZQX@1|root,32T6W@2|Bacteria,1MZGE@1224|Proteobacteria,1S91C@1236|Gammaproteobacteria	1236|Gammaproteobacteria	S	Inovirus Gp2	-	-	-	-	-	-	-	-	-	-	-	-	Inovirus_Gp2	AIM2.1, IRAK1.1, IRAK1.2, IRAK1.3, IRAK1.4, IRAK4.1, IRAK4.2, NAIP.1, NAIP.2, NFKB1.2, NFKBIA.1, NLRC4.1, NLRC4.2, NLRC4.3, NLRC4.4, NLRP1.1, NLRP1.2, NLRP1.3, NLRP1.4, NLRP1.5, NLRP12.1, NLRP12.2, NLRP12.3, NLRP12.4, NLRP12.5, NLRP12.6, NLRP12.7, NLRP3.1, NLRP3.2, NLRP3.3, NLRP3.4, NLRP3.5, NLRP3.6, NLRP6.1, NLRP6.2, RELA.1, RELA.2, RELA.3, RELA.4, TAB2.1, TAB2.2, TLR4.1, TLR4.2, TLR4.3, TRAF6.1	45
PRODB_00782	N	N	Y	Ec_SL112_04448	Escherichia coli	hypothetical protein	Y	1214065.BAGV01000077_gene1352	9.12E-155	437	2CUSM@1|root,32SW0@2|Bacteria,1N3D1@1224|Proteobacteria,1SBMA@1236|Gammaproteobacteria	1236|Gammaproteobacteria	-	-	-	-	-	-	-	-	-	-	-	-	-	-	-	IRAK1.2, IRAK1.3, NFKB1.2, NLRC4.4, NLRP3.1, NLRP3.5, NLRP3.6, TAB2.1, TAB2.2	9
PRODB_00783	N	N	Y	Ec_504211_02498	Escherichia coli	hypothetical protein	Y	571.MC52_11210	9.41E-29	120	2E0YC@1|root,32WEW@2|Bacteria,1N1TX@1224|Proteobacteria,1SB2K@1236|Gammaproteobacteria	1236|Gammaproteobacteria	-	-	-	-	-	-	-	-	-	-	-	-	-	-	-	AIM2.1, IKBKB.1, IKBKB.2, IKBKB.3, IKBKB.4, IRAK1.1, IRAK1.2, IRAK1.3, IRAK1.4, IRAK4.1, IRAK4.2, NAIP.1, NAIP.2, NFKB1.2, NFKBIA.1, NLRC4.1, NLRC4.2, NLRC4.3, NLRC4.4, NLRP1.1, NLRP1.2, NLRP1.3, NLRP1.4, NLRP1.5, NLRP12.1, NLRP12.2, NLRP12.3, NLRP12.4, NLRP12.5, NLRP12.6, NLRP12.7, NLRP3.1, NLRP3.2, NLRP3.3, NLRP3.4, NLRP3.5, NLRP3.6, NLRP6.1, NLRP6.2, RELA.1, RELA.2, RELA.3, RELA.4, TAB2.1, TAB2.2, TLR4.1, TLR4.2, TLR4.3, TRAF6.1	49
PRODB_00784	N	N	Y	Ec_RCAD0514_04355	Escherichia coli	Cytoskeleton bundling-enhancing antitoxin CbeA	Y	198214.SF2998	6.92E-48	155	2BMAS@1|root,32FUR@2|Bacteria,1RI9Y@1224|Proteobacteria,1S8EC@1236|Gammaproteobacteria	1236|Gammaproteobacteria	S	CbeA_antitoxin, type IV, cytoskeleton bundling-enhancing factor A	yeeU	-	-	ko:K18838	-	-	-	-	ko00000,ko02048	-	-	-	CbeA_antitoxin	AIM2.1, IKBKB.1, IKBKB.2, IKBKB.3, IKBKB.4, IRAK1.1, IRAK1.2, IRAK1.3, IRAK1.4, IRAK4.1, IRAK4.2, NAIP.1, NAIP.2, NFKB1.2, NFKBIA.1, NLRC4.1, NLRC4.2, NLRC4.3, NLRC4.4, NLRP1.1, NLRP1.2, NLRP1.3, NLRP1.4, NLRP1.5, NLRP12.1, NLRP12.2, NLRP12.3, NLRP12.4, NLRP12.5, NLRP12.6, NLRP12.7, NLRP3.1, NLRP3.2, NLRP3.3, NLRP3.4, NLRP3.5, NLRP3.6, NLRP6.1, NLRP6.2, RELA.1, RELA.2, RELA.3, RELA.4, TAB2.1, TAB2.2, TLR4.1, TLR4.2, TLR4.3, TRAF6.1	49
PRODB_00785	N	N	Y	Ec_9_00430	Escherichia coli	hypothetical protein	Y	1214065.BAGV01000077_gene1353	1.93E-33	116	COG3311@1|root,COG3311@2|Bacteria,1N6XK@1224|Proteobacteria,1SE2K@1236|Gammaproteobacteria	1236|Gammaproteobacteria	K	transcriptional regulator	-	-	-	-	-	-	-	-	-	-	-	-	Phage_AlpA	AIM2.1, IKBKB.1, IKBKB.2, IKBKB.3, IKBKB.4, IRAK1.1, IRAK1.2, IRAK1.3, IRAK1.4, IRAK4.1, IRAK4.2, NAIP.1, NAIP.2, NFKB1.2, NFKBIA.1, NLRC4.1, NLRC4.2, NLRC4.3, NLRC4.4, NLRP1.1, NLRP1.2, NLRP1.3, NLRP1.4, NLRP1.5, NLRP12.1, NLRP12.2, NLRP12.3, NLRP12.4, NLRP12.5, NLRP12.6, NLRP12.7, NLRP3.1, NLRP3.2, NLRP3.3, NLRP3.4, NLRP3.5, NLRP3.6, NLRP6.1, NLRP6.2, RELA.1, RELA.2, RELA.3, RELA.4, TAB2.1, TAB2.2, TLR4.1, TLR4.2, TLR4.3, TRAF6.1	49
PRODB_00786	N	N	Y	Ec_RCAD0514_04356	Escherichia coli	hypothetical protein	Y	1443113.LC20_00082	4.70E-85	253	COG2003@1|root,COG2003@2|Bacteria,1RAY3@1224|Proteobacteria,1S2IF@1236|Gammaproteobacteria,41HV3@629|Yersinia	1236|Gammaproteobacteria	L	RadC-like JAB domain	yfjY	-	-	ko:K03630	-	-	-	-	ko00000	-	-	-	RadC	AIM2.1, IRAK1.1, IRAK1.2, IRAK1.3, IRAK1.4, NFKB1.2, NLRC4.4, NLRP12.5, NLRP3.1, NLRP3.3, NLRP3.4, NLRP3.5, NLRP3.6, RELA.1, RELA.2, RELA.3, RELA.4, TAB2.1, TAB2.2	19
PRODB_00787	N	N	Y	Ec_ATCC_25922_00814	Escherichia coli	hypothetical protein	Y	1214065.BAGV01000077_gene1350	4.71E-142	403	COG2378@1|root,COG2378@2|Bacteria,1R5FT@1224|Proteobacteria,1RZ7B@1236|Gammaproteobacteria	1236|Gammaproteobacteria	K	transcriptional regulator	yfjR	GO:0008150,GO:0043900,GO:0050789,GO:0050794,GO:0065007,GO:1900190	-	-	-	-	-	-	-	-	-	-	HTH_11,HTH_DeoR,SpoIIID,WYL	AIM2.1, IRAK1.1, IRAK1.2, IRAK1.3, IRAK1.4, NFKB1.2, NFKBIA.1, NLRC4.4, NLRP3.1, NLRP3.2, NLRP3.3, NLRP3.4, NLRP3.5, NLRP3.6, TAB2.1, TAB2.2	16
PRODB_00788	N	N	Y	Ec_PBP5_02414	Escherichia coli	hypothetical protein	Y	1006000.GKAS_03910	1.66E-53	171	2C4I5@1|root,30CTH@2|Bacteria,1RG1Q@1224|Proteobacteria,1S4SC@1236|Gammaproteobacteria	1236|Gammaproteobacteria	S	Toxic component of a toxin-antitoxin (TA) system. Overexpression results in inhibition of growth in liquid cultures and a decrease in colony formation	ykfI	GO:0001558,GO:0008150,GO:0030308,GO:0040008,GO:0045926,GO:0048519,GO:0048523,GO:0050789,GO:0050794,GO:0051128,GO:0065007	-	ko:K18837	-	-	-	-	ko00000,ko02048	-	-	-	CbtA_toxin	AIM2.1, IKBKB.1, IKBKB.2, IKBKB.3, IKBKB.4, IRAK1.1, IRAK1.2, IRAK1.3, IRAK1.4, IRAK4.1, IRAK4.2, NAIP.1, NAIP.2, NFKB1.2, NFKBIA.1, NLRC4.1, NLRC4.2, NLRC4.3, NLRC4.4, NLRP1.1, NLRP1.2, NLRP1.3, NLRP1.4, NLRP1.5, NLRP12.1, NLRP12.2, NLRP12.3, NLRP12.4, NLRP12.5, NLRP12.6, NLRP12.7, NLRP3.1, NLRP3.2, NLRP3.3, NLRP3.4, NLRP3.5, NLRP3.6, NLRP6.1, NLRP6.2, RELA.1, RELA.2, RELA.3, RELA.4, TAB2.1, TAB2.2, TLR4.1, TLR4.2, TLR4.3, TRAF6.1	49
PRODB_00789	N	N	Y	La_ATA-LTC-La060301_00515	Lactobacillus acidophilus	Asparagine--tRNA ligase	Y	525365.HMPREF0548_0040	0.00E+00	874	COG0017@1|root,COG0017@2|Bacteria,1TP38@1239|Firmicutes,4H9YH@91061|Bacilli,3F4EK@33958|Lactobacillaceae	91061|Bacilli	J	Asparaginyl-tRNA synthetase	asnS	GO:0005575,GO:0005622,GO:0005623,GO:0005737,GO:0044424,GO:0044464	6.1.1.22	ko:K01893	ko00970,map00970	M00359,M00360	R03648	RC00055,RC00523	ko00000,ko00001,ko00002,ko01000,ko01007,ko03016	-	-	-	tRNA-synt_2,tRNA_anti-codon	AIM2.1, IRAK1.1, IRAK1.2, IRAK1.3, IRAK1.4, NFKB1.2, NFKBIA.1, NLRC4.4, NLRP1.1, NLRP12.5, NLRP3.1, NLRP3.2, NLRP3.3, NLRP3.4, NLRP3.5, NLRP3.6, RELA.1, RELA.2, RELA.3, RELA.4, TAB2.1, TAB2.2	22
PRODB_00790	N	N	Y	Ec_ISHS7_00057	Escherichia coli	hypothetical protein	Y	1214065.BAGV01000077_gene1351	3.88E-218	604	COG3596@1|root,COG3596@2|Bacteria,1NG19@1224|Proteobacteria,1RPV6@1236|Gammaproteobacteria	1236|Gammaproteobacteria	S	GTP-binding protein	-	-	-	ko:K06946	-	-	-	-	ko00000	-	-	-	MMR_HSR1	AIM2.1, IRAK1.1, IRAK1.2, IRAK1.3, IRAK1.4, NFKB1.2, NLRC4.3, NLRC4.4, NLRP1.1, NLRP1.2, NLRP1.3, NLRP1.4, NLRP1.5, NLRP3.1, NLRP3.2, NLRP3.3, NLRP3.4, NLRP3.5, NLRP3.6, RELA.1, RELA.2, RELA.3, RELA.4, TAB2.1, TAB2.2, TRAF6.1	26
PRODB_00791	N	N	Y	Ec_CFT073_04151	Escherichia coli	hypothetical protein	N	-	-	-	-	-	-	-	-	-	-	-	-	-	-	-	-	-	-	-	-	AIM2.1, IKBKB.1, IKBKB.2, IKBKB.3, IKBKB.4, IRAK1.1, IRAK1.2, IRAK1.3, IRAK1.4, IRAK4.1, IRAK4.2, NAIP.1, NAIP.2, NFKB1.2, NFKBIA.1, NLRC4.1, NLRC4.2, NLRC4.3, NLRC4.4, NLRP1.1, NLRP1.2, NLRP1.3, NLRP1.4, NLRP1.5, NLRP12.1, NLRP12.2, NLRP12.3, NLRP12.4, NLRP12.5, NLRP12.6, NLRP12.7, NLRP3.1, NLRP3.2, NLRP3.3, NLRP3.4, NLRP3.5, NLRP3.6, NLRP6.1, NLRP6.2, RELA.1, RELA.2, RELA.3, RELA.4, TAB2.1, TAB2.2, TLR4.1, TLR4.2, TLR4.3, TRAF6.1	49
PRODB_00792	N	N	Y	Sf_CMCC51574_03335	Shigella flexneri	Lysine/arginine/ornithine-binding periplasmic protein	Y	198214.SF2386	5.30E-37	130	COG0834@1|root,COG0834@2|Bacteria,1NT2J@1224|Proteobacteria,1RRYR@1236|Gammaproteobacteria	1236|Gammaproteobacteria	ET	belongs to the bacterial solute-binding protein 3 family	argT	GO:0005575,GO:0005623,GO:0006810,GO:0006811,GO:0006812,GO:0006820,GO:0006865,GO:0006950,GO:0006995,GO:0007154,GO:0008150,GO:0009267,GO:0009605,GO:0009987,GO:0009991,GO:0010035,GO:0010038,GO:0010043,GO:0015711,GO:0015807,GO:0015822,GO:0015849,GO:0015893,GO:0030288,GO:0030313,GO:0031667,GO:0031668,GO:0031669,GO:0031975,GO:0033554,GO:0042221,GO:0042493,GO:0042594,GO:0042597,GO:0043562,GO:0044464,GO:0046942,GO:0050896,GO:0051179,GO:0051234,GO:0051716,GO:0070887,GO:0071241,GO:0071248,GO:0071294,GO:0071496,GO:0071702,GO:0071705,GO:1902022	-	ko:K09996,ko:K10013,ko:K10014	ko02010,map02010	M00225,M00226,M00229	-	-	ko00000,ko00001,ko00002,ko02000	3.A.1.3.1,3.A.1.3.3	-	iEC042_1314.EC042_2551	SBP_bac_3	IRAK1.2, NFKB1.2, TAB2.1, TAB2.2	4
PRODB_00793	N	N	Y	Ef_18-243_02765	Enterococcus faecalis	hypothetical protein	N	-	-	-	-	-	-	-	-	-	-	-	-	-	-	-	-	-	-	-	-	AIM2.1, IKBKB.1, IKBKB.2, IKBKB.3, IKBKB.4, IRAK1.1, IRAK1.2, IRAK1.3, IRAK1.4, IRAK4.1, IRAK4.2, NAIP.1, NAIP.2, NFKB1.2, NFKBIA.1, NLRC4.1, NLRC4.2, NLRC4.3, NLRC4.4, NLRP1.1, NLRP1.2, NLRP1.3, NLRP1.4, NLRP1.5, NLRP12.1, NLRP12.2, NLRP12.3, NLRP12.4, NLRP12.5, NLRP12.6, NLRP12.7, NLRP3.1, NLRP3.2, NLRP3.3, NLRP3.4, NLRP3.5, NLRP3.6, NLRP6.1, NLRP6.2, RELA.1, RELA.2, RELA.3, RELA.4, TAB2.1, TAB2.2, TLR4.1, TLR4.2, TLR4.3, TRAF6.1	49
PRODB_00794	N	N	Y	Ll_CTOTU47215_00251	Leuconostoc lactis	Carbamoyl-phosphate synthase large chain	Y	1246.JMEA01000006_gene94	0.00E+00	2015	COG0458@1|root,COG0458@2|Bacteria,1TPID@1239|Firmicutes,4HAEY@91061|Bacilli,4AX4N@81850|Leuconostocaceae	91061|Bacilli	F	Carbamoyl-phosphate synthetase ammonia chain	carB	GO:0000050,GO:0003674,GO:0003824,GO:0004087,GO:0004088,GO:0005575,GO:0005622,GO:0005623,GO:0005737,GO:0006082,GO:0006520,GO:0006525,GO:0006526,GO:0006807,GO:0008150,GO:0008152,GO:0008652,GO:0009058,GO:0009064,GO:0009084,GO:0009987,GO:0016053,GO:0016874,GO:0016879,GO:0016884,GO:0019627,GO:0019752,GO:0034641,GO:0043436,GO:0043603,GO:0043604,GO:0044237,GO:0044238,GO:0044249,GO:0044271,GO:0044281,GO:0044283,GO:0044424,GO:0044464,GO:0046394,GO:0071704,GO:0071941,GO:1901564,GO:1901566,GO:1901576,GO:1901605,GO:1901607	6.3.5.5	ko:K01955	ko00240,ko00250,ko01100,map00240,map00250,map01100	M00051	R00256,R00575,R01395,R10948,R10949	RC00002,RC00010,RC00043,RC02750,RC02798,RC03314	ko00000,ko00001,ko00002,ko01000	-	-	-	CPSase_L_D2,CPSase_L_D3,MGS	NFKB1.2, NLRC4.4, TAB2.2	3
PRODB_00795	N	N	Y	Ec_TUM13773_04300	Escherichia coli	S-fimbrial adhesin protein SfaS	Y	199310.c1244	6.98E-110	317	COG3539@1|root,COG3539@2|Bacteria	2|Bacteria	NU	cell adhesion	-	-	-	ko:K07349	-	-	-	-	ko00000,ko02035,ko02044	-	-	-	Fimbrial	AIM2.1, IKBKB.3, IRAK1.1, IRAK1.2, IRAK1.3, IRAK1.4, IRAK4.1, IRAK4.2, NAIP.1, NAIP.2, NFKB1.2, NFKBIA.1, NLRC4.1, NLRC4.2, NLRC4.3, NLRC4.4, NLRP1.1, NLRP1.2, NLRP1.3, NLRP1.4, NLRP1.5, NLRP12.1, NLRP12.2, NLRP12.3, NLRP12.4, NLRP12.5, NLRP12.6, NLRP12.7, NLRP3.1, NLRP3.2, NLRP3.3, NLRP3.4, NLRP3.5, NLRP3.6, NLRP6.1, NLRP6.2, RELA.1, RELA.2, RELA.3, RELA.4, TAB2.1, TAB2.2, TLR4.1, TLR4.2, TLR4.3, TRAF6.1	46
PRODB_00796	N	N	Y	Lm_IMAU80663_00007	Leuconostoc mesenteroides	Pyruvate dehydrogenase E1 component subunit beta	Y	203120.LEUM_0738	3.26E-228	629	COG0022@1|root,COG0022@2|Bacteria,1TP3J@1239|Firmicutes,4HA4H@91061|Bacilli,4AWFK@81850|Leuconostocaceae	91061|Bacilli	C	COG0022 Pyruvate 2-oxoglutarate dehydrogenase complex, dehydrogenase (E1) component, eukaryotic type, beta subunit	pdhB	-	1.2.4.1	ko:K00162	ko00010,ko00020,ko00620,ko01100,ko01110,ko01120,ko01130,ko01200,ko04066,ko04922,ko05230,map00010,map00020,map00620,map01100,map01110,map01120,map01130,map01200,map04066,map04922,map05230	M00307	R00014,R00209,R01699,R03270	RC00004,RC00027,RC00627,RC02742,RC02744,RC02882	br01601,ko00000,ko00001,ko00002,ko01000	-	-	iYO844.BSU14590	Transket_pyr,Transketolase_C	NFKB1.2, NLRP3.3, TAB2.2	3
PRODB_00797	N	N	Y	Ec_C_691-04A_02920	Escherichia coli	hypothetical protein	N	-	-	-	-	-	-	-	-	-	-	-	-	-	-	-	-	-	-	-	-	AIM2.1, IKBKB.1, IKBKB.2, IKBKB.3, IKBKB.4, IRAK1.1, IRAK1.2, IRAK1.3, IRAK1.4, IRAK4.1, IRAK4.2, NAIP.1, NAIP.2, NFKB1.2, NFKBIA.1, NLRC4.1, NLRC4.2, NLRC4.3, NLRC4.4, NLRP1.1, NLRP1.2, NLRP1.3, NLRP1.4, NLRP1.5, NLRP12.1, NLRP12.2, NLRP12.3, NLRP12.4, NLRP12.5, NLRP12.6, NLRP12.7, NLRP3.1, NLRP3.2, NLRP3.3, NLRP3.4, NLRP3.5, NLRP3.6, NLRP6.1, NLRP6.2, RELA.1, RELA.2, RELA.3, RELA.4, TAB2.1, TAB2.2, TLR4.1, TLR4.2, TLR4.3, TRAF6.1	49
PRODB_00798	N	N	Y	Bb_FZJHZD20M12_00982	Bifidobacterium bifidum	Elongation factor G	Y	326426.Bbr_0606	0.00E+00	1392	COG0480@1|root,COG0480@2|Bacteria,2GKB3@201174|Actinobacteria,4CYTB@85004|Bifidobacteriales	201174|Actinobacteria	J	Catalyzes the GTP-dependent ribosomal translocation step during translation elongation. During this step, the ribosome changes from the pre-translocational (PRE) to the post- translocational (POST) state as the newly formed A-site-bound peptidyl-tRNA and P-site-bound deacylated tRNA move to the P and E sites, respectively. Catalyzes the coordinated movement of the two tRNA molecules, the mRNA and conformational changes in the ribosome	fusA	GO:0005575,GO:0005618,GO:0005623,GO:0005886,GO:0008150,GO:0016020,GO:0030312,GO:0040007,GO:0044464,GO:0071944	-	ko:K02355	-	-	-	-	ko00000,ko03012,ko03029	-	-	-	EFG_C,EFG_II,EFG_IV,GTP_EFTU,GTP_EFTU_D2	NLRC4.4	1
PRODB_00799	N	N	Y	Ba_AM62-3LBA_00425	Bifidobacterium adolescentis	Oxygen regulatory protein NreC	Y	1680.BADO_0376	2.05E-156	439	COG2197@1|root,COG2197@2|Bacteria,2GIVA@201174|Actinobacteria,4CZW8@85004|Bifidobacteriales	201174|Actinobacteria	K	helix_turn_helix, Lux Regulon	tcsR3	-	-	-	-	-	-	-	-	-	-	-	GerE,Response_reg	AIM2.1, IRAK4.1, NAIP.1, NFKB1.2, NLRC4.4, NLRP12.5, NLRP3.1, NLRP3.3, TAB2.1, TAB2.2, TLR4.3	11
PRODB_00800	N	N	Y	Ba_AF32-13BHA_00189	Bifidobacterium adolescentis	50S ribosomal protein L21	Y	1680.BADO_0249	7.13E-63	192	COG0261@1|root,COG0261@2|Bacteria,2IQ9A@201174|Actinobacteria,4D10B@85004|Bifidobacteriales	201174|Actinobacteria	J	This protein binds to 23S rRNA in the presence of protein L20	rplU	GO:0003674,GO:0003735,GO:0005198,GO:0005575,GO:0005623,GO:0005886,GO:0008150,GO:0016020,GO:0040007,GO:0044464,GO:0071944	-	ko:K02888	ko03010,map03010	M00178	-	-	br01610,ko00000,ko00001,ko00002,ko03011	-	-	-	Ribosomal_L21p	AIM2.1, IRAK1.1, IRAK1.2, IRAK1.3, IRAK1.4, IRAK4.1, NAIP.1, NAIP.2, NFKB1.2, NFKBIA.1, NLRC4.1, NLRC4.2, NLRC4.3, NLRC4.4, NLRP1.1, NLRP1.2, NLRP1.3, NLRP1.4, NLRP12.2, NLRP12.5, NLRP12.6, NLRP12.7, NLRP3.1, NLRP3.2, NLRP3.3, NLRP3.4, NLRP3.5, NLRP3.6, RELA.1, RELA.2, RELA.3, RELA.4, TAB2.1, TAB2.2, TLR4.1, TLR4.3, TRAF6.1	37
PRODB_00801	N	N	Y	Ba_AF35-2A_00386	Bifidobacterium adolescentis	hypothetical protein	Y	1680.BADO_0254	1.21E-44	144	COG0690@1|root,COG0690@2|Bacteria,2HZQC@201174|Actinobacteria,4D18K@85004|Bifidobacteriales	201174|Actinobacteria	U	Essential subunit of the Sec protein translocation channel SecYEG. Clamps together the 2 halves of SecY. May contact the channel plug during translocation	secE	-	-	ko:K03073	ko02024,ko03060,ko03070,map02024,map03060,map03070	M00335	-	-	ko00000,ko00001,ko00002,ko02044	3.A.5.1,3.A.5.2	-	-	SecE	AIM2.1, IKBKB.2, IKBKB.3, IKBKB.4, IRAK1.1, IRAK1.2, IRAK1.3, IRAK1.4, IRAK4.1, IRAK4.2, NAIP.1, NAIP.2, NFKB1.2, NFKBIA.1, NLRC4.1, NLRC4.2, NLRC4.3, NLRC4.4, NLRP1.1, NLRP1.2, NLRP1.3, NLRP1.4, NLRP1.5, NLRP12.1, NLRP12.2, NLRP12.3, NLRP12.4, NLRP12.5, NLRP12.6, NLRP12.7, NLRP3.1, NLRP3.2, NLRP3.3, NLRP3.4, NLRP3.5, NLRP3.6, NLRP6.1, NLRP6.2, RELA.1, RELA.2, RELA.3, RELA.4, TAB2.1, TAB2.2, TLR4.1, TLR4.2, TLR4.3, TRAF6.1	48
PRODB_00802	N	N	Y	Bb_1001254st1_D4_1001254J_160919_01701	Bifidobacterium bifidum	S-ribosylhomocysteine lyase	Y	326426.Bbr_0541	3.36E-120	342	COG1854@1|root,COG1854@2|Bacteria,2GJVF@201174|Actinobacteria,4CYZ4@85004|Bifidobacteriales	201174|Actinobacteria	H	Involved in the synthesis of autoinducer 2 (AI-2) which is secreted by bacteria and is used to communicate both the cell density and the metabolic potential of the environment. The regulation of gene expression in response to changes in cell density is called quorum sensing. Catalyzes the transformation of S-ribosylhomocysteine (RHC) to homocysteine (HC) and 4,5- dihydroxy-2,3-pentadione (DPD)	luxS	-	4.4.1.21	ko:K07173	ko00270,ko01100,ko01230,ko02024,ko02026,ko05111,map00270,map01100,map01230,map02024,map02026,map05111	M00609	R01291	RC00069,RC01929	ko00000,ko00001,ko00002,ko01000	-	-	-	LuxS	AIM2.1, IRAK1.1, IRAK1.2, IRAK1.3, IRAK1.4, IRAK4.1, NAIP.1, NAIP.2, NFKB1.2, NFKBIA.1, NLRC4.1, NLRC4.4, NLRP1.1, NLRP1.2, NLRP1.3, NLRP1.4, NLRP1.5, NLRP3.1, NLRP3.2, NLRP3.3, NLRP3.4, NLRP3.5, NLRP3.6, RELA.2, TAB2.1, TAB2.2, TLR4.3	27
PRODB_00803	N	N	Y	Ba_AL12-4_00276	Bifidobacterium adolescentis	50S ribosomal protein L27	Y	1435051.BMOU_1628	2.48E-52	164	COG0211@1|root,COG0211@2|Bacteria,2IQDI@201174|Actinobacteria,4D19N@85004|Bifidobacteriales	201174|Actinobacteria	J	Ribosomal L27 protein	rpmA	GO:0003674,GO:0003735,GO:0005198,GO:0005575,GO:0005618,GO:0005622,GO:0005623,GO:0005737,GO:0005829,GO:0005840,GO:0005886,GO:0008150,GO:0015934,GO:0016020,GO:0022625,GO:0022626,GO:0030312,GO:0032991,GO:0040007,GO:0043226,GO:0043228,GO:0043229,GO:0043232,GO:0044391,GO:0044422,GO:0044424,GO:0044444,GO:0044445,GO:0044446,GO:0044464,GO:0071944,GO:1990904	-	ko:K02899	ko03010,map03010	M00178	-	-	br01610,ko00000,ko00001,ko00002,ko03011	-	-	-	Ribosomal_L27	AIM2.1, IKBKB.1, IKBKB.2, IKBKB.3, IKBKB.4, IRAK1.1, IRAK1.2, IRAK1.3, IRAK1.4, IRAK4.1, IRAK4.2, NAIP.1, NAIP.2, NFKB1.2, NFKBIA.1, NLRC4.1, NLRC4.2, NLRC4.3, NLRC4.4, NLRP1.1, NLRP1.2, NLRP1.3, NLRP1.4, NLRP1.5, NLRP12.1, NLRP12.2, NLRP12.3, NLRP12.4, NLRP12.5, NLRP12.6, NLRP12.7, NLRP3.1, NLRP3.2, NLRP3.3, NLRP3.4, NLRP3.5, NLRP3.6, NLRP6.1, NLRP6.2, RELA.1, RELA.2, RELA.3, RELA.4, TAB2.1, TAB2.2, TLR4.1, TLR4.2, TLR4.3, TRAF6.1	49
PRODB_00804	N	N	Y	Ba_1001262B_160229_D10_01180	Bifidobacterium adolescentis	hypothetical protein	Y	1680.BADO_0216	1.24E-47	152	COG1837@1|root,COG1837@2|Bacteria,2IQ4C@201174|Actinobacteria,4D16Z@85004|Bifidobacteriales	201174|Actinobacteria	S	Belongs to the UPF0109 family	-	GO:0008150,GO:0040007	-	ko:K06960	-	-	-	-	ko00000	-	-	-	KH_4	AIM2.1, IRAK1.1, IRAK1.2, IRAK1.3, IRAK1.4, IRAK4.1, NFKB1.2, NLRC4.4, NLRP12.5, NLRP3.1, NLRP3.3, NLRP3.5, TAB2.1, TAB2.2, TLR4.3	15
PRODB_00805	N	N	Y	Ba_TF12-10ATA_01547	Bifidobacterium adolescentis	hypothetical protein	Y	78346.BRUM_1442	1.10E-179	500	COG0745@1|root,COG0745@2|Bacteria,2GJGU@201174|Actinobacteria,4CZB9@85004|Bifidobacteriales	201174|Actinobacteria	KT	Transcriptional regulatory protein, C terminal	glnR	-	-	-	-	-	-	-	-	-	-	-	Trans_reg_C	AIM2.1, IKBKB.3, IRAK1.1, IRAK1.2, IRAK1.3, IRAK1.4, IRAK4.1, NAIP.1, NAIP.2, NFKB1.2, NFKBIA.1, NLRC4.2, NLRC4.3, NLRC4.4, NLRP1.1, NLRP1.2, NLRP1.3, NLRP1.4, NLRP12.1, NLRP12.2, NLRP12.4, NLRP12.5, NLRP12.6, NLRP12.7, NLRP3.1, NLRP3.2, NLRP3.3, NLRP3.4, NLRP3.5, NLRP3.6, RELA.1, RELA.2, RELA.3, RELA.4, TAB2.1, TAB2.2, TLR4.1, TLR4.2, TLR4.3, TRAF6.1	40
PRODB_00806	N	N	Y	Bl_MSK.13.35_01415	Bifidobacterium longum	ATP synthase gamma chain	Y	216816.GS08_01460	2.80E-205	569	COG0224@1|root,COG0224@2|Bacteria,2GJ7Q@201174|Actinobacteria,4CYVJ@85004|Bifidobacteriales	201174|Actinobacteria	C	Produces ATP from ADP in the presence of a proton gradient across the membrane. The gamma chain is believed to be important in regulating ATPase activity and the flow of protons through the CF(0) complex	atpG	GO:0005575,GO:0005618,GO:0005623,GO:0005886,GO:0008150,GO:0016020,GO:0030312,GO:0040007,GO:0044464,GO:0071944	-	ko:K02115	ko00190,ko00195,ko01100,map00190,map00195,map01100	M00157	-	-	ko00000,ko00001,ko00002,ko00194	3.A.2.1	-	-	ATP-synt	NFKB1.2, NLRC4.4, NLRP3.1	3
PRODB_00807	N	N	Y	Ba_AF102-65_00845	Bifidobacterium adolescentis	Acetate kinase	Y	1680.BADO_0734	2.68E-294	803	COG0282@1|root,COG0282@2|Bacteria,2GJAW@201174|Actinobacteria,4CZ7V@85004|Bifidobacteriales	201174|Actinobacteria	H	Catalyzes the formation of acetyl phosphate from acetate and ATP. Can also catalyze the reverse reaction	ackA	GO:0005575,GO:0005622,GO:0005623,GO:0005737,GO:0044424,GO:0044464	2.7.2.1	ko:K00925	ko00430,ko00620,ko00640,ko00680,ko00720,ko01100,ko01120,ko01200,map00430,map00620,map00640,map00680,map00720,map01100,map01120,map01200	M00357,M00579	R00315,R01353	RC00002,RC00043	ko00000,ko00001,ko00002,ko01000	-	-	iNJ661.Rv0409	Acetate_kinase	AIM2.1, IRAK4.1, NFKB1.2, NLRC4.4, NLRP3.1, NLRP3.5, NLRP3.6, TAB2.1, TAB2.2	9
PRODB_00808	N	N	Y	Ba_AL46-7_00669	Bifidobacterium adolescentis	ATP-dependent Clp protease proteolytic subunit 2	Y	1680.BADO_0601	2.57E-158	444	COG0740@1|root,COG0740@2|Bacteria,2GKNK@201174|Actinobacteria,4CZVF@85004|Bifidobacteriales	201174|Actinobacteria	O	Cleaves peptides in various proteins in a process that requires ATP hydrolysis. Has a chymotrypsin-like activity. Plays a major role in the degradation of misfolded proteins	clpP	GO:0005575,GO:0005618,GO:0005622,GO:0005623,GO:0005737,GO:0005829,GO:0005886,GO:0008150,GO:0016020,GO:0030312,GO:0040007,GO:0044424,GO:0044444,GO:0044464,GO:0071944	3.4.21.92	ko:K01358	ko04112,ko04212,map04112,map04212	-	-	-	ko00000,ko00001,ko01000,ko01002	-	-	-	CLP_protease	AIM2.1, NFKB1.2, NLRC4.4, NLRP3.1, NLRP3.3, NLRP3.6, TAB2.1, TAB2.2	8
PRODB_00809	N	N	Y	Ba_AF39-1ATA_00117	Bifidobacterium adolescentis	hypothetical protein	Y	1680.BADO_0757	1.33E-290	794	COG0719@1|root,COG0719@2|Bacteria,2GJNV@201174|Actinobacteria,4CZEE@85004|Bifidobacteriales	201174|Actinobacteria	O	FeS assembly protein SufD	sufD	GO:0008150,GO:0009605,GO:0009607,GO:0040007,GO:0043207,GO:0044403,GO:0044419,GO:0050896,GO:0051701,GO:0051704,GO:0051707,GO:0052173,GO:0052200,GO:0052564,GO:0052572,GO:0075136	-	ko:K09015	-	-	-	-	ko00000	-	-	-	UPF0051	AIM2.1, IRAK1.1, IRAK1.2, IRAK1.3, IRAK1.4, IRAK4.1, NAIP.1, NAIP.2, NFKB1.2, NFKBIA.1, NLRC4.2, NLRC4.3, NLRC4.4, NLRP1.4, NLRP12.1, NLRP12.2, NLRP12.3, NLRP12.4, NLRP12.5, NLRP12.6, NLRP12.7, NLRP3.1, NLRP3.2, NLRP3.3, NLRP3.4, NLRP3.5, NLRP3.6, RELA.1, RELA.2, RELA.3, RELA.4, TAB2.1, TAB2.2, TRAF6.1	34
PRODB_00810	N	N	Y	Bl_MCC10028_00338	Bifidobacterium longum	hypothetical protein	Y	216816.GS08_01920	0.00E+00	987	COG0541@1|root,COG0541@2|Bacteria,2GK4R@201174|Actinobacteria,4CYY1@85004|Bifidobacteriales	201174|Actinobacteria	U	Involved in targeting and insertion of nascent membrane proteins into the cytoplasmic membrane. Binds to the hydrophobic signal sequence of the ribosome-nascent chain (RNC) as it emerges from the ribosomes. The SRP-RNC complex is then targeted to the cytoplasmic membrane where it interacts with the SRP receptor FtsY	ffh	GO:0005575,GO:0005618,GO:0005623,GO:0005886,GO:0008150,GO:0016020,GO:0030312,GO:0040007,GO:0044464,GO:0071944	3.6.5.4	ko:K03106	ko02024,ko03060,ko03070,map02024,map03060,map03070	M00335	-	-	ko00000,ko00001,ko00002,ko01000,ko02044	3.A.5.1,3.A.5.2,3.A.5.7,3.A.5.8,3.A.5.9	-	-	SRP54,SRP54_N,SRP_SPB	AIM2.1, NFKB1.2, NLRC4.4, TAB2.1, TAB2.2	5
PRODB_00811	N	N	Y	Ba_AM08-20_00245	Bifidobacterium adolescentis	10 kDa chaperonin	Y	1680.BADO_0302	1.42E-62	191	COG0234@1|root,COG0234@2|Bacteria,2IKTH@201174|Actinobacteria,4D101@85004|Bifidobacteriales	201174|Actinobacteria	O	Binds to Cpn60 in the presence of Mg-ATP and suppresses the ATPase activity of the latter	groS	GO:0003674,GO:0005488,GO:0005515,GO:0005575,GO:0005576,GO:0005618,GO:0005622,GO:0005623,GO:0005737,GO:0005829,GO:0005886,GO:0006355,GO:0006457,GO:0006458,GO:0006950,GO:0006986,GO:0008150,GO:0009266,GO:0009408,GO:0009628,GO:0009889,GO:0009987,GO:0010033,GO:0010468,GO:0010556,GO:0016020,GO:0019219,GO:0019222,GO:0019899,GO:0030312,GO:0031323,GO:0031326,GO:0033554,GO:0034605,GO:0035375,GO:0035966,GO:0040007,GO:0042221,GO:0043167,GO:0043169,GO:0044424,GO:0044444,GO:0044464,GO:0046677,GO:0046872,GO:0050789,GO:0050794,GO:0050896,GO:0051082,GO:0051084,GO:0051085,GO:0051087,GO:0051171,GO:0051252,GO:0051716,GO:0060255,GO:0061077,GO:0065007,GO:0071944,GO:0080090,GO:1903506,GO:2000112,GO:2001141	-	ko:K04078	-	-	-	-	ko00000,ko03029,ko03110	-	-	-	Cpn10	IRAK1.2, NFKB1.2, NLRP1.1, NLRP1.4, TAB2.1, TAB2.2	6
PRODB_00812	N	N	Y	Bl_DS1566_00468	Bifidobacterium longum	Proline--tRNA ligase	Y	216816.GS08_08165	0.00E+00	1162	COG0442@1|root,COG0442@2|Bacteria,2GJ9G@201174|Actinobacteria,4CZ6E@85004|Bifidobacteriales	201174|Actinobacteria	J	Catalyzes the attachment of proline to tRNA(Pro) in a two-step reaction proline is first activated by ATP to form Pro- AMP and then transferred to the acceptor end of tRNA(Pro). As ProRS can inadvertently accommodate and process non-cognate amino acids such as alanine and cysteine, to avoid such errors it has two additional distinct editing activities against alanine. One activity is designated as 'pretransfer' editing and involves the tRNA(Pro)-independent hydrolysis of activated Ala-AMP. The other activity is designated 'posttransfer' editing and involves deacylation of mischarged Ala-tRNA(Pro). The misacylated Cys- tRNA(Pro) is not edited by ProRS	proS	GO:0005575,GO:0005618,GO:0005623,GO:0005886,GO:0008150,GO:0016020,GO:0030312,GO:0040007,GO:0044464,GO:0071944	6.1.1.15	ko:K01881	ko00970,map00970	M00359,M00360	R03661	RC00055,RC00523	ko00000,ko00001,ko00002,ko01000,ko01007,ko03016	-	-	-	HGTP_anticodon,tRNA-synt_2b,tRNA_edit	IRAK1.1, IRAK1.2, IRAK1.3, IRAK1.4, NFKB1.2, NLRP3.1, NLRP3.2, NLRP3.3, NLRP3.4, NLRP3.5, NLRP3.6, TAB2.1, TAB2.2	13
PRODB_00813	N	N	Y	Bl_YGMCC0538_00666	Bifidobacterium longum	Aldehyde-alcohol dehydrogenase	Y	216816.GS08_09115	0.00E+00	1722	COG1012@1|root,COG1454@1|root,COG1012@2|Bacteria,COG1454@2|Bacteria,2GJI2@201174|Actinobacteria,4CZ8F@85004|Bifidobacteriales	201174|Actinobacteria	C	belongs to the iron- containing alcohol dehydrogenase family	adhE	-	1.1.1.1,1.2.1.10,1.2.1.81	ko:K04072,ko:K15515	ko00010,ko00071,ko00350,ko00620,ko00625,ko00626,ko00650,ko01100,ko01110,ko01120,ko01130,ko01220,map00010,map00071,map00350,map00620,map00625,map00626,map00650,map01100,map01110,map01120,map01130,map01220	-	R00228,R00623,R00754,R01172,R04880,R05233,R05234,R06917,R06927	RC00004,RC00050,RC00088,RC00099,RC00116,RC00184,RC00649,RC01195	ko00000,ko00001,ko01000	-	-	-	Aldedh,Fe-ADH	NFKB1.2, NLRP3.1	2
PRODB_00814	N	N	Y	Ba_TM114-80_01281	Bifidobacterium adolescentis	GTP-binding protein TypA/BipA	Y	1680.BADO_1120	0.00E+00	1263	COG1217@1|root,COG1217@2|Bacteria,2GJUJ@201174|Actinobacteria,4CYX3@85004|Bifidobacteriales	201174|Actinobacteria	T	Elongation factor G C-terminus	typA	-	-	ko:K06207	-	-	-	-	ko00000	-	-	-	EFG_C,GTP_EFTU,GTP_EFTU_D2	IRAK1.1, IRAK1.2, IRAK1.3, IRAK1.4, IRAK4.1, NFKB1.2, NLRC4.4, NLRP12.5, NLRP3.1, NLRP3.2, NLRP3.3, NLRP3.4, NLRP3.5, NLRP3.6, RELA.1, RELA.2, RELA.3, RELA.4, TAB2.2	19
PRODB_00815	N	N	Y	Ba_1892B_00776	Bifidobacterium adolescentis	hypothetical protein	Y	1680.BADO_0712	2.42E-132	376	COG1329@1|root,COG1329@2|Bacteria,2GKSU@201174|Actinobacteria,4CZXD@85004|Bifidobacteriales	201174|Actinobacteria	K	CarD-like/TRCF domain	carD	GO:0006950,GO:0007154,GO:0008150,GO:0009267,GO:0009405,GO:0009605,GO:0009987,GO:0009991,GO:0015968,GO:0031667,GO:0031668,GO:0031669,GO:0033554,GO:0040007,GO:0042594,GO:0044419,GO:0050896,GO:0051704,GO:0051716,GO:0071496	-	ko:K07736	-	-	-	-	ko00000,ko03000	-	-	-	CarD_CdnL_TRCF	AIM2.1, IRAK1.1, IRAK1.2, IRAK1.3, NAIP.1, NAIP.2, NFKB1.2, NLRC4.4, NLRP3.1, NLRP3.3, NLRP3.4, NLRP3.5, NLRP3.6, TAB2.2	14
PRODB_00816	N	N	Y	Bl_UMB0788_00807	Bifidobacterium longum	Tryptophan synthase alpha chain	Y	216816.GS08_05295	6.31E-206	570	COG0159@1|root,COG0159@2|Bacteria,2GN6T@201174|Actinobacteria,4D0A3@85004|Bifidobacteriales	201174|Actinobacteria	E	The alpha subunit is responsible for the aldol cleavage of indoleglycerol phosphate to indole and glyceraldehyde 3- phosphate	trpA	GO:0005575,GO:0005623,GO:0005886,GO:0008150,GO:0016020,GO:0040007,GO:0044464,GO:0071944	4.2.1.20	ko:K01695	ko00260,ko00400,ko01100,ko01110,ko01130,ko01230,map00260,map00400,map01100,map01110,map01130,map01230	M00023	R00674,R02340,R02722	RC00209,RC00210,RC00700,RC00701,RC02868	ko00000,ko00001,ko00002,ko01000	-	-	-	Trp_syntA	AIM2.1, IRAK1.1, IRAK1.2, IRAK1.3, IRAK1.4, IRAK4.1, NAIP.1, NAIP.2, NFKB1.2, NFKBIA.1, NLRC4.1, NLRC4.2, NLRC4.3, NLRC4.4, NLRP1.1, NLRP1.2, NLRP1.3, NLRP1.4, NLRP12.2, NLRP12.5, NLRP3.1, NLRP3.2, NLRP3.3, NLRP3.4, NLRP3.5, NLRP3.6, RELA.1, RELA.2, RELA.3, RELA.4, TAB2.1, TAB2.2, TLR4.3, TRAF6.1	34
PRODB_00817	N	N	Y	Bl_ZJ1_00550	Bifidobacterium longum	Phosphoribosylformylglycinamidine synthase	Y	216816.GS08_03050	0.00E+00	2399	COG0046@1|root,COG0047@1|root,COG0046@2|Bacteria,COG0047@2|Bacteria,2GKG6@201174|Actinobacteria,4CZ7C@85004|Bifidobacteriales	201174|Actinobacteria	F	CobB/CobQ-like glutamine amidotransferase domain	purL	-	6.3.5.3	ko:K01952	ko00230,ko01100,ko01110,ko01130,map00230,map01100,map01110,map01130	M00048	R04463	RC00010,RC01160	ko00000,ko00001,ko00002,ko01000	-	-	-	AIRS,AIRS_C,GATase_5	NFKB1.2, NLRC4.4, NLRP12.5, NLRP3.1, NLRP3.3, RELA.1, RELA.3, RELA.4, TAB2.1, TAB2.2	10
PRODB_00818	N	N	Y	Ba_AM08-20_00484	Bifidobacterium adolescentis	Protein QmcA	Y	1680.BADO_0520	5.15E-189	529	COG0330@1|root,COG0330@2|Bacteria,2GJ1U@201174|Actinobacteria,4CYTU@85004|Bifidobacteriales	201174|Actinobacteria	O	prohibitin homologues	hflK	GO:0005575,GO:0005576,GO:0005618,GO:0005623,GO:0005886,GO:0016020,GO:0030312,GO:0044464,GO:0071944	-	-	-	-	-	-	-	-	-	-	Band_7	AIM2.1, IKBKB.1, IKBKB.2, IKBKB.3, IKBKB.4, IRAK1.1, IRAK1.2, IRAK1.3, IRAK1.4, IRAK4.1, IRAK4.2, NAIP.1, NAIP.2, NFKB1.2, NFKBIA.1, NLRC4.1, NLRC4.2, NLRC4.3, NLRC4.4, NLRP1.1, NLRP1.2, NLRP1.3, NLRP1.4, NLRP1.5, NLRP12.1, NLRP12.2, NLRP12.3, NLRP12.4, NLRP12.5, NLRP12.6, NLRP12.7, NLRP3.1, NLRP3.2, NLRP3.3, NLRP3.4, NLRP3.5, NLRP3.6, NLRP6.1, NLRP6.2, RELA.1, RELA.2, RELA.3, RELA.4, TAB2.1, TAB2.2, TLR4.1, TLR4.2, TLR4.3, TRAF6.1	49
PRODB_00819	N	N	Y	Bb_D31t1_170403_D8_00580	Bifidobacterium bifidum	2,3-bisphosphoglycerate-dependent phosphoglycerate mutase	Y	702459.BBPR_1487	8.74E-195	540	COG0588@1|root,COG0588@2|Bacteria,2GK8F@201174|Actinobacteria,4CZMF@85004|Bifidobacteriales	201174|Actinobacteria	G	Catalyzes the interconversion of 2-phosphoglycerate and 3-phosphoglycerate	gpmA	GO:0003674,GO:0003824,GO:0004619,GO:0005488,GO:0005515,GO:0005575,GO:0005622,GO:0005623,GO:0005737,GO:0005829,GO:0005886,GO:0005975,GO:0005996,GO:0006006,GO:0006082,GO:0006090,GO:0006091,GO:0006094,GO:0006096,GO:0006109,GO:0006139,GO:0006140,GO:0006163,GO:0006164,GO:0006165,GO:0006725,GO:0006732,GO:0006733,GO:0006753,GO:0006754,GO:0006757,GO:0006793,GO:0006796,GO:0006807,GO:0008150,GO:0008152,GO:0009056,GO:0009058,GO:0009108,GO:0009117,GO:0009123,GO:0009124,GO:0009126,GO:0009127,GO:0009132,GO:0009135,GO:0009141,GO:0009142,GO:0009144,GO:0009145,GO:0009150,GO:0009152,GO:0009156,GO:0009161,GO:0009165,GO:0009166,GO:0009167,GO:0009168,GO:0009179,GO:0009185,GO:0009199,GO:0009201,GO:0009205,GO:0009206,GO:0009259,GO:0009260,GO:0009894,GO:0009987,GO:0010675,GO:0016020,GO:0016043,GO:0016051,GO:0016052,GO:0016053,GO:0016310,GO:0016853,GO:0016866,GO:0016868,GO:0017144,GO:0018130,GO:0019219,GO:0019220,GO:0019222,GO:0019318,GO:0019319,GO:0019359,GO:0019362,GO:0019363,GO:0019438,GO:0019439,GO:0019637,GO:0019693,GO:0019752,GO:0022607,GO:0031323,GO:0031329,GO:0032787,GO:0032991,GO:0034248,GO:0034404,GO:0034641,GO:0034654,GO:0034655,GO:0042802,GO:0042866,GO:0043436,GO:0043455,GO:0043456,GO:0043470,GO:0043471,GO:0043933,GO:0044085,GO:0044237,GO:0044238,GO:0044248,GO:0044249,GO:0044270,GO:0044271,GO:0044281,GO:0044283,GO:0044424,GO:0044444,GO:0044464,GO:0046031,GO:0046034,GO:0046364,GO:0046390,GO:0046394,GO:0046434,GO:0046483,GO:0046496,GO:0046538,GO:0046700,GO:0046939,GO:0050789,GO:0050794,GO:0051171,GO:0051174,GO:0051186,GO:0051188,GO:0051193,GO:0051196,GO:0051259,GO:0051260,GO:0051262,GO:0051289,GO:0055086,GO:0060255,GO:0062012,GO:0065003,GO:0065007,GO:0071704,GO:0071840,GO:0071944,GO:0072330,GO:0072521,GO:0072522,GO:0072524,GO:0072525,GO:0080090,GO:0090407,GO:1901135,GO:1901137,GO:1901292,GO:1901293,GO:1901360,GO:1901361,GO:1901362,GO:1901564,GO:1901566,GO:1901575,GO:1901576,GO:1902031	5.4.2.11	ko:K01834	ko00010,ko00260,ko00680,ko01100,ko01110,ko01120,ko01130,ko01200,ko01230,ko04922,ko05230,map00010,map00260,map00680,map01100,map01110,map01120,map01130,map01200,map01230,map04922,map05230	M00001,M00002,M00003	R01518	RC00536	ko00000,ko00001,ko00002,ko01000,ko04131,ko04147	-	-	-	His_Phos_1	AIM2.1, IRAK1.1, IRAK1.2, IRAK1.3, IRAK1.4, IRAK4.1, NFKB1.2, NFKBIA.1, NLRC4.3, NLRC4.4, NLRP1.1, NLRP1.2, NLRP1.4, NLRP12.5, NLRP3.1, NLRP3.2, NLRP3.3, NLRP3.4, NLRP3.5, NLRP3.6, RELA.1, RELA.2, RELA.3, RELA.4, TAB2.1, TAB2.2, TLR4.3	27
PRODB_00820	N	N	Y	Bb_1025st1_A12_1025SCRN_200924_01766	Bifidobacterium bifidum	Aspartokinase	Y	398513.BBNG_01357	6.30E-174	486	COG0527@1|root,COG0527@2|Bacteria,2GN0G@201174|Actinobacteria,4CYSD@85004|Bifidobacteriales	201174|Actinobacteria	E	Amino acid kinase family	ask	GO:0003674,GO:0003824,GO:0004072,GO:0005575,GO:0005618,GO:0005622,GO:0005623,GO:0005737,GO:0005886,GO:0006082,GO:0006520,GO:0006553,GO:0006793,GO:0006796,GO:0006807,GO:0008150,GO:0008152,GO:0008652,GO:0009058,GO:0009066,GO:0009067,GO:0009085,GO:0009089,GO:0009987,GO:0016020,GO:0016053,GO:0016301,GO:0016310,GO:0016740,GO:0016772,GO:0016774,GO:0019202,GO:0019752,GO:0019877,GO:0030312,GO:0040007,GO:0043436,GO:0043648,GO:0043650,GO:0044237,GO:0044238,GO:0044249,GO:0044281,GO:0044283,GO:0044424,GO:0044464,GO:0046394,GO:0046451,GO:0071704,GO:0071944,GO:1901564,GO:1901566,GO:1901576,GO:1901605,GO:1901607	2.7.2.4	ko:K00928	ko00260,ko00261,ko00270,ko00300,ko01100,ko01110,ko01120,ko01130,ko01210,ko01230,map00260,map00261,map00270,map00300,map01100,map01110,map01120,map01130,map01210,map01230	M00016,M00017,M00018,M00033,M00525,M00526,M00527	R00480	RC00002,RC00043	ko00000,ko00001,ko00002,ko01000	-	-	-	AA_kinase,ACT,ACT_7	AIM2.1, NFKB1.2, NLRC4.4, TAB2.2, TLR4.3	5
PRODB_00821	N	N	Y	Ba_1001271B_150615_A4_00925	Bifidobacterium adolescentis	Xanthine phosphoribosyltransferase	Y	1680.BADO_0737	2.93E-157	441	COG0503@1|root,COG0503@2|Bacteria,2GJ3S@201174|Actinobacteria,4CYSZ@85004|Bifidobacteriales	201174|Actinobacteria	F	Converts the preformed base xanthine, a product of nucleic acid breakdown, to xanthosine 5'-monophosphate (XMP), so it can be reused for RNA or DNA synthesis	xpt	-	2.4.2.22	ko:K03816	ko00230,ko01100,ko01110,map00230,map01100,map01110	-	R01229,R02142	RC00063,RC00122	ko00000,ko00001,ko01000	-	-	-	Pribosyltran	AIM2.1, IKBKB.3, IKBKB.4, IRAK1.1, IRAK1.2, IRAK1.3, IRAK1.4, IRAK4.1, IRAK4.2, NAIP.1, NAIP.2, NFKB1.2, NFKBIA.1, NLRC4.1, NLRC4.2, NLRC4.3, NLRC4.4, NLRP1.1, NLRP1.2, NLRP1.3, NLRP1.4, NLRP1.5, NLRP12.1, NLRP12.2, NLRP12.3, NLRP12.4, NLRP12.5, NLRP12.6, NLRP12.7, NLRP3.1, NLRP3.2, NLRP3.3, NLRP3.4, NLRP3.5, NLRP3.6, NLRP6.1, NLRP6.2, RELA.1, RELA.2, RELA.3, RELA.4, TAB2.1, TAB2.2, TLR4.1, TLR4.2, TLR4.3, TRAF6.1	47
PRODB_00822	N	N	Y	Bb_SDS-1440-OWr_01292	Bifidobacterium bifidum	Endoribonuclease YbeY	Y	326426.Bbr_0918	5.43E-133	376	COG0319@1|root,COG0319@2|Bacteria,2GMUF@201174|Actinobacteria,4CZJF@85004|Bifidobacteriales	201174|Actinobacteria	S	Single strand-specific metallo-endoribonuclease involved in late-stage 70S ribosome quality control and in maturation of the 3' terminus of the 16S rRNA	ybeY	-	-	ko:K07042	-	-	-	-	ko00000,ko03009	-	-	-	UPF0054	AIM2.1, IKBKB.3, IKBKB.4, IRAK1.1, IRAK1.2, IRAK1.3, IRAK1.4, IRAK4.1, IRAK4.2, NAIP.1, NAIP.2, NFKB1.2, NFKBIA.1, NLRC4.1, NLRC4.2, NLRC4.3, NLRC4.4, NLRP1.1, NLRP1.2, NLRP1.3, NLRP1.4, NLRP1.5, NLRP12.1, NLRP12.2, NLRP12.3, NLRP12.4, NLRP12.5, NLRP12.6, NLRP12.7, NLRP3.1, NLRP3.2, NLRP3.3, NLRP3.4, NLRP3.5, NLRP3.6, NLRP6.1, NLRP6.2, RELA.1, RELA.2, RELA.3, RELA.4, TAB2.1, TAB2.2, TLR4.1, TLR4.2, TLR4.3, TRAF6.1	47
PRODB_00823	N	N	Y	Bb_1025st1_A12_1025SCRN_200924_00145	Bifidobacterium bifidum	Purine nucleoside phosphoramidase	Y	398513.BBNG_00764	3.92E-76	227	COG0537@1|root,COG0537@2|Bacteria,2IHPT@201174|Actinobacteria,4D130@85004|Bifidobacteriales	201174|Actinobacteria	FG	Scavenger mRNA decapping enzyme C-term binding	hit	-	-	ko:K02503	-	-	-	-	ko00000,ko04147	-	-	-	DcpS_C,HIT	NFKB1.2, TAB2.1, TAB2.2	3
PRODB_00824	N	N	Y	Bl_1001175B_160314_B2_01864	Bifidobacterium longum	NAD(P) transhydrogenase subunit alpha part 1	Y	216816.GS08_04630	2.03E-255	703	COG3288@1|root,COG3288@2|Bacteria,2I2FZ@201174|Actinobacteria,4CZZ3@85004|Bifidobacteriales	201174|Actinobacteria	C	NAD(P) transhydrogenase subunit alpha part 1 K00324	pntA	-	1.6.1.2	ko:K00324	ko00760,ko01100,map00760,map01100	-	R00112	RC00001	ko00000,ko00001,ko01000	-	-	-	AlaDh_PNT_C,AlaDh_PNT_N,PNTB_4TM	AIM2.1, IRAK1.1, IRAK4.1, NAIP.1, NAIP.2, NFKB1.2, NLRC4.4, NLRP3.1, NLRP3.2, NLRP3.3, NLRP3.4, NLRP3.5, NLRP3.6, RELA.1, RELA.4, TAB2.1, TAB2.2, TLR4.3, TRAF6.1	19
PRODB_00825	N	N	Y	Bb_1001283st1_G4_1001283B150217_161031_00868	Bifidobacterium bifidum	50S ribosomal protein L3	Y	398513.BBNG_01540	1.10E-151	426	COG0087@1|root,COG0087@2|Bacteria,2GJXT@201174|Actinobacteria,4CYQD@85004|Bifidobacteriales	201174|Actinobacteria	J	One of the primary rRNA binding proteins, it binds directly near the 3'-end of the 23S rRNA, where it nucleates assembly of the 50S subunit	rplC	GO:0005575,GO:0005622,GO:0005623,GO:0005737,GO:0005829,GO:0005886,GO:0008150,GO:0016020,GO:0040007,GO:0044424,GO:0044444,GO:0044464,GO:0071944	-	ko:K02906	ko03010,map03010	M00178,M00179	-	-	br01610,ko00000,ko00001,ko00002,ko03011	-	-	-	Ribosomal_L3	AIM2.1, IKBKB.1, IKBKB.2, IKBKB.3, IKBKB.4, IRAK1.1, IRAK1.2, IRAK1.3, IRAK1.4, IRAK4.1, IRAK4.2, NAIP.1, NAIP.2, NFKB1.2, NFKBIA.1, NLRC4.1, NLRC4.2, NLRC4.3, NLRC4.4, NLRP1.1, NLRP1.2, NLRP1.3, NLRP1.4, NLRP1.5, NLRP12.1, NLRP12.2, NLRP12.3, NLRP12.4, NLRP12.5, NLRP12.6, NLRP12.7, NLRP3.1, NLRP3.2, NLRP3.3, NLRP3.4, NLRP3.5, NLRP3.6, NLRP6.1, NLRP6.2, RELA.1, RELA.2, RELA.3, RELA.4, TAB2.1, TAB2.2, TLR4.1, TLR4.2, TLR4.3, TRAF6.1	49
PRODB_00826	N	N	Y	Ba_AM66-51ACA_01190	Bifidobacterium adolescentis	hypothetical protein	Y	78346.BRUM_0355	0.00E+00	1699	COG0352@1|root,COG0422@1|root,COG0352@2|Bacteria,COG0422@2|Bacteria,2GJ3Y@201174|Actinobacteria,4D2W5@85004|Bifidobacteriales	201174|Actinobacteria	H	Catalyzes the synthesis of the hydroxymethylpyrimidine phosphate (HMP-P) moiety of thiamine from aminoimidazole ribotide (AIR) in a radical S-adenosyl-L-methionine (SAM)-dependent reaction	thiC	GO:0005575,GO:0005622,GO:0005623,GO:0005737,GO:0005829,GO:0005886,GO:0006725,GO:0006766,GO:0006767,GO:0006772,GO:0006790,GO:0006807,GO:0008150,GO:0008152,GO:0009058,GO:0009110,GO:0009228,GO:0009987,GO:0016020,GO:0017144,GO:0018130,GO:0019438,GO:0034641,GO:0040007,GO:0042364,GO:0042723,GO:0042724,GO:0044237,GO:0044249,GO:0044271,GO:0044272,GO:0044281,GO:0044283,GO:0044424,GO:0044444,GO:0044464,GO:0046483,GO:0071704,GO:0071944,GO:0072527,GO:0072528,GO:1901360,GO:1901362,GO:1901564,GO:1901566,GO:1901576	4.1.99.17	ko:K03147	ko00730,ko01100,map00730,map01100	M00127	R03472	RC03251,RC03252	ko00000,ko00001,ko00002,ko01000	-	-	-	ThiC-associated,ThiC_Rad_SAM	IRAK1.1, IRAK1.2, IRAK1.4, NFKB1.2, NLRP3.1, NLRP3.2, NLRP3.3, NLRP3.4, NLRP3.5, NLRP3.6, RELA.1, RELA.3, RELA.4, TAB2.2	14
PRODB_00827	N	N	Y	Bb_1001283st1_C1_1001283B150225_161107_00630	Bifidobacterium bifidum	Protein DedA	Y	702459.BBPR_1791	7.42E-162	453	COG0586@1|root,COG0586@2|Bacteria,2GKGR@201174|Actinobacteria,4CZ7Y@85004|Bifidobacteriales	201174|Actinobacteria	S	SNARE associated Golgi protein	dedA1	-	-	ko:K03975	-	-	-	-	ko00000	-	-	-	SNARE_assoc	AIM2.1, IKBKB.2, IKBKB.3, IKBKB.4, IRAK1.1, IRAK1.2, IRAK1.3, IRAK1.4, IRAK4.1, IRAK4.2, NAIP.1, NAIP.2, NFKB1.2, NFKBIA.1, NLRC4.1, NLRC4.2, NLRC4.3, NLRC4.4, NLRP1.1, NLRP1.2, NLRP1.3, NLRP1.4, NLRP1.5, NLRP12.1, NLRP12.2, NLRP12.3, NLRP12.4, NLRP12.5, NLRP12.6, NLRP12.7, NLRP3.1, NLRP3.2, NLRP3.3, NLRP3.4, NLRP3.5, NLRP3.6, NLRP6.1, NLRP6.2, RELA.1, RELA.2, RELA.3, RELA.4, TAB2.1, TAB2.2, TLR4.1, TLR4.2, TLR4.3, TRAF6.1	48
PRODB_00828	N	N	Y	Bb_BF3_01571	Bifidobacterium bifidum	hypothetical protein	Y	702459.BBPR_1540	1.78E-141	403	COG0098@1|root,COG0098@2|Bacteria,2GJW8@201174|Actinobacteria,4CZCD@85004|Bifidobacteriales	201174|Actinobacteria	J	Located at the back of the 30S subunit body where it stabilizes the conformation of the head with respect to the body	rpsE	GO:0003674,GO:0003735,GO:0005198,GO:0005575,GO:0005622,GO:0005623,GO:0005737,GO:0005829,GO:0005840,GO:0005886,GO:0006412,GO:0006518,GO:0006807,GO:0008150,GO:0008152,GO:0009058,GO:0009059,GO:0009987,GO:0010467,GO:0015935,GO:0016020,GO:0019538,GO:0022626,GO:0022627,GO:0032991,GO:0034641,GO:0034645,GO:0040007,GO:0043043,GO:0043170,GO:0043226,GO:0043228,GO:0043229,GO:0043232,GO:0043603,GO:0043604,GO:0044237,GO:0044238,GO:0044249,GO:0044260,GO:0044267,GO:0044271,GO:0044391,GO:0044422,GO:0044424,GO:0044444,GO:0044445,GO:0044446,GO:0044464,GO:0071704,GO:0071944,GO:1901564,GO:1901566,GO:1901576,GO:1990904	-	ko:K02988	ko03010,map03010	M00178,M00179	-	-	br01610,ko00000,ko00001,ko00002,ko03011	-	-	-	Ribosomal_S5,Ribosomal_S5_C	AIM2.1, IRAK1.1, IRAK1.2, NFKB1.2, NLRC4.4, NLRP3.1, NLRP3.2, NLRP3.3, NLRP3.4, NLRP3.5, NLRP3.6, TAB2.1, TAB2.2, TRAF6.1	14
PRODB_00829	N	N	Y	Bb_1001254st1_B10_1001254J_160919_00957	Bifidobacterium bifidum	30S ribosomal protein S1	Y	326426.Bbr_0753	0.00E+00	889	COG0539@1|root,COG0539@2|Bacteria,2GJAK@201174|Actinobacteria,4CZ6S@85004|Bifidobacteriales	201174|Actinobacteria	J	Ribosomal protein S1	rpsA	GO:0005575,GO:0005618,GO:0005622,GO:0005623,GO:0005737,GO:0005829,GO:0005886,GO:0008150,GO:0016020,GO:0030312,GO:0040007,GO:0044424,GO:0044444,GO:0044464,GO:0071944	-	ko:K02945	ko03010,map03010	M00178	-	-	br01610,ko00000,ko00001,ko00002,ko03011	-	-	-	S1	AIM2.1, IRAK1.1, IRAK1.2, IRAK1.4, IRAK4.1, NFKB1.2, NLRP3.1, NLRP3.2, NLRP3.3, NLRP3.4, NLRP3.5, NLRP3.6, RELA.1, RELA.2, RELA.3, RELA.4, TAB2.2	17
PRODB_00830	N	N	Y	Ba_AF14-56_01702	Bifidobacterium adolescentis	30S ribosomal protein S7	Y	1680.BADO_0543	1.14E-105	305	COG0049@1|root,COG0049@2|Bacteria,2GMVW@201174|Actinobacteria,4CZQJ@85004|Bifidobacteriales	201174|Actinobacteria	J	One of the primary rRNA binding proteins, it binds directly to 16S rRNA where it nucleates assembly of the head domain of the 30S subunit. Is located at the subunit interface close to the decoding center, probably blocks exit of the E-site tRNA	rpsG	GO:0000028,GO:0003674,GO:0003676,GO:0003723,GO:0003729,GO:0003735,GO:0005198,GO:0005488,GO:0005575,GO:0005618,GO:0005622,GO:0005623,GO:0005737,GO:0005829,GO:0005840,GO:0005886,GO:0006412,GO:0006518,GO:0006807,GO:0006996,GO:0008150,GO:0008152,GO:0009058,GO:0009059,GO:0009987,GO:0010467,GO:0015935,GO:0016020,GO:0016043,GO:0019538,GO:0019843,GO:0022607,GO:0022613,GO:0022618,GO:0022626,GO:0022627,GO:0030312,GO:0032991,GO:0034622,GO:0034641,GO:0034645,GO:0040007,GO:0042254,GO:0042255,GO:0042274,GO:0043043,GO:0043170,GO:0043226,GO:0043228,GO:0043229,GO:0043232,GO:0043603,GO:0043604,GO:0043933,GO:0044085,GO:0044237,GO:0044238,GO:0044249,GO:0044260,GO:0044267,GO:0044271,GO:0044391,GO:0044422,GO:0044424,GO:0044444,GO:0044445,GO:0044446,GO:0044464,GO:0065003,GO:0070925,GO:0071704,GO:0071826,GO:0071840,GO:0071944,GO:0097159,GO:1901363,GO:1901564,GO:1901566,GO:1901576,GO:1990904	-	ko:K02992	ko03010,map03010	M00178,M00179	-	-	br01610,ko00000,ko00001,ko00002,ko03011	-	-	-	Ribosomal_S7	AIM2.1, IKBKB.3, IRAK1.1, IRAK1.2, IRAK1.3, IRAK1.4, IRAK4.1, NFKB1.2, NFKBIA.1, NLRC4.2, NLRC4.3, NLRC4.4, NLRP1.1, NLRP1.2, NLRP1.3, NLRP1.4, NLRP12.1, NLRP12.2, NLRP12.3, NLRP12.4, NLRP12.5, NLRP12.6, NLRP12.7, NLRP3.1, NLRP3.2, NLRP3.3, NLRP3.4, NLRP3.5, NLRP3.6, RELA.1, RELA.2, RELA.3, RELA.4, TAB2.1, TAB2.2, TLR4.3, TRAF6.1	37
PRODB_00831	N	N	Y	Ba_AF15-3_01073	Bifidobacterium adolescentis	Histidinol-phosphate aminotransferase	Y	78346.BRUM_0326	1.77E-280	767	COG0079@1|root,COG0079@2|Bacteria,2GJ9W@201174|Actinobacteria,4CZDT@85004|Bifidobacteriales	201174|Actinobacteria	E	Belongs to the class-II pyridoxal-phosphate-dependent aminotransferase family. Histidinol-phosphate aminotransferase subfamily	hisC	GO:0005575,GO:0005618,GO:0005623,GO:0005886,GO:0008150,GO:0016020,GO:0030312,GO:0040007,GO:0044464,GO:0071944	2.6.1.9	ko:K00817	ko00340,ko00350,ko00360,ko00400,ko00401,ko00960,ko01100,ko01110,ko01130,ko01230,map00340,map00350,map00360,map00400,map00401,map00960,map01100,map01110,map01130,map01230	M00026	R00694,R00734,R03243	RC00006,RC00888	ko00000,ko00001,ko00002,ko01000,ko01007	-	-	-	Aminotran_1_2	AIM2.1, NFKB1.2, NLRC4.4, NLRP3.1, NLRP3.2, NLRP3.3, NLRP3.4, NLRP3.5, NLRP3.6, TAB2.1, TAB2.2	11
PRODB_00832	N	N	Y	Bb_Bifidobacterium_breve_JG_Bg463_00791	Bifidobacterium bifidum	2-isopropylmalate synthase	Y	326426.Bbr_0175	0.00E+00	1253	COG0119@1|root,COG0119@2|Bacteria,2GISX@201174|Actinobacteria,4CZYW@85004|Bifidobacteriales	201174|Actinobacteria	E	Catalyzes the condensation of the acetyl group of acetyl-CoA with 3-methyl-2-oxobutanoate (2-oxoisovalerate) to form 3-carboxy-3-hydroxy-4-methylpentanoate (2-isopropylmalate)	leuA	GO:0000287,GO:0003674,GO:0003824,GO:0003852,GO:0005488,GO:0005575,GO:0005576,GO:0005623,GO:0005886,GO:0006082,GO:0006520,GO:0006551,GO:0006807,GO:0008150,GO:0008152,GO:0008270,GO:0008652,GO:0009058,GO:0009081,GO:0009082,GO:0009098,GO:0009987,GO:0016020,GO:0016053,GO:0016740,GO:0016746,GO:0019752,GO:0030145,GO:0030955,GO:0031420,GO:0040007,GO:0043167,GO:0043169,GO:0043436,GO:0044237,GO:0044238,GO:0044249,GO:0044281,GO:0044283,GO:0044464,GO:0046394,GO:0046872,GO:0046912,GO:0046914,GO:0071704,GO:0071944,GO:1901564,GO:1901566,GO:1901576,GO:1901605,GO:1901607	2.3.3.13	ko:K01649	ko00290,ko00620,ko01100,ko01110,ko01210,ko01230,map00290,map00620,map01100,map01110,map01210,map01230	M00432	R01213	RC00004,RC00470,RC02754	br01601,ko00000,ko00001,ko00002,ko01000	-	-	-	HMGL-like,LeuA_dimer		0
PRODB_00833	N	N	Y	Ba_150_00576	Bifidobacterium adolescentis	2,3,4,5-tetrahydropyridine-2,6-dicarboxylate N-succinyltransferase	Y	1680.BADO_0477	3.43E-216	599	COG2171@1|root,COG2171@2|Bacteria,2GIZ9@201174|Actinobacteria,4CYVT@85004|Bifidobacteriales	201174|Actinobacteria	E	Catalyzes the conversion of the cyclic tetrahydrodipicolinate (THDP) into the acyclic N-succinyl-L-2- amino-6-oxopimelate using succinyl-CoA	dapD	GO:0000287,GO:0003674,GO:0003824,GO:0005488,GO:0005575,GO:0005618,GO:0005623,GO:0005886,GO:0008150,GO:0008666,GO:0016020,GO:0016410,GO:0016740,GO:0016746,GO:0016747,GO:0016748,GO:0016749,GO:0030312,GO:0031402,GO:0031420,GO:0040007,GO:0043167,GO:0043169,GO:0044464,GO:0046872,GO:0048037,GO:0050662,GO:0071944	2.3.1.117	ko:K00674	ko00300,ko01100,ko01120,ko01230,map00300,map01100,map01120,map01230	M00016	R04365	RC00004,RC01136	ko00000,ko00001,ko00002,ko01000	-	-	iNJ661.Rv1201c	Hexapep_2,THDPS_M	IRAK4.1, NFKB1.2, NLRC4.4, NLRP3.1, NLRP3.2, NLRP3.3, NLRP3.4, NLRP3.5, NLRP3.6, TAB2.1, TAB2.2, TLR4.3	12
PRODB_00834	N	N	Y	Ba_150_00678	Bifidobacterium adolescentis	Alkaline phosphatase synthesis transcriptional regulatory protein PhoP	Y	1680.BADO_0710	7.09E-164	459	COG0745@1|root,COG0745@2|Bacteria,2GJE6@201174|Actinobacteria,4CZS5@85004|Bifidobacteriales	201174|Actinobacteria	T	Response regulator receiver domain protein	cseB	-	-	-	-	-	-	-	-	-	-	-	Response_reg,Trans_reg_C	AIM2.1, IRAK1.1, IRAK1.2, IRAK1.3, NFKB1.2, NLRC4.4, NLRP3.1, NLRP3.3, NLRP3.5	9
PRODB_00835	N	N	Y	Bb_DRBB28_00781	Bifidobacterium bifidum	Carbamoyl-phosphate synthase large chain	Y	326426.Bbr_0634	0.00E+00	2209	COG0458@1|root,COG0458@2|Bacteria,2GK5N@201174|Actinobacteria,4CZJ4@85004|Bifidobacteriales	201174|Actinobacteria	EF	Carbamoyl-phosphate synthetase large chain, oligomerisation domain	carB	-	6.3.5.5	ko:K01955	ko00240,ko00250,ko01100,map00240,map00250,map01100	M00051	R00256,R00575,R01395,R10948,R10949	RC00002,RC00010,RC00043,RC02750,RC02798,RC03314	ko00000,ko00001,ko00002,ko01000	-	-	-	CPSase_L_D2,CPSase_L_D3,MGS	NFKB1.2, NLRC4.4, NLRP3.1, NLRP3.3, NLRP3.5, NLRP3.6, TAB2.2	7
PRODB_00836	N	N	Y	Bl_CCRB11847_00750	Bifidobacterium longum	Phospho-2-dehydro-3-deoxyheptonate aldolase, Phe-sensitive	Y	216816.GS08_01770	2.23E-293	801	COG0722@1|root,COG0722@2|Bacteria,2GMVF@201174|Actinobacteria,4CZ7I@85004|Bifidobacteriales	201174|Actinobacteria	E	Stereospecific condensation of phosphoenolpyruvate (PEP) and D-erythrose-4-phosphate (E4P) giving rise to 3-deoxy-D- arabino-heptulosonate-7-phosphate (DAHP)	aroG	-	2.5.1.54	ko:K01626	ko00400,ko01100,ko01110,ko01130,ko01230,ko02024,map00400,map01100,map01110,map01130,map01230,map02024	M00022	R01826	RC00435	ko00000,ko00001,ko00002,ko01000	-	-	-	DAHP_synth_1	AIM2.1, IRAK1.1, IRAK1.2, IRAK1.3, IRAK1.4, IRAK4.1, NAIP.1, NAIP.2, NFKB1.2, NFKBIA.1, NLRC4.3, NLRC4.4, NLRP12.5, NLRP3.1, NLRP3.2, NLRP3.3, NLRP3.4, NLRP3.5, NLRP3.6, RELA.1, RELA.2, RELA.3, RELA.4, TAB2.1, TAB2.2, TLR4.3	26
PRODB_00837	N	N	Y	Bb_BIOML-A5_dup_7JHAX_00243	Bifidobacterium bifidum	Dihydroxy-acid dehydratase	Y	702459.BBPR_0623	0.00E+00	1215	COG0129@1|root,COG0129@2|Bacteria,2GJIJ@201174|Actinobacteria,4CZ1T@85004|Bifidobacteriales	201174|Actinobacteria	H	Belongs to the IlvD Edd family	ilvD	-	4.2.1.9	ko:K01687	ko00290,ko00770,ko01100,ko01110,ko01130,ko01210,ko01230,map00290,map00770,map01100,map01110,map01130,map01210,map01230	M00019,M00570	R01209,R04441,R05070	RC00468,RC01714	ko00000,ko00001,ko00002,ko01000	-	-	-	ILVD_EDD	AIM2.1, IRAK1.1, IRAK1.2, IRAK1.3, IRAK1.4, NFKB1.2, NLRC4.4, NLRP12.5, NLRP3.1, NLRP3.2, NLRP3.3, NLRP3.5, NLRP3.6, RELA.4, TAB2.1, TAB2.2, TLR4.3	17
PRODB_00838	N	N	Y	Ba_AF102-65_00910	Bifidobacterium adolescentis	Glutamate synthase [NADPH] small chain	Y	1680.BADO_0797	0.00E+00	1037	COG0493@1|root,COG0493@2|Bacteria,2GJ0A@201174|Actinobacteria,4CZ7B@85004|Bifidobacteriales	201174|Actinobacteria	C	Dihydroprymidine dehydrogenase domain II, 4Fe-4S cluster	gltD	GO:0005575,GO:0005622,GO:0005623,GO:0005737,GO:0005829,GO:0005886,GO:0008150,GO:0016020,GO:0040007,GO:0044424,GO:0044444,GO:0044464,GO:0071944	1.4.1.13,1.4.1.14	ko:K00266	ko00250,ko00910,ko01100,ko01110,ko01120,ko01130,ko01230,map00250,map00910,map01100,map01110,map01120,map01130,map01230	-	R00093,R00114,R00248	RC00006,RC00010,RC02799	ko00000,ko00001,ko01000	-	-	iNJ661.Rv3858c	Fer4_20,Pyr_redox_2	AIM2.1, IRAK1.2, NAIP.1, NFKB1.2, NLRC4.3, NLRC4.4, NLRP3.1, NLRP3.3, NLRP3.4, NLRP3.5, NLRP3.6, RELA.1, RELA.2, RELA.3, RELA.4, TAB2.2, TLR4.3	17
PRODB_00839	N	N	Y	Ba_AF91-02b2A_01459	Bifidobacterium adolescentis	50S ribosomal protein L10	Y	1680.BADO_0292	4.16E-114	328	COG0244@1|root,COG0244@2|Bacteria,2GM0V@201174|Actinobacteria,4CZFP@85004|Bifidobacteriales	201174|Actinobacteria	J	Forms part of the ribosomal stalk, playing a central role in the interaction of the ribosome with GTP-bound translation factors	rplJ	GO:0003674,GO:0003735,GO:0005198,GO:0005575,GO:0005618,GO:0005622,GO:0005623,GO:0005737,GO:0005829,GO:0005840,GO:0005886,GO:0006412,GO:0006518,GO:0006807,GO:0008150,GO:0008152,GO:0009058,GO:0009059,GO:0009987,GO:0010467,GO:0015934,GO:0016020,GO:0019538,GO:0022625,GO:0022626,GO:0030312,GO:0032991,GO:0034641,GO:0034645,GO:0040007,GO:0043043,GO:0043170,GO:0043226,GO:0043228,GO:0043229,GO:0043232,GO:0043603,GO:0043604,GO:0044237,GO:0044238,GO:0044249,GO:0044260,GO:0044267,GO:0044271,GO:0044391,GO:0044422,GO:0044424,GO:0044444,GO:0044445,GO:0044446,GO:0044464,GO:0071704,GO:0071944,GO:1901564,GO:1901566,GO:1901576,GO:1990904	-	ko:K02864	ko03010,map03010	M00178,M00179	-	-	br01610,ko00000,ko00001,ko00002,ko03011	-	-	-	Ribosomal_L10	AIM2.1, IRAK1.1, IRAK1.2, IRAK1.3, IRAK1.4, IRAK4.1, NAIP.2, NFKB1.2, NLRC4.3, NLRC4.4, NLRP3.1, NLRP3.2, NLRP3.3, NLRP3.4, NLRP3.5, NLRP3.6, TAB2.1, TAB2.2	18
PRODB_00840	N	N	Y	Bb_FAHWH21M7_00990	Bifidobacterium bifidum	50S ribosomal protein L13	Y	326426.Bbr_1649	4.11E-102	296	COG0102@1|root,COG0102@2|Bacteria,2IFG1@201174|Actinobacteria,4D0PV@85004|Bifidobacteriales	201174|Actinobacteria	J	This protein is one of the early assembly proteins of the 50S ribosomal subunit, although it is not seen to bind rRNA by itself. It is important during the early stages of 50S assembly	rplM	GO:0003674,GO:0003676,GO:0003723,GO:0003729,GO:0003735,GO:0005198,GO:0005488,GO:0005575,GO:0005618,GO:0005622,GO:0005623,GO:0005737,GO:0005829,GO:0005840,GO:0005886,GO:0006412,GO:0006518,GO:0006807,GO:0008150,GO:0008152,GO:0009058,GO:0009059,GO:0009987,GO:0010467,GO:0015934,GO:0016020,GO:0019538,GO:0022625,GO:0022626,GO:0030312,GO:0032991,GO:0034641,GO:0034645,GO:0040007,GO:0043043,GO:0043170,GO:0043226,GO:0043228,GO:0043229,GO:0043232,GO:0043603,GO:0043604,GO:0044237,GO:0044238,GO:0044249,GO:0044260,GO:0044267,GO:0044271,GO:0044391,GO:0044422,GO:0044424,GO:0044444,GO:0044445,GO:0044446,GO:0044464,GO:0071704,GO:0071944,GO:0097159,GO:1901363,GO:1901564,GO:1901566,GO:1901576,GO:1990904	-	ko:K02871	ko03010,map03010	M00178,M00179	-	-	br01610,ko00000,ko00001,ko00002,ko03011	-	-	-	Ribosomal_L13	AIM2.1, IKBKB.3, IRAK1.1, IRAK1.2, IRAK1.3, IRAK1.4, IRAK4.1, IRAK4.2, NAIP.1, NAIP.2, NFKB1.2, NFKBIA.1, NLRC4.1, NLRC4.2, NLRC4.3, NLRC4.4, NLRP1.1, NLRP1.2, NLRP1.3, NLRP1.4, NLRP1.5, NLRP12.1, NLRP12.2, NLRP12.3, NLRP12.4, NLRP12.5, NLRP12.6, NLRP12.7, NLRP3.1, NLRP3.2, NLRP3.3, NLRP3.4, NLRP3.5, NLRP3.6, NLRP6.1, NLRP6.2, RELA.1, RELA.2, RELA.3, RELA.4, TAB2.1, TAB2.2, TLR4.1, TLR4.2, TLR4.3, TRAF6.1	46
PRODB_00841	N	N	Y	Bb_DRBB28_01245	Bifidobacterium bifidum	hypothetical protein	Y	326426.Bbr_1026	0.00E+00	1216	COG2378@1|root,COG2378@2|Bacteria,2I8M5@201174|Actinobacteria,4CZWF@85004|Bifidobacteriales	201174|Actinobacteria	K	WYL domain	-	-	-	-	-	-	-	-	-	-	-	-	WYL	IRAK4.1, NFKB1.2, NLRC4.4, TAB2.1, TAB2.2	5
PRODB_00842	N	N	Y	Bl_KCTC_3421_00171	Bifidobacterium longum	Amidophosphoribosyltransferase	Y	216816.GS08_02955	0.00E+00	994	COG0034@1|root,COG0034@2|Bacteria,2GK6I@201174|Actinobacteria,4CZ89@85004|Bifidobacteriales	201174|Actinobacteria	F	Catalyzes the formation of phosphoribosylamine from phosphoribosylpyrophosphate (PRPP) and glutamine	purF	GO:0008150,GO:0040007	2.4.2.14	ko:K00764	ko00230,ko00250,ko01100,ko01110,ko01130,map00230,map00250,map01100,map01110,map01130	M00048	R01072	RC00010,RC02724,RC02752	ko00000,ko00001,ko00002,ko01000,ko01002	-	-	-	GATase_6,GATase_7,Pribosyltran	NFKB1.2, NLRP3.1, NLRP3.3, NLRP3.5, NLRP3.6	5
PRODB_00843	N	N	Y	Ba_2227st2_E5_2227SCRN_220401_01061	Bifidobacterium adolescentis	50S ribosomal protein L29	Y	1435051.BMOU_1714	7.93E-50	158	COG0255@1|root,COG0255@2|Bacteria,2IQ6V@201174|Actinobacteria,4D181@85004|Bifidobacteriales	201174|Actinobacteria	J	Belongs to the universal ribosomal protein uL29 family	rpmC	GO:0005575,GO:0005622,GO:0005623,GO:0005737,GO:0005829,GO:0005840,GO:0008150,GO:0015934,GO:0022625,GO:0022626,GO:0032991,GO:0040007,GO:0043226,GO:0043228,GO:0043229,GO:0043232,GO:0044391,GO:0044422,GO:0044424,GO:0044444,GO:0044445,GO:0044446,GO:0044464,GO:1990904	-	ko:K02904	ko03010,map03010	M00178,M00179	-	-	br01610,ko00000,ko00001,ko00002,ko03011	-	-	-	Ribosomal_L29	AIM2.1, IKBKB.1, IKBKB.2, IKBKB.3, IKBKB.4, IRAK1.1, IRAK1.2, IRAK1.3, IRAK1.4, IRAK4.1, IRAK4.2, NAIP.1, NAIP.2, NFKB1.2, NFKBIA.1, NLRC4.1, NLRC4.2, NLRC4.3, NLRC4.4, NLRP1.1, NLRP1.2, NLRP1.3, NLRP1.4, NLRP1.5, NLRP12.1, NLRP12.2, NLRP12.3, NLRP12.4, NLRP12.5, NLRP12.6, NLRP12.7, NLRP3.1, NLRP3.2, NLRP3.3, NLRP3.4, NLRP3.5, NLRP3.6, NLRP6.1, NLRP6.2, RELA.1, RELA.2, RELA.3, RELA.4, TAB2.1, TAB2.2, TLR4.1, TLR4.2, TLR4.3, TRAF6.1	49
PRODB_00844	N	N	Y	Bb_7E_01527	Bifidobacterium bifidum	hypothetical protein	Y	326426.Bbr_0896	9.88E-76	228	COG4768@1|root,COG4768@2|Bacteria,2II1J@201174|Actinobacteria,4D0VH@85004|Bifidobacteriales	201174|Actinobacteria	S	Bacterial protein of unknown function (DUF948)	-	-	-	-	-	-	-	-	-	-	-	-	DUF948	AIM2.1, IRAK1.1, IRAK1.2, IRAK1.3, IRAK1.4, IRAK4.1, IRAK4.2, NFKB1.2, NLRC4.3, NLRC4.4, NLRP1.1, NLRP1.2, NLRP1.3, NLRP1.4, NLRP12.2, NLRP12.4, NLRP12.5, NLRP3.1, NLRP3.2, NLRP3.3, NLRP3.4, NLRP3.5, NLRP3.6, RELA.1, RELA.2, RELA.3, RELA.4, TAB2.1, TAB2.2, TLR4.3, TRAF6.1	31
PRODB_00845	N	N	Y	Bl_C11A10B_00082	Bifidobacterium longum	Queuine tRNA-ribosyltransferase	Y	216816.GS08_00435	0.00E+00	894	COG0343@1|root,COG0343@2|Bacteria,2GMWY@201174|Actinobacteria,4CZNX@85004|Bifidobacteriales	201174|Actinobacteria	F	Catalyzes the base-exchange of a guanine (G) residue with the queuine precursor 7-aminomethyl-7-deazaguanine (PreQ1) at position 34 (anticodon wobble position) in tRNAs with GU(N) anticodons (tRNA-Asp, -Asn, -His and -Tyr). Catalysis occurs through a double-displacement mechanism. The nucleophile active site attacks the C1' of nucleotide 34 to detach the guanine base from the RNA, forming a covalent enzyme-RNA intermediate. The proton acceptor active site deprotonates the incoming PreQ1, allowing a nucleophilic attack on the C1' of the ribose to form the product. After dissociation, two additional enzymatic reactions on the tRNA convert PreQ1 to queuine (Q), resulting in the hypermodified nucleoside queuosine (7-(((4,5-cis-dihydroxy-2- cyclopenten-1-yl)amino)methyl)-7-deazaguanosine)	tgt	-	2.4.2.29	ko:K00773	-	-	R03789,R10209	RC00063	ko00000,ko01000,ko03016	-	-	-	TGT	NFKB1.2, NLRP3.1, TAB2.1, TAB2.2	4
PRODB_00846	N	N	Y	Bb_12-4_00544	Bifidobacterium bifidum	Phosphate-specific transport system accessory protein PhoU	Y	326426.Bbr_1573	5.18E-149	420	COG0704@1|root,COG0704@2|Bacteria,2GKAD@201174|Actinobacteria,4CZ9B@85004|Bifidobacteriales	201174|Actinobacteria	P	Plays a role in the regulation of phosphate uptake	phoU	GO:0003674,GO:0005488,GO:0005515,GO:0005575,GO:0005622,GO:0005623,GO:0005737,GO:0005829,GO:0005886,GO:0008150,GO:0009892,GO:0010563,GO:0010966,GO:0016020,GO:0019220,GO:0019222,GO:0022611,GO:0031323,GO:0031324,GO:0032502,GO:0032879,GO:0034762,GO:0034763,GO:0034765,GO:0034766,GO:0042221,GO:0042802,GO:0042803,GO:0043269,GO:0043271,GO:0044070,GO:0044424,GO:0044444,GO:0044464,GO:0045936,GO:0046677,GO:0046983,GO:0048519,GO:0048523,GO:0050789,GO:0050794,GO:0050896,GO:0051049,GO:0051051,GO:0051174,GO:0065007,GO:0071944,GO:1903792,GO:1903795,GO:1903796,GO:1903959,GO:1903960,GO:2000185,GO:2000186	-	ko:K02039	-	-	-	-	ko00000	-	-	-	PhoU	AIM2.1, IRAK1.1, IRAK1.2, IRAK1.3, IRAK1.4, IRAK4.1, IRAK4.2, NAIP.1, NAIP.2, NFKB1.2, NFKBIA.1, NLRC4.1, NLRC4.3, NLRC4.4, NLRP1.1, NLRP1.2, NLRP1.4, NLRP12.1, NLRP12.2, NLRP12.3, NLRP12.4, NLRP12.5, NLRP12.6, NLRP12.7, NLRP3.1, NLRP3.2, NLRP3.3, NLRP3.4, NLRP3.5, NLRP3.6, RELA.1, RELA.2, RELA.3, RELA.4, TAB2.1, TAB2.2, TLR4.2, TLR4.3	38
PRODB_00847	N	N	Y	Bb_1001283st1_F2_1001283B150304_161114_00362	Bifidobacterium bifidum	Imidazoleglycerol-phosphate dehydratase	Y	398513.BBNG_00445	1.26E-144	407	COG0131@1|root,COG0131@2|Bacteria,2GKMD@201174|Actinobacteria,4CZDD@85004|Bifidobacteriales	201174|Actinobacteria	E	Imidazoleglycerol-phosphate dehydratase	hisB	GO:0000105,GO:0003674,GO:0003824,GO:0004424,GO:0006082,GO:0006520,GO:0006547,GO:0006725,GO:0006807,GO:0008150,GO:0008152,GO:0008652,GO:0009058,GO:0009987,GO:0016053,GO:0016829,GO:0016835,GO:0016836,GO:0018130,GO:0019438,GO:0019752,GO:0034641,GO:0040007,GO:0043436,GO:0044237,GO:0044238,GO:0044249,GO:0044281,GO:0044283,GO:0046394,GO:0046483,GO:0052803,GO:0071704,GO:1901360,GO:1901362,GO:1901564,GO:1901566,GO:1901576,GO:1901605,GO:1901607	3.1.3.15,4.2.1.19	ko:K01089,ko:K01693	ko00340,ko01100,ko01110,ko01230,map00340,map01100,map01110,map01230	M00026	R03013,R03457	RC00017,RC00932	ko00000,ko00001,ko00002,ko01000	-	-	-	IGPD	NFKB1.2, NLRP3.1, NLRP3.3, NLRP3.5, NLRP3.6, RELA.4, TAB2.1, TAB2.2	8
PRODB_00848	N	N	Y	Bl_1001271B_150615_B4_01088	Bifidobacterium longum	Glutamyl-tRNA(Gln) amidotransferase subunit C	Y	398513.BBNG_01427	1.21E-66	203	COG0721@1|root,COG0721@2|Bacteria,2IQJN@201174|Actinobacteria,4D10U@85004|Bifidobacteriales	201174|Actinobacteria	J	Allows the formation of correctly charged Asn-tRNA(Asn) or Gln-tRNA(Gln) through the transamidation of misacylated Asp- tRNA(Asn) or Glu-tRNA(Gln) in organisms which lack either or both of asparaginyl-tRNA or glutaminyl-tRNA synthetases. The reaction takes place in the presence of glutamine and ATP through an activated phospho-Asp-tRNA(Asn) or phospho-Glu-tRNA(Gln)	gatC	GO:0005575,GO:0005618,GO:0005623,GO:0030312,GO:0044464,GO:0071944	6.3.5.6,6.3.5.7	ko:K02435	ko00970,ko01100,map00970,map01100	-	R03905,R04212	RC00010	ko00000,ko00001,ko01000,ko03029	-	-	-	Glu-tRNAGln	AIM2.1, IRAK1.1, IRAK1.2, IRAK1.3, IRAK1.4, IRAK4.1, NAIP.2, NFKB1.2, NLRC4.4, NLRP1.1, NLRP1.4, NLRP12.2, NLRP12.5, NLRP12.6, NLRP12.7, NLRP3.1, NLRP3.2, NLRP3.3, NLRP3.4, NLRP3.5, NLRP3.6, RELA.1, RELA.2, RELA.3, RELA.4, TAB2.1, TAB2.2, TLR4.3, TRAF6.1	29
PRODB_00849	N	N	Y	Bl_hadza_2614_Bf35_01978	Bifidobacterium longum	Homoserine dehydrogenase	Y	216816.GS08_09570	7.32E-293	803	COG0460@1|root,COG0460@2|Bacteria,2GIX9@201174|Actinobacteria,4CZVD@85004|Bifidobacteriales	201174|Actinobacteria	E	Homoserine dehydrogenase	hom	GO:0005575,GO:0005618,GO:0005623,GO:0005886,GO:0008150,GO:0016020,GO:0030312,GO:0040007,GO:0044464,GO:0071944	1.1.1.3,2.7.2.4	ko:K00003,ko:K12524	ko00260,ko00261,ko00270,ko00300,ko01100,ko01110,ko01120,ko01130,ko01230,map00260,map00261,map00270,map00300,map01100,map01110,map01120,map01130,map01230	M00016,M00017,M00018,M00526,M00527	R00480,R01773,R01775	RC00002,RC00043,RC00087	ko00000,ko00001,ko00002,ko01000	-	-	iNJ661.Rv1294	ACT,Homoserine_dh,NAD_binding_3	AIM2.1, IRAK1.1, IRAK1.2, IRAK1.3, IRAK1.4, IRAK4.1, NFKB1.2, NFKBIA.1, NLRC4.3, NLRC4.4, NLRP12.5, NLRP3.1, NLRP3.3, RELA.2, TAB2.1, TAB2.2, TRAF6.1	17
PRODB_00850	N	N	Y	Bl_239-2_01430	Bifidobacterium longum	hypothetical protein	Y	326426.Bbr_1670a	5.14E-42	137	COG2331@1|root,COG2331@2|Bacteria,2IQHE@201174|Actinobacteria,4D1ES@85004|Bifidobacteriales	201174|Actinobacteria	S	Putative regulatory protein	-	-	-	-	-	-	-	-	-	-	-	-	Zn-ribbon_8	AIM2.1, IRAK1.1, IRAK1.2, IRAK1.3, IRAK1.4, IRAK4.1, NAIP.2, NFKB1.2, NLRC4.4, NLRP1.1, NLRP1.4, NLRP12.5, NLRP3.1, NLRP3.2, NLRP3.3, NLRP3.4, NLRP3.5, NLRP3.6, RELA.1, RELA.2, RELA.3, RELA.4, TAB2.1, TAB2.2, TLR4.3, TRAF6.1	26
PRODB_00851	N	N	Y	Bb_NRBB04_01520	Bifidobacterium bifidum	ATP-dependent zinc metalloprotease FtsH	Y	326426.Bbr_1496	0.00E+00	1300	COG0465@1|root,COG0465@2|Bacteria,2GJ4Q@201174|Actinobacteria,4CZ6U@85004|Bifidobacteriales	201174|Actinobacteria	O	Acts as a processive, ATP-dependent zinc metallopeptidase for both cytoplasmic and membrane proteins. Plays a role in the quality control of integral membrane proteins	ftsH	GO:0003674,GO:0003824,GO:0004176,GO:0005575,GO:0005622,GO:0005623,GO:0005737,GO:0005829,GO:0005886,GO:0006508,GO:0006807,GO:0006950,GO:0006979,GO:0008150,GO:0008152,GO:0008233,GO:0008237,GO:0009056,GO:0009057,GO:0010468,GO:0016020,GO:0016462,GO:0016787,GO:0016817,GO:0016818,GO:0016887,GO:0017111,GO:0019222,GO:0019538,GO:0030163,GO:0040007,GO:0042623,GO:0043170,GO:0044238,GO:0044424,GO:0044444,GO:0044464,GO:0050789,GO:0050896,GO:0060255,GO:0065007,GO:0070011,GO:0071704,GO:0071944,GO:0140096,GO:1901564,GO:1901565,GO:1901575	-	ko:K03798	-	M00742	-	-	ko00000,ko00002,ko01000,ko01002,ko03110	-	-	-	AAA,FtsH_ext,Peptidase_M41	AIM2.1, IRAK1.1, IRAK1.2, IRAK1.3, IRAK1.4, IRAK4.1, IRAK4.2, NAIP.1, NAIP.2, NFKB1.2, NFKBIA.1, NLRC4.1, NLRC4.2, NLRC4.3, NLRC4.4, NLRP1.1, NLRP1.2, NLRP1.3, NLRP1.4, NLRP1.5, NLRP12.1, NLRP12.2, NLRP12.3, NLRP12.4, NLRP12.5, NLRP12.6, NLRP12.7, NLRP3.1, NLRP3.2, NLRP3.3, NLRP3.4, NLRP3.5, NLRP3.6, RELA.1, RELA.2, RELA.3, RELA.4, TAB2.1, TAB2.2, TLR4.1, TLR4.2, TLR4.3, TRAF6.1	43
PRODB_00852	N	N	Y	Bb_91-1_00290	Bifidobacterium bifidum	hypothetical protein	Y	326426.Bbr_1304	0.00E+00	858	COG0042@1|root,COG0042@2|Bacteria,2GJ8I@201174|Actinobacteria,4CZFD@85004|Bifidobacteriales	201174|Actinobacteria	J	Catalyzes the synthesis of 5,6-dihydrouridine (D), a modified base found in the D-loop of most tRNAs, via the reduction of the C5-C6 double bond in target uridines	dus	GO:0008150,GO:0010565,GO:0019216,GO:0019217,GO:0019222,GO:0031323,GO:0050789,GO:0050794,GO:0062012,GO:0065007,GO:0080090	-	-	-	-	-	-	-	-	-	-	Dus	AIM2.1, NFKB1.2, NLRC4.3, NLRC4.4, NLRP3.1, NLRP3.2, NLRP3.3, NLRP3.4, NLRP3.5, NLRP3.6	10
PRODB_00853	N	N	Y	Ba_1001713B170214_170313_A6_01176	Bifidobacterium adolescentis	30S ribosomal protein S15	Y	1435051.BMOU_1646	4.12E-56	174	COG0184@1|root,COG0184@2|Bacteria,2IQA0@201174|Actinobacteria,4D10E@85004|Bifidobacteriales	201174|Actinobacteria	J	Forms an intersubunit bridge (bridge B4) with the 23S rRNA of the 50S subunit in the ribosome	rpsO	GO:0005575,GO:0005622,GO:0005623,GO:0005737,GO:0005829,GO:0005840,GO:0005886,GO:0015935,GO:0016020,GO:0022626,GO:0022627,GO:0032991,GO:0043226,GO:0043228,GO:0043229,GO:0043232,GO:0044391,GO:0044422,GO:0044424,GO:0044444,GO:0044445,GO:0044446,GO:0044464,GO:0071944,GO:1990904	-	ko:K02956	ko03010,map03010	M00178,M00179	-	-	br01610,ko00000,ko00001,ko00002,ko03011	-	-	-	Ribosomal_S15	AIM2.1, IRAK1.1, IRAK1.2, NFKB1.2, NLRC4.4, TAB2.1, TAB2.2	7
PRODB_00854	N	N	Y	Bb_AM18-29_01739	Bifidobacterium bifidum	Transcription-repair-coupling factor	Y	702459.BBPR_0708	0.00E+00	2318	COG1197@1|root,COG1197@2|Bacteria,2GJ42@201174|Actinobacteria,4CZ8X@85004|Bifidobacteriales	201174|Actinobacteria	L	Couples transcription and DNA repair by recognizing RNA polymerase (RNAP) stalled at DNA lesions. Mediates ATP-dependent release of RNAP and its truncated transcript from the DNA, and recruitment of nucleotide excision repair machinery to the damaged site	mfd	GO:0005575,GO:0005622,GO:0005623,GO:0005737,GO:0005829,GO:0005886,GO:0016020,GO:0044424,GO:0044444,GO:0044464,GO:0071944	-	ko:K03723	ko03420,map03420	-	-	-	ko00000,ko00001,ko01000,ko03400	-	-	-	CarD_CdnL_TRCF,DEAD,Helicase_C,TRCF	AIM2.1, IRAK1.1, IRAK1.2, IRAK1.3, IRAK1.4, IRAK4.1, NFKB1.2, NFKBIA.1, NLRC4.3, NLRC4.4, NLRP3.1, NLRP3.2, NLRP3.3, NLRP3.4, NLRP3.5, NLRP3.6, RELA.1, RELA.2, TAB2.1, TAB2.2	20
PRODB_00855	N	N	Y	Bb_139W423_00297	Bifidobacterium bifidum	Glycerol facilitator-aquaporin gla	Y	326426.Bbr_0267	2.68E-170	476	COG0580@1|root,COG0580@2|Bacteria,2GKK3@201174|Actinobacteria,4CZ7F@85004|Bifidobacteriales	201174|Actinobacteria	U	Belongs to the MIP aquaporin (TC 1.A.8) family	glpF	-	-	ko:K02440	-	-	-	-	ko00000,ko02000	1.A.8.1,1.A.8.2	-	-	MIP	AIM2.1, IRAK1.1, IRAK1.2, IRAK1.3, IRAK1.4, IRAK4.1, NAIP.1, NAIP.2, NFKB1.2, NLRP1.1, NLRP1.4, NLRP3.1, NLRP3.2, NLRP3.3, NLRP3.4, NLRP3.5, NLRP3.6, RELA.1, RELA.3, RELA.4, TAB2.1, TAB2.2	22
PRODB_00856	N	N	Y	Bb_139W423_00329	Bifidobacterium bifidum	putative manganese efflux pump MntP	Y	326426.Bbr_0294	6.72E-127	362	COG1971@1|root,COG1971@2|Bacteria,2GNBU@201174|Actinobacteria,4D01X@85004|Bifidobacteriales	201174|Actinobacteria	P	Probably functions as a manganese efflux pump	mntP	-	-	-	-	-	-	-	-	-	-	-	Mntp	AIM2.1, IRAK1.1, IRAK1.2, IRAK1.3, IRAK1.4, IRAK4.1, NAIP.1, NFKB1.2, NLRC4.2, NLRC4.3, NLRC4.4, NLRP1.1, NLRP1.2, NLRP1.3, NLRP1.4, NLRP12.5, NLRP3.1, NLRP3.2, NLRP3.3, NLRP3.4, NLRP3.5, NLRP3.6, RELA.1, RELA.2, RELA.3, RELA.4, TAB2.1, TAB2.2, TRAF6.1	29
PRODB_00857	N	N	Y	Bb_S17_00895	Bifidobacterium bifidum	Glutamate synthase [NADPH] large chain	Y	398513.BBNG_00784	0.00E+00	2977	COG0067@1|root,COG0069@1|root,COG0070@1|root,COG0067@2|Bacteria,COG0069@2|Bacteria,COG0070@2|Bacteria,2GN09@201174|Actinobacteria,4CZB8@85004|Bifidobacteriales	201174|Actinobacteria	E	glutamate synthase NADPH large subunit	gltB	GO:0003674,GO:0003824,GO:0005575,GO:0005622,GO:0005623,GO:0005737,GO:0005829,GO:0005886,GO:0006082,GO:0006520,GO:0006536,GO:0006537,GO:0006541,GO:0006807,GO:0008150,GO:0008152,GO:0008652,GO:0009058,GO:0009064,GO:0009084,GO:0009987,GO:0015930,GO:0016020,GO:0016053,GO:0016491,GO:0016638,GO:0019676,GO:0019740,GO:0019752,GO:0040007,GO:0043436,GO:0043648,GO:0043650,GO:0044237,GO:0044238,GO:0044249,GO:0044281,GO:0044283,GO:0044424,GO:0044444,GO:0044464,GO:0046394,GO:0055114,GO:0071704,GO:0071944,GO:1901564,GO:1901566,GO:1901576,GO:1901605,GO:1901607	1.4.1.13,1.4.1.14,1.4.7.1	ko:K00265,ko:K00284	ko00250,ko00630,ko00910,ko01100,ko01110,ko01120,ko01130,ko01230,map00250,map00630,map00910,map01100,map01110,map01120,map01130,map01230	-	R00021,R00093,R00114,R00248,R10086	RC00006,RC00010,RC02799	ko00000,ko00001,ko01000	-	-	-	GATase_2,GXGXG,Glu_syn_central,Glu_synthase	IRAK1.2, NFKB1.2, NLRC4.4, NLRP3.1, NLRP3.5, TAB2.1, TAB2.2	7
PRODB_00858	N	N	Y	Bb_1001283st1_E8_1001283B150210_160208_00747	Bifidobacterium bifidum	putative protein	Y	398513.BBNG_01431	6.51E-69	208	2AFXT@1|root,3161G@2|Bacteria,2IKPZ@201174|Actinobacteria,4D0UV@85004|Bifidobacteriales	201174|Actinobacteria	S	Protein of unknown function (DUF2469)	-	GO:0005575,GO:0005623,GO:0005886,GO:0016020,GO:0044464,GO:0071944	-	-	-	-	-	-	-	-	-	-	DUF2469	AIM2.1, IKBKB.1, IKBKB.2, IKBKB.3, IKBKB.4, IRAK1.1, IRAK1.2, IRAK1.3, IRAK1.4, IRAK4.1, IRAK4.2, NAIP.1, NAIP.2, NFKB1.2, NFKBIA.1, NLRC4.1, NLRC4.2, NLRC4.3, NLRC4.4, NLRP1.1, NLRP1.2, NLRP1.3, NLRP1.4, NLRP1.5, NLRP12.1, NLRP12.2, NLRP12.3, NLRP12.4, NLRP12.5, NLRP12.6, NLRP12.7, NLRP3.1, NLRP3.2, NLRP3.3, NLRP3.4, NLRP3.5, NLRP3.6, NLRP6.1, NLRP6.2, RELA.1, RELA.2, RELA.3, RELA.4, TAB2.1, TAB2.2, TLR4.1, TLR4.2, TLR4.3, TRAF6.1	49
PRODB_00859	N	N	Y	Bl_1033st1_B7_1033SCRN_220408_01520	Bifidobacterium longum	Fatty acid ABC transporter ATP-binding/permease protein	Y	216816.GS08_10110	0.00E+00	1172	COG1132@1|root,COG1132@2|Bacteria,2GITR@201174|Actinobacteria,4CZTU@85004|Bifidobacteriales	201174|Actinobacteria	V	ABC transporter transmembrane region	-	-	-	ko:K06147	-	-	-	-	ko00000,ko02000	3.A.1.106,3.A.1.109,3.A.1.21	-	-	ABC_membrane,ABC_tran	AIM2.1, NFKB1.2, NLRC4.4, NLRP3.1, NLRP3.3, NLRP3.4, NLRP3.5, NLRP3.6, TAB2.1, TAB2.2	10
PRODB_00860	N	N	Y	Bl_LO-C29_00131	Bifidobacterium longum	hypothetical protein	Y	216816.GS08_05385	0.00E+00	1000	COG4284@1|root,COG4284@2|Bacteria,2I2G3@201174|Actinobacteria,4CYTQ@85004|Bifidobacteriales	201174|Actinobacteria	G	UTP-glucose-1-phosphate uridylyltransferase	ugp	-	2.7.7.9	ko:K00963	ko00040,ko00052,ko00500,ko00520,ko01100,ko01130,map00040,map00052,map00500,map00520,map01100,map01130	M00129,M00361,M00362,M00549	R00289	RC00002	ko00000,ko00001,ko00002,ko01000	-	-	-	UDPGP	AIM2.1, IRAK1.1, IRAK1.2, IRAK1.3, IRAK1.4, NAIP.1, NAIP.2, NFKB1.2, NFKBIA.1, NLRC4.1, NLRC4.3, NLRC4.4, NLRP1.4, NLRP12.5, NLRP12.6, NLRP3.1, NLRP3.2, NLRP3.3, NLRP3.4, NLRP3.5, NLRP3.6, RELA.1, RELA.2, RELA.3, RELA.4, TAB2.1, TAB2.2, TLR4.2, TLR4.3	29
PRODB_00861	N	N	Y	Bb_017W439_01629	Bifidobacterium bifidum	hypothetical protein	Y	326426.Bbr_1502	1.24E-298	814	COG1215@1|root,COG1215@2|Bacteria,2HZ9V@201174|Actinobacteria,4CZ5J@85004|Bifidobacteriales	201174|Actinobacteria	M	Glycosyl transferase family 21	-	-	-	-	-	-	-	-	-	-	-	-	Glyco_tranf_2_3	AIM2.1, NFKB1.2, NLRC4.4, NLRP3.1, NLRP3.3, TAB2.1, TAB2.2	7
PRODB_00862	N	N	Y	Bb_1001216st1_G12_RTP31141_220114_01703	Bifidobacterium bifidum	Ferredoxin	Y	398513.BBNG_01525	2.05E-80	237	COG1146@1|root,COG1146@2|Bacteria,2IKVN@201174|Actinobacteria,4D11B@85004|Bifidobacteriales	201174|Actinobacteria	C	4Fe-4S binding domain	fdxA	GO:0001666,GO:0005575,GO:0005622,GO:0005623,GO:0005737,GO:0005829,GO:0006950,GO:0008150,GO:0009605,GO:0009607,GO:0009628,GO:0036293,GO:0043207,GO:0044403,GO:0044419,GO:0044424,GO:0044444,GO:0044464,GO:0050896,GO:0051701,GO:0051704,GO:0051707,GO:0052173,GO:0052200,GO:0052564,GO:0052572,GO:0070482,GO:0075136	-	ko:K05524	-	-	-	-	ko00000	-	-	-	Fer4	AIM2.1, IRAK1.1, IRAK1.2, IRAK1.3, IRAK1.4, IRAK4.1, NAIP.1, NAIP.2, NFKB1.2, NFKBIA.1, NLRC4.2, NLRC4.3, NLRC4.4, NLRP1.1, NLRP1.2, NLRP1.3, NLRP1.4, NLRP12.1, NLRP12.2, NLRP12.3, NLRP12.4, NLRP12.5, NLRP12.6, NLRP12.7, NLRP3.1, NLRP3.2, NLRP3.3, NLRP3.4, NLRP3.5, NLRP3.6, RELA.1, RELA.2, RELA.3, RELA.4, TAB2.1, TAB2.2, TLR4.1, TLR4.2, TLR4.3, TRAF6.1	40
PRODB_00863	N	N	Y	Ba_AL12-4_00144	Bifidobacterium adolescentis	Ammonia channel	Y	1680.BADO_0124	1.31E-303	828	COG0004@1|root,COG0004@2|Bacteria,2GIZK@201174|Actinobacteria,4CZA0@85004|Bifidobacteriales	201174|Actinobacteria	U	Ammonium Transporter Family	amt	-	-	ko:K03320	-	-	-	-	ko00000,ko02000	1.A.11	-	-	Ammonium_transp	NFKB1.2	1
PRODB_00864	N	N	Y	Ba_1001095IJ_161003_A7_01886	Bifidobacterium adolescentis	Beta sliding clamp	Y	1680.BADO_0002	1.15E-259	712	COG0592@1|root,COG0592@2|Bacteria,2GJK3@201174|Actinobacteria,4CZTV@85004|Bifidobacteriales	201174|Actinobacteria	L	Confers DNA tethering and processivity to DNA polymerases and other proteins. Acts as a clamp, forming a ring around DNA (a reaction catalyzed by the clamp-loading complex) which diffuses in an ATP-independent manner freely and bidirectionally along dsDNA. Initially characterized for its ability to contact the catalytic subunit of DNA polymerase III (Pol III), a complex, multichain enzyme responsible for most of the replicative synthesis in bacteria	dnaN	GO:0005575,GO:0005576,GO:0005618,GO:0005623,GO:0030312,GO:0044464,GO:0071944	2.7.7.7	ko:K02338	ko00230,ko00240,ko01100,ko03030,ko03430,ko03440,map00230,map00240,map01100,map03030,map03430,map03440	M00260	R00375,R00376,R00377,R00378	RC02795	ko00000,ko00001,ko00002,ko01000,ko03032,ko03400	-	-	-	DNA_pol3_beta,DNA_pol3_beta_2,DNA_pol3_beta_3	AIM2.1, IRAK1.2, IRAK4.1, NFKB1.2, NLRC4.4, NLRP3.1, NLRP3.3, TAB2.1, TAB2.2	9
PRODB_00865	N	N	Y	Ba_1001095IJ_161003_A7_01431	Bifidobacterium adolescentis	Aspartate carbamoyltransferase catalytic subunit	Y	1680.BADO_0807	1.41E-239	659	COG0540@1|root,COG0540@2|Bacteria,2GKNA@201174|Actinobacteria,4CYZR@85004|Bifidobacteriales	201174|Actinobacteria	F	Belongs to the ATCase OTCase family	pyrB	-	2.1.3.2	ko:K00609	ko00240,ko00250,ko01100,map00240,map00250,map01100	M00051	R01397	RC00064,RC02850	ko00000,ko00001,ko00002,ko01000	-	-	-	OTCace,OTCace_N	AIM2.1, IRAK1.1, IRAK1.2, IRAK1.3, IRAK1.4, IRAK4.1, NFKB1.2, NLRC4.4, NLRP3.1, NLRP3.2, NLRP3.3, NLRP3.4, NLRP3.5, NLRP3.6, TAB2.1	15
PRODB_00866	N	N	Y	Bb_FZJHZ7M2_00028	Bifidobacterium bifidum	Transcriptional regulator MraZ	Y	326426.Bbr_1266	1.64E-120	344	COG2001@1|root,COG2001@2|Bacteria,2IHUB@201174|Actinobacteria,4D0P1@85004|Bifidobacteriales	201174|Actinobacteria	K	Belongs to the MraZ family	mraZ	GO:0000976,GO:0001067,GO:0003674,GO:0003676,GO:0003677,GO:0003690,GO:0003700,GO:0005488,GO:0006355,GO:0008150,GO:0009889,GO:0009890,GO:0009892,GO:0010468,GO:0010556,GO:0010558,GO:0010605,GO:0010629,GO:0019219,GO:0019222,GO:0031323,GO:0031324,GO:0031326,GO:0031327,GO:0031333,GO:0040007,GO:0043254,GO:0043565,GO:0044087,GO:0044212,GO:0045892,GO:0045934,GO:0048519,GO:0048523,GO:0050789,GO:0050794,GO:0051128,GO:0051129,GO:0051171,GO:0051172,GO:0051252,GO:0051253,GO:0060255,GO:0065007,GO:0080090,GO:0097159,GO:0140110,GO:1901363,GO:1902679,GO:1903506,GO:1903507,GO:1990837,GO:2000112,GO:2000113,GO:2000142,GO:2000143,GO:2001141	-	ko:K03925	-	-	-	-	ko00000	-	-	-	MraZ	AIM2.1, IRAK1.1, IRAK1.2, IRAK1.3, IRAK1.4, IRAK4.1, NAIP.1, NAIP.2, NFKB1.2, NFKBIA.1, NLRC4.1, NLRC4.2, NLRC4.3, NLRC4.4, NLRP1.1, NLRP1.2, NLRP1.3, NLRP1.4, NLRP1.5, NLRP12.5, NLRP3.1, NLRP3.2, NLRP3.3, NLRP3.4, NLRP3.5, NLRP3.6, RELA.1, RELA.2, RELA.4, TAB2.1, TAB2.2, TLR4.3, TRAF6.1	33
PRODB_00867	N	N	Y	Ba_1001095IJ_161003_A7_01397	Bifidobacterium adolescentis	hypothetical protein	Y	1680.BADO_0839	0.00E+00	1356	COG0133@1|root,COG0134@1|root,COG0133@2|Bacteria,COG0134@2|Bacteria,2GM7Z@201174|Actinobacteria,4CZJW@85004|Bifidobacteriales	201174|Actinobacteria	E	The beta subunit is responsible for the synthesis of L- tryptophan from indole and L-serine	trpB	GO:0000162,GO:0003674,GO:0003824,GO:0004834,GO:0005575,GO:0005622,GO:0005623,GO:0005737,GO:0006082,GO:0006520,GO:0006568,GO:0006576,GO:0006586,GO:0006725,GO:0006807,GO:0008150,GO:0008152,GO:0008652,GO:0009058,GO:0009072,GO:0009073,GO:0009308,GO:0009309,GO:0009987,GO:0016053,GO:0016829,GO:0016835,GO:0016836,GO:0018130,GO:0019438,GO:0019752,GO:0034641,GO:0040007,GO:0042401,GO:0042430,GO:0042435,GO:0043436,GO:0044106,GO:0044237,GO:0044238,GO:0044249,GO:0044271,GO:0044281,GO:0044283,GO:0044424,GO:0044464,GO:0046219,GO:0046394,GO:0046483,GO:0071704,GO:1901360,GO:1901362,GO:1901564,GO:1901566,GO:1901576,GO:1901605,GO:1901607	4.2.1.20	ko:K01696	ko00260,ko00400,ko01100,ko01110,ko01130,ko01230,map00260,map00400,map01100,map01110,map01130,map01230	M00023	R00674,R02340,R02722	RC00209,RC00210,RC00700,RC00701,RC02868	ko00000,ko00001,ko00002,ko01000	-	-	-	IGPS,PALP	IRAK1.1, IRAK1.2, IRAK1.3, IRAK1.4, NFKB1.2, NLRC4.4, NLRP12.5, NLRP3.1, NLRP3.2, NLRP3.3, NLRP3.4, NLRP3.5, NLRP3.6, RELA.1, RELA.3, RELA.4, TAB2.1, TAB2.2, TLR4.3	19
PRODB_00868	N	N	Y	Ba_AF91-08b2A_01295	Bifidobacterium adolescentis	Carbamoyl-phosphate synthase small chain	Y	1680.BADO_0548	2.07E-305	831	COG0505@1|root,COG0505@2|Bacteria,2GKFA@201174|Actinobacteria,4CYQ1@85004|Bifidobacteriales	201174|Actinobacteria	F	Belongs to the CarA family	carA	GO:0000050,GO:0005575,GO:0005622,GO:0005623,GO:0005737,GO:0005951,GO:0006082,GO:0006520,GO:0006525,GO:0006526,GO:0006807,GO:0008150,GO:0008152,GO:0008652,GO:0009058,GO:0009064,GO:0009084,GO:0009987,GO:0016053,GO:0019627,GO:0019752,GO:0032991,GO:0034641,GO:0040007,GO:0043436,GO:0043603,GO:0043604,GO:0044237,GO:0044238,GO:0044249,GO:0044271,GO:0044281,GO:0044283,GO:0044424,GO:0044444,GO:0044464,GO:0046394,GO:0071704,GO:0071941,GO:1901564,GO:1901566,GO:1901576,GO:1901605,GO:1901607,GO:1902494	6.3.5.5	ko:K01956	ko00240,ko00250,ko01100,map00240,map00250,map01100	M00051	R00256,R00575,R01395,R10948,R10949	RC00002,RC00010,RC00043,RC02750,RC02798,RC03314	ko00000,ko00001,ko00002,ko01000	-	-	iNJ661.Rv1383	CPSase_sm_chain,GATase	AIM2.1, IRAK4.1, NAIP.1, NAIP.2, NFKB1.2, NFKBIA.1, NLRC4.4, NLRP3.1, NLRP3.3, NLRP3.4, NLRP3.5, NLRP3.6, TAB2.1, TAB2.2, TLR4.3	15
PRODB_00869	N	N	Y	Ba_AD2-8_01124	Bifidobacterium adolescentis	Transcriptional regulator WhiB1	Y	1435051.BMOU_0824	1.16E-61	189	2DMIE@1|root,32RSG@2|Bacteria,2IQCG@201174|Actinobacteria,4D11W@85004|Bifidobacteriales	201174|Actinobacteria	K	Acts as a transcriptional regulator. Probably redox- responsive. The apo- but not holo-form probably binds DNA	whiB	GO:0000302,GO:0003674,GO:0003676,GO:0003677,GO:0003824,GO:0005488,GO:0006355,GO:0006950,GO:0006979,GO:0008150,GO:0008152,GO:0009889,GO:0009890,GO:0009892,GO:0010035,GO:0010468,GO:0010556,GO:0010558,GO:0010605,GO:0010629,GO:0015035,GO:0015036,GO:0016491,GO:0016651,GO:0016667,GO:0016668,GO:0019219,GO:0019222,GO:0031323,GO:0031324,GO:0031326,GO:0031327,GO:0042221,GO:0042493,GO:0045892,GO:0045934,GO:0047134,GO:0048037,GO:0048519,GO:0048523,GO:0050789,GO:0050794,GO:0050896,GO:0051171,GO:0051172,GO:0051252,GO:0051253,GO:0051536,GO:0051539,GO:0051540,GO:0055114,GO:0060255,GO:0065007,GO:0071731,GO:0080090,GO:0097159,GO:0097366,GO:1901363,GO:1901698,GO:1901700,GO:1902679,GO:1903506,GO:1903507,GO:2000112,GO:2000113,GO:2001141	-	ko:K18955	-	-	-	-	ko00000,ko03000	-	-	-	Whib	AIM2.1, IKBKB.1, IKBKB.2, IKBKB.3, IKBKB.4, IRAK1.1, IRAK1.2, IRAK1.3, IRAK1.4, IRAK4.1, IRAK4.2, NAIP.1, NAIP.2, NFKB1.2, NFKBIA.1, NLRC4.1, NLRC4.2, NLRC4.3, NLRC4.4, NLRP1.1, NLRP1.2, NLRP1.3, NLRP1.4, NLRP1.5, NLRP12.1, NLRP12.2, NLRP12.3, NLRP12.4, NLRP12.5, NLRP12.6, NLRP12.7, NLRP3.1, NLRP3.2, NLRP3.3, NLRP3.4, NLRP3.5, NLRP3.6, NLRP6.1, NLRP6.2, RELA.1, RELA.2, RELA.3, RELA.4, TAB2.1, TAB2.2, TLR4.1, TLR4.2, TLR4.3, TRAF6.1	49
PRODB_00870	N	N	Y	Bb_A2_hBSD2780061687b_210117_01347	Bifidobacterium bifidum	hypothetical protein	Y	702459.BBPR_0991	3.36E-95	278	COG1716@1|root,COG1716@2|Bacteria,2GK99@201174|Actinobacteria,4D0R3@85004|Bifidobacteriales	201174|Actinobacteria	T	Inner membrane component of T3SS, cytoplasmic domain	garA	GO:0003674,GO:0005488,GO:0005515,GO:0005575,GO:0005576,GO:0005618,GO:0005623,GO:0005886,GO:0006109,GO:0006110,GO:0006140,GO:0006464,GO:0006468,GO:0006793,GO:0006796,GO:0006807,GO:0008150,GO:0008152,GO:0009889,GO:0009890,GO:0009892,GO:0009894,GO:0009895,GO:0009987,GO:0010563,GO:0010675,GO:0010677,GO:0016020,GO:0016310,GO:0019219,GO:0019220,GO:0019222,GO:0019538,GO:0030312,GO:0030808,GO:0030809,GO:0030811,GO:0030812,GO:0031323,GO:0031324,GO:0031326,GO:0031327,GO:0031329,GO:0031330,GO:0036211,GO:0042325,GO:0042326,GO:0042802,GO:0043170,GO:0043412,GO:0043457,GO:0043467,GO:0043470,GO:0044237,GO:0044238,GO:0044260,GO:0044267,GO:0044464,GO:0045820,GO:0045912,GO:0045934,GO:0045936,GO:0045980,GO:0046777,GO:0048519,GO:0048523,GO:0050789,GO:0050794,GO:0051171,GO:0051172,GO:0051174,GO:0051193,GO:0051195,GO:0051196,GO:0051198,GO:0062012,GO:0062014,GO:0065007,GO:0071704,GO:0071944,GO:0080090,GO:1900371,GO:1900372,GO:1900542,GO:1900543,GO:1901564,GO:1903578,GO:1903579,GO:2001169,GO:2001170	-	-	-	-	-	-	-	-	-	-	FHA,Yop-YscD_cpl,zinc_ribbon_2	AIM2.1, IRAK1.1, IRAK1.2, IRAK1.3, IRAK1.4, IRAK4.1, IRAK4.2, NAIP.1, NAIP.2, NFKB1.2, NLRC4.1, NLRC4.2, NLRC4.3, NLRC4.4, NLRP1.1, NLRP1.2, NLRP1.3, NLRP1.4, NLRP1.5, NLRP12.5, NLRP3.1, NLRP3.2, NLRP3.3, NLRP3.4, NLRP3.5, NLRP3.6, NLRP6.1, RELA.1, RELA.2, RELA.3, RELA.4, TAB2.1, TAB2.2, TLR4.3, TRAF6.1	35
PRODB_00871	N	N	Y	Ba_AF35-2A_01207	Bifidobacterium adolescentis	Enolase	Y	1680.BADO_0689	0.00E+00	852	COG0148@1|root,COG0148@2|Bacteria,2GJAY@201174|Actinobacteria,4CYT3@85004|Bifidobacteriales	201174|Actinobacteria	G	Catalyzes the reversible conversion of 2- phosphoglycerate into phosphoenolpyruvate. It is essential for the degradation of carbohydrates via glycolysis	eno	-	4.2.1.11	ko:K01689	ko00010,ko00680,ko01100,ko01110,ko01120,ko01130,ko01200,ko01230,ko03018,ko04066,map00010,map00680,map01100,map01110,map01120,map01130,map01200,map01230,map03018,map04066	M00001,M00002,M00003,M00346,M00394	R00658	RC00349	ko00000,ko00001,ko00002,ko01000,ko03019,ko04147	-	-	-	Enolase_C,Enolase_N		0
PRODB_00872	N	N	Y	Ba_AM110-49_00171	Bifidobacterium adolescentis	Citrate synthase 1	Y	1680.BADO_0476	0.00E+00	864	COG0372@1|root,COG0372@2|Bacteria,2GJ7E@201174|Actinobacteria,4CZ2J@85004|Bifidobacteriales	201174|Actinobacteria	C	Citrate synthase, C-terminal domain	gltA	GO:0005575,GO:0005622,GO:0005623,GO:0005737,GO:0005829,GO:0005886,GO:0016020,GO:0044424,GO:0044444,GO:0044464,GO:0071944	2.3.3.1	ko:K01647	ko00020,ko00630,ko01100,ko01110,ko01120,ko01130,ko01200,ko01210,ko01230,map00020,map00630,map01100,map01110,map01120,map01130,map01200,map01210,map01230	M00009,M00010,M00012,M00740	R00351	RC00004,RC00067	br01601,ko00000,ko00001,ko00002,ko01000	-	-	-	Citrate_synt	AIM2.1, IRAK1.1, IRAK1.2, IRAK1.3, IRAK1.4, NAIP.1, NAIP.2, NFKB1.2, NLRC4.4, NLRP3.1, NLRP3.3, RELA.2	12
PRODB_00873	N	N	Y	Bb_B1_h1001283B150217_200217_00665	Bifidobacterium bifidum	Formate--tetrahydrofolate ligase	Y	398513.BBNG_00110	0.00E+00	985	COG2759@1|root,COG2759@2|Bacteria,2GT0X@201174|Actinobacteria,4CZ7P@85004|Bifidobacteriales	201174|Actinobacteria	F	Formate-tetrahydrofolate ligase	fhs	-	6.3.4.3	ko:K01938	ko00670,ko00720,ko01100,ko01120,ko01200,map00670,map00720,map01100,map01120,map01200	M00140,M00377	R00943	RC00026,RC00111	ko00000,ko00001,ko00002,ko01000	-	-	-	FTHFS	AIM2.1, NFKB1.2, NLRC4.4, NLRP3.1, TAB2.1, TAB2.2	6
PRODB_00874	N	N	Y	Bb_1001285H_161024_A11_01585	Bifidobacterium bifidum	Choloylglycine hydrolase	Y	326426.Bbr_0971	1.71E-239	657	COG3049@1|root,COG3049@2|Bacteria,2GK9Z@201174|Actinobacteria,4CZNU@85004|Bifidobacteriales	201174|Actinobacteria	M	Linear amide C-N hydrolase, choloylglycine hydrolase family protein	cbh	-	3.5.1.24	ko:K01442	ko00120,ko00121,ko01100,map00120,map00121,map01100	-	R02797,R03975,R03977,R04486,R04487,R05835	RC00090,RC00096	ko00000,ko00001,ko01000	-	-	-	CBAH	AIM2.1, IKBKB.3, IRAK1.1, IRAK1.2, IRAK1.3, IRAK1.4, IRAK4.1, NAIP.1, NAIP.2, NFKB1.2, NLRC4.3, NLRC4.4, NLRP1.1, NLRP1.2, NLRP1.3, NLRP1.4, NLRP12.5, NLRP12.6, NLRP3.1, NLRP3.2, NLRP3.3, NLRP3.4, NLRP3.5, NLRP3.6, RELA.1, RELA.2, RELA.3, RELA.4, TAB2.1, TAB2.2, TLR4.3, TRAF6.1	32
PRODB_00875	N	N	Y	Bb_DSM_32583_01852	Bifidobacterium bifidum	Phosphoribosylformylglycinamidine cyclo-ligase	Y	326426.Bbr_0583	8.49E-241	662	COG0150@1|root,COG0150@2|Bacteria,2GJNY@201174|Actinobacteria,4CZ3K@85004|Bifidobacteriales	201174|Actinobacteria	F	Phosphoribosylformylglycinamidine cyclo-ligase	purM	GO:0003674,GO:0003824,GO:0004641,GO:0005575,GO:0005622,GO:0005623,GO:0005737,GO:0005829,GO:0016874,GO:0016879,GO:0016882,GO:0044424,GO:0044444,GO:0044464	6.3.3.1	ko:K01933	ko00230,ko01100,ko01110,ko01130,map00230,map01100,map01110,map01130	M00048	R04208	RC01100	ko00000,ko00001,ko00002,ko01000	-	-	-	AIRS,AIRS_C	AIM2.1, IRAK1.1, IRAK1.2, IRAK1.3, IRAK1.4, NFKB1.2, NFKBIA.1, NLRC4.4, NLRP3.1, NLRP3.2, NLRP3.3, NLRP3.4, NLRP3.5, NLRP3.6, RELA.1, RELA.2, RELA.4, TAB2.1, TAB2.2, TLR4.3	20
PRODB_00876	N	N	Y	Ba_AM14-37_00762	Bifidobacterium adolescentis	UvrABC system protein B	Y	1680.BADO_0720	0.00E+00	1368	COG0556@1|root,COG0556@2|Bacteria,2GJ03@201174|Actinobacteria,4CZR0@85004|Bifidobacteriales	201174|Actinobacteria	L	damaged site, the DNA wraps around one UvrB monomer. DNA wrap is dependent on ATP binding by UvrB and probably causes local melting of the DNA helix, facilitating insertion of UvrB beta-hairpin between the DNA strands. Then UvrB probes one DNA strand for the presence of a lesion. If a lesion is found the UvrA subunits dissociate and the UvrB-DNA preincision complex is formed. This complex is subsequently bound by UvrC and the second UvrB is released. If no lesion is found, the DNA wraps around the other UvrB subunit that will check the other stand for damage	uvrB	GO:0002682,GO:0002684,GO:0005575,GO:0005623,GO:0005886,GO:0006950,GO:0008150,GO:0009605,GO:0009607,GO:0016020,GO:0035821,GO:0043207,GO:0044003,GO:0044403,GO:0044419,GO:0044464,GO:0048518,GO:0048583,GO:0048584,GO:0050776,GO:0050778,GO:0050789,GO:0050896,GO:0051409,GO:0051701,GO:0051704,GO:0051707,GO:0051817,GO:0052031,GO:0052173,GO:0052200,GO:0052255,GO:0052552,GO:0052553,GO:0052555,GO:0052556,GO:0052564,GO:0052572,GO:0065007,GO:0071944,GO:0075136	-	ko:K03702	ko03420,map03420	-	-	-	ko00000,ko00001,ko03400	-	-	-	Helicase_C,ResIII,UVR,UvrB	IRAK1.1, IRAK1.2, IRAK1.4, NFKB1.2, NLRC4.3, NLRC4.4, NLRP12.5, NLRP3.1, NLRP3.3, NLRP3.5, RELA.1, RELA.2, RELA.3, RELA.4, TAB2.1, TAB2.2	16
PRODB_00877	N	N	Y	Bb_LH_ZT_08_00992	Bifidobacterium bifidum	Decaprenyl diphosphate synthase	Y	326426.Bbr_0661	4.53E-197	545	COG0020@1|root,COG0020@2|Bacteria,2GIXF@201174|Actinobacteria,4CZAR@85004|Bifidobacteriales	201174|Actinobacteria	H	Catalyzes the condensation of isopentenyl diphosphate (IPP) with allylic pyrophosphates generating different type of terpenoids	uppS	GO:0000287,GO:0002094,GO:0003674,GO:0003824,GO:0004659,GO:0005488,GO:0005575,GO:0005622,GO:0005623,GO:0005737,GO:0005829,GO:0005886,GO:0006066,GO:0006629,GO:0006720,GO:0008150,GO:0008152,GO:0008299,GO:0008610,GO:0008834,GO:0009058,GO:0009987,GO:0016020,GO:0016093,GO:0016094,GO:0016740,GO:0016765,GO:0030145,GO:0033850,GO:0040007,GO:0043167,GO:0043169,GO:0044237,GO:0044238,GO:0044249,GO:0044255,GO:0044281,GO:0044283,GO:0044424,GO:0044444,GO:0044464,GO:0046165,GO:0046872,GO:0046914,GO:0050347,GO:0071704,GO:0071944,GO:1901576,GO:1901615,GO:1901617	2.5.1.31,2.5.1.86,2.5.1.88	ko:K00806,ko:K14215,ko:K21273	ko00900,ko01110,map00900,map01110	-	R06447,R09244,R09731	RC00279,RC02839	ko00000,ko00001,ko01000,ko01006	-	-	-	Prenyltransf	IRAK1.2, NFKB1.2, TAB2.2	3
PRODB_00878	N	N	Y	Bb_1001283st1_F5_1001283B150209_150212_00560	Bifidobacterium bifidum	Glutamine synthetase	Y	398513.BBNG_00618	0.00E+00	977	COG0174@1|root,COG0174@2|Bacteria,2GMN1@201174|Actinobacteria,4CZNK@85004|Bifidobacteriales	201174|Actinobacteria	E	glutamine synthetase	glnA	GO:0001968,GO:0003674,GO:0003824,GO:0004356,GO:0005488,GO:0005515,GO:0005575,GO:0005576,GO:0005618,GO:0005622,GO:0005623,GO:0005737,GO:0005829,GO:0005886,GO:0006082,GO:0006520,GO:0006541,GO:0006542,GO:0006807,GO:0008150,GO:0008152,GO:0008652,GO:0009058,GO:0009064,GO:0009084,GO:0009405,GO:0009605,GO:0009607,GO:0009893,GO:0009987,GO:0010468,GO:0010604,GO:0010628,GO:0010755,GO:0010756,GO:0010954,GO:0016020,GO:0016053,GO:0016211,GO:0016874,GO:0016879,GO:0016880,GO:0019222,GO:0019752,GO:0019899,GO:0020012,GO:0030162,GO:0030312,GO:0030682,GO:0031323,GO:0031325,GO:0032268,GO:0032270,GO:0035375,GO:0040007,GO:0043207,GO:0043436,GO:0044044,GO:0044237,GO:0044238,GO:0044249,GO:0044281,GO:0044283,GO:0044403,GO:0044413,GO:0044415,GO:0044419,GO:0044424,GO:0044444,GO:0044464,GO:0045862,GO:0046394,GO:0048518,GO:0048522,GO:0050789,GO:0050794,GO:0050896,GO:0051171,GO:0051173,GO:0051246,GO:0051247,GO:0051701,GO:0051704,GO:0051707,GO:0051805,GO:0051807,GO:0051832,GO:0051834,GO:0052173,GO:0052200,GO:0052564,GO:0052572,GO:0060255,GO:0065007,GO:0070613,GO:0071704,GO:0071944,GO:0075136,GO:0080090,GO:1901564,GO:1901566,GO:1901576,GO:1901605,GO:1901607,GO:1903317,GO:1903319	6.3.1.2	ko:K01915	ko00220,ko00250,ko00630,ko00910,ko01100,ko01120,ko01230,ko02020,ko04217,ko04724,ko04727,map00220,map00250,map00630,map00910,map01100,map01120,map01230,map02020,map04217,map04724,map04727	-	R00253	RC00010,RC02798	ko00000,ko00001,ko01000,ko04147	-	-	-	Gln-synt_C,Gln-synt_N	AIM2.1, IKBKB.3, IRAK1.1, IRAK1.2, IRAK1.3, IRAK1.4, IRAK4.1, NAIP.1, NAIP.2, NFKB1.2, NFKBIA.1, NLRC4.1, NLRC4.2, NLRC4.3, NLRC4.4, NLRP1.1, NLRP1.2, NLRP1.3, NLRP1.4, NLRP1.5, NLRP12.1, NLRP12.2, NLRP12.3, NLRP12.4, NLRP12.5, NLRP12.6, NLRP12.7, NLRP3.1, NLRP3.2, NLRP3.3, NLRP3.4, NLRP3.5, NLRP3.6, NLRP6.1, NLRP6.2, RELA.1, RELA.2, RELA.3, RELA.4, TAB2.1, TAB2.2, TLR4.1, TLR4.2, TLR4.3, TRAF6.1	45
PRODB_00879	N	N	Y	Ba_1001270B_150601_E2_00389	Bifidobacterium adolescentis	30S ribosomal protein S11	Y	1680.BADO_0353	1.73E-84	249	COG0100@1|root,COG0100@2|Bacteria,2IFFC@201174|Actinobacteria,4D0PJ@85004|Bifidobacteriales	201174|Actinobacteria	J	Located on the platform of the 30S subunit, it bridges several disparate RNA helices of the 16S rRNA. Forms part of the Shine-Dalgarno cleft in the 70S ribosome	rpsK	GO:0000028,GO:0000462,GO:0003674,GO:0003676,GO:0003723,GO:0003729,GO:0003735,GO:0005198,GO:0005488,GO:0005575,GO:0005622,GO:0005623,GO:0005737,GO:0005829,GO:0005840,GO:0005886,GO:0006139,GO:0006364,GO:0006396,GO:0006412,GO:0006518,GO:0006725,GO:0006807,GO:0006996,GO:0008150,GO:0008152,GO:0009058,GO:0009059,GO:0009987,GO:0010467,GO:0015935,GO:0016020,GO:0016043,GO:0016070,GO:0016072,GO:0019538,GO:0019843,GO:0022607,GO:0022613,GO:0022618,GO:0022626,GO:0022627,GO:0030490,GO:0032991,GO:0034470,GO:0034622,GO:0034641,GO:0034645,GO:0034660,GO:0040007,GO:0042254,GO:0042255,GO:0042274,GO:0043043,GO:0043170,GO:0043226,GO:0043228,GO:0043229,GO:0043232,GO:0043603,GO:0043604,GO:0043933,GO:0044085,GO:0044237,GO:0044238,GO:0044249,GO:0044260,GO:0044267,GO:0044271,GO:0044391,GO:0044422,GO:0044424,GO:0044444,GO:0044445,GO:0044446,GO:0044464,GO:0046483,GO:0048027,GO:0065003,GO:0070181,GO:0070925,GO:0071704,GO:0071826,GO:0071840,GO:0071944,GO:0090304,GO:0097159,GO:1901360,GO:1901363,GO:1901564,GO:1901566,GO:1901576,GO:1990904	-	ko:K02948	ko03010,map03010	M00178,M00179	-	-	br01610,ko00000,ko00001,ko00002,ko03011	-	-	-	Ribosomal_S11	AIM2.1, IKBKB.1, IKBKB.2, IKBKB.3, IKBKB.4, IRAK1.1, IRAK1.2, IRAK1.3, IRAK1.4, IRAK4.1, IRAK4.2, NAIP.1, NAIP.2, NFKB1.2, NFKBIA.1, NLRC4.1, NLRC4.2, NLRC4.3, NLRC4.4, NLRP1.1, NLRP1.2, NLRP1.3, NLRP1.4, NLRP1.5, NLRP12.1, NLRP12.2, NLRP12.3, NLRP12.4, NLRP12.5, NLRP12.6, NLRP12.7, NLRP3.1, NLRP3.2, NLRP3.3, NLRP3.4, NLRP3.5, NLRP3.6, NLRP6.1, NLRP6.2, RELA.1, RELA.2, RELA.3, RELA.4, TAB2.1, TAB2.2, TLR4.1, TLR4.2, TLR4.3, TRAF6.1	49
PRODB_00880	N	N	Y	Bb_MSK.22.102_01303	Bifidobacterium bifidum	Ribulose-phosphate 3-epimerase	Y	326426.Bbr_1041	1.19E-153	432	COG0036@1|root,COG0036@2|Bacteria,2GJZ9@201174|Actinobacteria,4CYX0@85004|Bifidobacteriales	201174|Actinobacteria	G	Ribulose-phosphate 3-epimerase	rpe	GO:0003674,GO:0003824,GO:0004750,GO:0005488,GO:0005575,GO:0005622,GO:0005623,GO:0005737,GO:0005829,GO:0005975,GO:0005996,GO:0006081,GO:0006098,GO:0006139,GO:0006725,GO:0006732,GO:0006733,GO:0006739,GO:0006753,GO:0006793,GO:0006796,GO:0006807,GO:0008150,GO:0008152,GO:0009052,GO:0009056,GO:0009117,GO:0009987,GO:0016052,GO:0016853,GO:0016854,GO:0016857,GO:0019321,GO:0019323,GO:0019362,GO:0019637,GO:0019682,GO:0019693,GO:0034641,GO:0043167,GO:0043169,GO:0044237,GO:0044238,GO:0044262,GO:0044281,GO:0044282,GO:0044424,GO:0044444,GO:0044464,GO:0046365,GO:0046483,GO:0046496,GO:0046872,GO:0051156,GO:0051186,GO:0055086,GO:0071704,GO:0072524,GO:1901135,GO:1901360,GO:1901564,GO:1901575	5.1.3.1	ko:K01783	ko00030,ko00040,ko00710,ko01100,ko01110,ko01120,ko01130,ko01200,ko01230,map00030,map00040,map00710,map01100,map01110,map01120,map01130,map01200,map01230	M00004,M00007	R01529	RC00540	ko00000,ko00001,ko00002,ko01000	-	-	-	Ribul_P_3_epim	IRAK1.2, NFKB1.2, NLRC4.4, NLRP3.1, NLRP3.5, TAB2.1, TAB2.2, TLR4.3	8
PRODB_00881	N	N	Y	Bb_1891B_00465	Bifidobacterium bifidum	hypothetical protein	Y	326426.Bbr_0733	3.72E-196	547	COG1272@1|root,COG1272@2|Bacteria,2GJGQ@201174|Actinobacteria,4CZGT@85004|Bifidobacteriales	201174|Actinobacteria	S	Haemolysin-III related	hlyIII	-	-	ko:K11068	-	-	-	-	ko00000,ko02042	-	-	-	HlyIII	IRAK1.1, IRAK1.2, NFKB1.2, NLRP3.1, NLRP3.2, NLRP3.3, NLRP3.4, NLRP3.5, NLRP3.6, TAB2.1, TAB2.2	11
PRODB_00882	N	N	Y	Bb_BSD2780061688_150302_F6_01977	Bifidobacterium bifidum	L-glyceraldehyde 3-phosphate reductase	Y	326426.Bbr_0398	9.27E-249	682	COG0667@1|root,COG0667@2|Bacteria,2GMT5@201174|Actinobacteria,4CZ25@85004|Bifidobacteriales	201174|Actinobacteria	C	Aldo/keto reductase family	-	-	-	ko:K19265	-	-	-	-	ko00000,ko01000	-	-	-	Aldo_ket_red	AIM2.1, IRAK1.1, IRAK1.2, IRAK1.3, IRAK1.4, IRAK4.1, NAIP.1, NAIP.2, NFKB1.2, NFKBIA.1, NLRC4.4, NLRP1.2, NLRP3.1, NLRP3.2, NLRP3.3, NLRP3.4, NLRP3.5, NLRP3.6, RELA.1, RELA.2, RELA.3, RELA.4, TAB2.2, TLR4.3	24
PRODB_00883	N	N	Y	Bb_CECT7263_01779	Bifidobacterium bifidum	Uracil phosphoribosyltransferase	Y	326426.Bbr_1777	3.74E-150	424	COG0035@1|root,COG0035@2|Bacteria,2GPJE@201174|Actinobacteria,4CYVS@85004|Bifidobacteriales	201174|Actinobacteria	F	Catalyzes the conversion of uracil and 5-phospho-alpha- D-ribose 1-diphosphate (PRPP) to UMP and diphosphate	upp	GO:0003674,GO:0003824,GO:0004849,GO:0005575,GO:0005622,GO:0005623,GO:0005737,GO:0005829,GO:0006139,GO:0006206,GO:0006213,GO:0006220,GO:0006221,GO:0006222,GO:0006725,GO:0006753,GO:0006793,GO:0006796,GO:0006807,GO:0008150,GO:0008152,GO:0008655,GO:0009058,GO:0009112,GO:0009116,GO:0009117,GO:0009119,GO:0009123,GO:0009124,GO:0009129,GO:0009130,GO:0009156,GO:0009161,GO:0009163,GO:0009165,GO:0009173,GO:0009174,GO:0009218,GO:0009220,GO:0009259,GO:0009260,GO:0009987,GO:0016301,GO:0016310,GO:0016740,GO:0016772,GO:0018130,GO:0019205,GO:0019206,GO:0019438,GO:0019637,GO:0019693,GO:0034404,GO:0034641,GO:0034654,GO:0042455,GO:0043094,GO:0043097,GO:0043174,GO:0044237,GO:0044238,GO:0044249,GO:0044271,GO:0044281,GO:0044283,GO:0044424,GO:0044444,GO:0044464,GO:0046049,GO:0046131,GO:0046132,GO:0046134,GO:0046390,GO:0046483,GO:0055086,GO:0071704,GO:0072527,GO:0072528,GO:0090407,GO:1901135,GO:1901137,GO:1901293,GO:1901360,GO:1901362,GO:1901564,GO:1901566,GO:1901576,GO:1901657,GO:1901659	2.4.2.9	ko:K00761	ko00240,ko01100,map00240,map01100	-	R00966	RC00063	ko00000,ko00001,ko01000	-	-	-	UPRTase	AIM2.1, IKBKB.3, IRAK1.1, IRAK1.2, IRAK1.3, IRAK1.4, IRAK4.1, NAIP.1, NAIP.2, NFKB1.2, NFKBIA.1, NLRC4.1, NLRC4.3, NLRC4.4, NLRP1.1, NLRP1.2, NLRP1.4, NLRP12.5, NLRP3.1, NLRP3.2, NLRP3.3, NLRP3.4, NLRP3.5, NLRP3.6, RELA.4, TAB2.1, TAB2.2, TLR4.3, TRAF6.1	29
PRODB_00884	N	N	Y	Ba_1001095IJ_161003_D1_01713	Bifidobacterium adolescentis	putative protein	Y	1680.BADO_1311	4.30E-96	280	2B57P@1|root,31Y1M@2|Bacteria,2IFRB@201174|Actinobacteria,4D307@85004|Bifidobacteriales	201174|Actinobacteria	S	Protein of unknown function (DUF3052)	-	-	-	-	-	-	-	-	-	-	-	-	DUF3052	AIM2.1, IKBKB.1, IKBKB.2, IKBKB.3, IKBKB.4, IRAK1.1, IRAK1.2, IRAK1.3, IRAK1.4, IRAK4.1, IRAK4.2, NAIP.1, NAIP.2, NFKB1.2, NFKBIA.1, NLRC4.1, NLRC4.2, NLRC4.3, NLRC4.4, NLRP1.1, NLRP1.2, NLRP1.3, NLRP1.4, NLRP1.5, NLRP12.1, NLRP12.2, NLRP12.3, NLRP12.4, NLRP12.5, NLRP12.6, NLRP12.7, NLRP3.1, NLRP3.2, NLRP3.3, NLRP3.4, NLRP3.5, NLRP3.6, NLRP6.1, NLRP6.2, RELA.1, RELA.2, RELA.3, RELA.4, TAB2.1, TAB2.2, TLR4.1, TLR4.2, TLR4.3, TRAF6.1	49
PRODB_00885	N	N	Y	Bb_BR-I29_00326	Bifidobacterium bifidum	Acetolactate synthase small subunit	Y	326426.Bbr_0390	3.49E-121	347	COG0440@1|root,COG0440@2|Bacteria,2GJCH@201174|Actinobacteria,4CYXX@85004|Bifidobacteriales	201174|Actinobacteria	E	ACT domain	ilvN	GO:0003674,GO:0003824,GO:0003984,GO:0005575,GO:0005618,GO:0005622,GO:0005623,GO:0005737,GO:0005829,GO:0005886,GO:0005948,GO:0006082,GO:0006520,GO:0006549,GO:0006573,GO:0006807,GO:0008150,GO:0008152,GO:0008652,GO:0009058,GO:0009081,GO:0009082,GO:0009097,GO:0009099,GO:0009987,GO:0016020,GO:0016053,GO:0016740,GO:0016744,GO:0019752,GO:0030312,GO:0032991,GO:0040007,GO:0043436,GO:0044237,GO:0044238,GO:0044249,GO:0044281,GO:0044283,GO:0044424,GO:0044444,GO:0044464,GO:0046394,GO:0071704,GO:0071944,GO:1901564,GO:1901566,GO:1901576,GO:1901605,GO:1901607,GO:1902494,GO:1990234	2.2.1.6	ko:K01653	ko00290,ko00650,ko00660,ko00770,ko01100,ko01110,ko01130,ko01210,ko01230,map00290,map00650,map00660,map00770,map01100,map01110,map01130,map01210,map01230	M00019,M00570	R00006,R00014,R00226,R03050,R04672,R04673,R08648	RC00027,RC00106,RC01192,RC02744,RC02893	ko00000,ko00001,ko00002,ko01000	-	-	-	ACT,ACT_5,ALS_ss_C	AIM2.1, NFKB1.2, TAB2.1, TAB2.2	4
PRODB_00886	N	N	Y	Bb_1001136st1_C1_1001136B_160425_00312	Bifidobacterium bifidum	4-hydroxy-3-methylbut-2-en-1-yl diphosphate synthase (flavodoxin)	Y	702459.BBPR_0507	3.27E-297	813	COG0821@1|root,COG0821@2|Bacteria,2GK2S@201174|Actinobacteria,4CYQB@85004|Bifidobacteriales	201174|Actinobacteria	I	Converts 2C-methyl-D-erythritol 2,4-cyclodiphosphate (ME-2,4cPP) into 1-hydroxy-2-methyl-2-(E)-butenyl 4-diphosphate	ispG	GO:0003674,GO:0003824,GO:0005575,GO:0005618,GO:0005623,GO:0005886,GO:0006081,GO:0006082,GO:0006090,GO:0006629,GO:0006644,GO:0006720,GO:0006793,GO:0006796,GO:0008150,GO:0008152,GO:0008299,GO:0008610,GO:0008654,GO:0009058,GO:0009240,GO:0009987,GO:0016020,GO:0016491,GO:0016725,GO:0019288,GO:0019637,GO:0019682,GO:0019752,GO:0030312,GO:0032787,GO:0043436,GO:0044237,GO:0044238,GO:0044249,GO:0044255,GO:0044281,GO:0044464,GO:0046429,GO:0046490,GO:0052592,GO:0055114,GO:0071704,GO:0071944,GO:0090407,GO:1901135,GO:1901576	1.17.7.1,1.17.7.3	ko:K03526	ko00900,ko01100,ko01110,ko01130,map00900,map01100,map01110,map01130	M00096	R08689,R10859	RC01486	ko00000,ko00001,ko00002,ko01000	-	-	-	GcpE	AIM2.1, IRAK1.2, IRAK4.1, NFKB1.2, NFKBIA.1, NLRC4.4, NLRP12.5, NLRP3.1, NLRP3.2, NLRP3.3, NLRP3.4, NLRP3.5, NLRP3.6, TAB2.1, TAB2.2, TRAF6.1	16
PRODB_00887	N	N	Y	Ba_ca_0067_dup_Z4SK8_00211	Bifidobacterium adolescentis	Histidinol dehydrogenase	Y	1680.BADO_1187	0.00E+00	894	COG0141@1|root,COG0141@2|Bacteria,2GKKA@201174|Actinobacteria,4CZ3E@85004|Bifidobacteriales	201174|Actinobacteria	E	Catalyzes the sequential NAD-dependent oxidations of L- histidinol to L-histidinaldehyde and then to L-histidine	hisD	GO:0000105,GO:0003674,GO:0003824,GO:0004399,GO:0005575,GO:0005618,GO:0005622,GO:0005623,GO:0005737,GO:0005829,GO:0006082,GO:0006520,GO:0006547,GO:0006725,GO:0006807,GO:0008150,GO:0008152,GO:0008652,GO:0009058,GO:0009987,GO:0016053,GO:0016491,GO:0016614,GO:0016616,GO:0018130,GO:0019438,GO:0019752,GO:0030312,GO:0034641,GO:0040007,GO:0043436,GO:0044237,GO:0044238,GO:0044249,GO:0044281,GO:0044283,GO:0044424,GO:0044444,GO:0044464,GO:0046394,GO:0046483,GO:0052803,GO:0055114,GO:0071704,GO:0071944,GO:1901360,GO:1901362,GO:1901564,GO:1901566,GO:1901576,GO:1901605,GO:1901607	1.1.1.23	ko:K00013	ko00340,ko01100,ko01110,ko01230,map00340,map01100,map01110,map01230	M00026	R01158,R01163,R03012	RC00099,RC00242,RC00463	ko00000,ko00001,ko00002,ko01000	-	-	iNJ661.Rv1599	Histidinol_dh	IRAK1.1, IRAK1.2, IRAK1.3, IRAK1.4, NFKB1.2, NLRC4.3, NLRC4.4, NLRP3.1, NLRP3.2, NLRP3.3, NLRP3.4, NLRP3.5, NLRP3.6, RELA.1, RELA.2, RELA.3, RELA.4, TAB2.1, TAB2.2, TLR4.3	20
PRODB_00888	N	N	Y	Bl_APC1503_00007	Bifidobacterium longum	DNA gyrase subunit A	Y	216816.GS08_00030	0.00E+00	1712	COG0188@1|root,COG0188@2|Bacteria,2GJ2Q@201174|Actinobacteria,4CYRP@85004|Bifidobacteriales	201174|Actinobacteria	L	A type II topoisomerase that negatively supercoils closed circular double-stranded (ds) DNA in an ATP-dependent manner to modulate DNA topology and maintain chromosomes in an underwound state. Negative supercoiling favors strand separation, and DNA replication, transcription, recombination and repair, all of which involve strand separation. Also able to catalyze the interconversion of other topological isomers of dsDNA rings, including catenanes and knotted rings. Type II topoisomerases break and join 2 DNA strands simultaneously in an ATP-dependent manner	gyrA	GO:0003674,GO:0003824,GO:0003916,GO:0003918,GO:0008094,GO:0016462,GO:0016787,GO:0016817,GO:0016818,GO:0016853,GO:0016887,GO:0017111,GO:0034335,GO:0042623,GO:0061505,GO:0140097	5.99.1.3	ko:K02469	-	-	-	-	ko00000,ko01000,ko03032,ko03400	-	-	-	DNA_gyraseA_C,DNA_topoisoIV	AIM2.1, IKBKB.3, IRAK1.1, IRAK1.2, IRAK1.3, IRAK1.4, IRAK4.1, NAIP.1, NAIP.2, NFKB1.2, NFKBIA.1, NLRC4.2, NLRC4.3, NLRC4.4, NLRP1.1, NLRP1.2, NLRP1.3, NLRP1.4, NLRP12.1, NLRP12.2, NLRP12.4, NLRP12.5, NLRP12.6, NLRP12.7, NLRP3.1, NLRP3.2, NLRP3.3, NLRP3.4, NLRP3.5, NLRP3.6, RELA.1, RELA.2, RELA.3, RELA.4, TAB2.1, TAB2.2, TLR4.1, TLR4.3, TRAF6.1	39
PRODB_00889	N	N	Y	Bl_TM05-14_00600	Bifidobacterium longum	hypothetical protein	Y	216816.GS08_05365	7.42E-74	221	2CNY9@1|root,32SI2@2|Bacteria,2IMK6@201174|Actinobacteria,4D0V5@85004|Bifidobacteriales	201174|Actinobacteria	K	Binds to RNA polymerase (RNAP), stimulating transcription from principal, but not alternative sigma factor promoters	rbpA	GO:0001000,GO:0001098,GO:0001108,GO:0003674,GO:0005488,GO:0005515,GO:0006355,GO:0008150,GO:0008270,GO:0009889,GO:0009891,GO:0009893,GO:0010468,GO:0010556,GO:0010557,GO:0010604,GO:0010628,GO:0019219,GO:0019222,GO:0019899,GO:0031323,GO:0031325,GO:0031326,GO:0031328,GO:0042221,GO:0043167,GO:0043169,GO:0043175,GO:0045893,GO:0045935,GO:0046677,GO:0046872,GO:0046914,GO:0048518,GO:0048522,GO:0050789,GO:0050794,GO:0050896,GO:0051171,GO:0051173,GO:0051252,GO:0051254,GO:0060255,GO:0065007,GO:0070063,GO:0080090,GO:1902680,GO:1903506,GO:1903508,GO:2000112,GO:2001141	-	-	-	-	-	-	-	-	-	-	RbpA	AIM2.1, IKBKB.3, IRAK1.1, IRAK1.2, IRAK1.3, IRAK1.4, IRAK4.1, IRAK4.2, NAIP.1, NAIP.2, NFKB1.2, NFKBIA.1, NLRC4.2, NLRC4.3, NLRC4.4, NLRP1.1, NLRP1.2, NLRP1.3, NLRP1.4, NLRP1.5, NLRP12.1, NLRP12.2, NLRP12.3, NLRP12.4, NLRP12.5, NLRP12.6, NLRP12.7, NLRP3.1, NLRP3.2, NLRP3.3, NLRP3.4, NLRP3.5, NLRP3.6, RELA.1, RELA.2, RELA.3, RELA.4, TAB2.1, TAB2.2, TLR4.1, TLR4.2, TLR4.3, TRAF6.1	43
PRODB_00890	N	N	Y	Bl_ICIS-500_00338	Bifidobacterium longum	Formate acetyltransferase 1	Y	216816.GS08_04050	0.00E+00	1527	COG1882@1|root,COG1882@2|Bacteria,2GTTT@201174|Actinobacteria,4CZ59@85004|Bifidobacteriales	201174|Actinobacteria	C	Pyruvate formate lyase-like	pflB	-	2.3.1.54	ko:K00656	ko00620,ko00640,ko00650,ko01100,ko01120,map00620,map00640,map00650,map01100,map01120	-	R00212,R06987	RC00004,RC01181,RC02742,RC02833	ko00000,ko00001,ko01000	-	-	-	Gly_radical,PFL-like	AIM2.1, IKBKB.3, IRAK1.1, IRAK1.2, IRAK1.3, IRAK1.4, NAIP.1, NAIP.2, NFKB1.2, NLRC4.3, NLRC4.4, NLRP1.2, NLRP12.5, NLRP3.1, NLRP3.2, NLRP3.3, NLRP3.4, NLRP3.5, NLRP3.6, RELA.1, RELA.2, RELA.3, RELA.4, TAB2.1, TAB2.2	25
PRODB_00891	N	N	Y	Bb_A4_hBSD2780061687b_210117_00299	Bifidobacterium bifidum	50S ribosomal protein L9	Y	398513.BBNG_00187	1.92E-91	268	COG0359@1|root,COG0359@2|Bacteria,2IKX7@201174|Actinobacteria,4D0P9@85004|Bifidobacteriales	201174|Actinobacteria	J	Binds to the 23S rRNA	rplI	GO:0003674,GO:0003676,GO:0003723,GO:0005488,GO:0005575,GO:0005618,GO:0005622,GO:0005623,GO:0005737,GO:0005829,GO:0005840,GO:0005886,GO:0006412,GO:0006518,GO:0006807,GO:0008150,GO:0008152,GO:0009058,GO:0009059,GO:0009987,GO:0010467,GO:0015934,GO:0016020,GO:0019538,GO:0022625,GO:0022626,GO:0030312,GO:0032991,GO:0034641,GO:0034645,GO:0043043,GO:0043170,GO:0043226,GO:0043228,GO:0043229,GO:0043232,GO:0043603,GO:0043604,GO:0044237,GO:0044238,GO:0044249,GO:0044260,GO:0044267,GO:0044271,GO:0044391,GO:0044422,GO:0044424,GO:0044444,GO:0044445,GO:0044446,GO:0044464,GO:0071704,GO:0071944,GO:0097159,GO:1901363,GO:1901564,GO:1901566,GO:1901576,GO:1990904	-	ko:K02939	ko03010,map03010	M00178	-	-	br01610,ko00000,ko00001,ko00002,ko03011	-	-	-	Ribosomal_L9_C,Ribosomal_L9_N	IRAK1.1, IRAK1.2, IRAK4.1, NFKB1.2, NLRC4.4, NLRP3.1, RELA.1, RELA.2, RELA.3, RELA.4, TAB2.1, TAB2.2	12
PRODB_00892	N	N	Y	Ba_1001271B_150615_A4_01360	Bifidobacterium adolescentis	50S ribosomal protein L32	Y	1680.BADO_0231	1.55E-42	138	COG0333@1|root,COG0333@2|Bacteria,2GQP3@201174|Actinobacteria,4D18N@85004|Bifidobacteriales	201174|Actinobacteria	J	Belongs to the bacterial ribosomal protein bL32 family	rpmF	-	-	ko:K02911	ko03010,map03010	M00178	-	-	br01610,ko00000,ko00001,ko00002,ko03011,ko03029	-	-	-	Ribosomal_L32p	AIM2.1, IKBKB.1, IKBKB.2, IKBKB.3, IKBKB.4, IRAK1.1, IRAK1.2, IRAK1.3, IRAK1.4, IRAK4.1, IRAK4.2, NAIP.1, NAIP.2, NFKB1.2, NFKBIA.1, NLRC4.1, NLRC4.2, NLRC4.3, NLRC4.4, NLRP1.1, NLRP1.2, NLRP1.3, NLRP1.4, NLRP1.5, NLRP12.1, NLRP12.2, NLRP12.3, NLRP12.4, NLRP12.5, NLRP12.6, NLRP12.7, NLRP3.1, NLRP3.2, NLRP3.3, NLRP3.4, NLRP3.5, NLRP3.6, NLRP6.1, NLRP6.2, RELA.1, RELA.2, RELA.3, RELA.4, TAB2.1, TAB2.2, TLR4.1, TLR4.2, TLR4.3, TRAF6.1	49
PRODB_00893	N	N	Y	Ba_2227st2_E5_2227SCRN_220401_01198	Bifidobacterium adolescentis	DNA-binding protein HB1	Y	1435051.BMOU_2003	3.87E-56	175	COG0776@1|root,COG0776@2|Bacteria,2IKQR@201174|Actinobacteria,4D11V@85004|Bifidobacteriales	201174|Actinobacteria	L	Belongs to the bacterial histone-like protein family	hup	GO:0003674,GO:0003676,GO:0003677,GO:0005488,GO:0005575,GO:0005622,GO:0005623,GO:0005737,GO:0005829,GO:0008150,GO:0009889,GO:0010556,GO:0019219,GO:0019222,GO:0031323,GO:0031326,GO:0044424,GO:0044444,GO:0044464,GO:0050789,GO:0050794,GO:0051171,GO:0051252,GO:0060255,GO:0065007,GO:0080090,GO:0097159,GO:1901363,GO:1903506,GO:2001141	-	ko:K03530	-	-	-	-	ko00000,ko03032,ko03036,ko03400	-	-	-	Bac_DNA_binding	AIM2.1, IKBKB.3, IRAK1.1, IRAK1.2, IRAK1.3, IRAK1.4, IRAK4.1, IRAK4.2, NAIP.1, NAIP.2, NFKB1.2, NFKBIA.1, NLRC4.1, NLRC4.2, NLRC4.3, NLRC4.4, NLRP1.1, NLRP1.2, NLRP1.3, NLRP1.4, NLRP1.5, NLRP12.1, NLRP12.2, NLRP12.3, NLRP12.4, NLRP12.5, NLRP12.6, NLRP12.7, NLRP3.1, NLRP3.2, NLRP3.3, NLRP3.4, NLRP3.5, NLRP3.6, NLRP6.1, NLRP6.2, RELA.1, RELA.2, RELA.3, RELA.4, TAB2.1, TAB2.2, TLR4.1, TLR4.2, TLR4.3, TRAF6.1	46
PRODB_00894	N	N	Y	Bb_MSK.22.68_01561	Bifidobacterium bifidum	putative protein	Y	216816.GS08_06395	1.56E-190	531	COG1192@1|root,COG1192@2|Bacteria,2GJX3@201174|Actinobacteria,4CYV4@85004|Bifidobacteriales	201174|Actinobacteria	D	CobQ CobB MinD ParA nucleotide binding domain protein	soj	GO:0005575,GO:0005622,GO:0005623,GO:0005886,GO:0008150,GO:0009295,GO:0016020,GO:0040007,GO:0043226,GO:0043228,GO:0043229,GO:0043232,GO:0043590,GO:0044424,GO:0044464,GO:0071944	-	ko:K03496	-	-	-	-	ko00000,ko03036,ko04812	-	-	-	AAA_31	AIM2.1, IRAK1.1, IRAK1.2, NFKB1.2, NFKBIA.1, NLRC4.4, NLRP3.1, NLRP3.3, NLRP3.5, NLRP3.6, RELA.1, RELA.2, RELA.3, RELA.4, TAB2.1, TAB2.2, TLR4.3	17
PRODB_00895	N	N	Y	Ba_1001283B150304_161114_G1_00817	Bifidobacterium adolescentis	Adenylosuccinate synthetase	Y	547043.BIFPSEUDO_04067	0.00E+00	854	COG0104@1|root,COG0104@2|Bacteria,2GMP4@201174|Actinobacteria,4CZ0U@85004|Bifidobacteriales	201174|Actinobacteria	F	Plays an important role in the de novo pathway of purine nucleotide biosynthesis. Catalyzes the first committed step in the biosynthesis of AMP from IMP	purA	GO:0003674,GO:0003824,GO:0004019,GO:0005575,GO:0005622,GO:0005623,GO:0005737,GO:0006139,GO:0006163,GO:0006164,GO:0006167,GO:0006725,GO:0006753,GO:0006793,GO:0006796,GO:0006807,GO:0008150,GO:0008152,GO:0009058,GO:0009117,GO:0009123,GO:0009124,GO:0009126,GO:0009127,GO:0009150,GO:0009152,GO:0009156,GO:0009161,GO:0009165,GO:0009167,GO:0009168,GO:0009259,GO:0009260,GO:0009987,GO:0016874,GO:0016879,GO:0017144,GO:0018130,GO:0019438,GO:0019637,GO:0019693,GO:0034641,GO:0034654,GO:0040007,GO:0044208,GO:0044237,GO:0044238,GO:0044249,GO:0044271,GO:0044281,GO:0044424,GO:0044464,GO:0046033,GO:0046040,GO:0046390,GO:0046483,GO:0055086,GO:0071704,GO:0072521,GO:0072522,GO:0090407,GO:1901135,GO:1901137,GO:1901293,GO:1901360,GO:1901362,GO:1901564,GO:1901566,GO:1901576	6.3.4.4	ko:K01939	ko00230,ko00250,ko01100,map00230,map00250,map01100	M00049	R01135	RC00458,RC00459	ko00000,ko00001,ko00002,ko01000	-	-	-	Adenylsucc_synt	NFKB1.2	1
PRODB_00896	N	N	Y	Bb_AM63-12ACA_00016	Bifidobacterium bifidum	putative transcriptional regulatory protein pdtaR	Y	398513.BBNG_00679	1.56E-160	452	COG3707@1|root,COG3707@2|Bacteria,2GK7T@201174|Actinobacteria,4CYS7@85004|Bifidobacteriales	201174|Actinobacteria	T	Response regulator receiver domain protein	pdtaR	GO:0000160,GO:0003674,GO:0005488,GO:0005575,GO:0005618,GO:0005623,GO:0005886,GO:0007154,GO:0007165,GO:0008150,GO:0009987,GO:0016020,GO:0023052,GO:0030312,GO:0035556,GO:0040007,GO:0043167,GO:0043168,GO:0044464,GO:0050789,GO:0050794,GO:0050896,GO:0051716,GO:0065007,GO:0071944	-	ko:K22010	-	M00839	-	-	ko00000,ko00002,ko02022	-	-	-	ANTAR,Response_reg	AIM2.1, IRAK1.1, IRAK1.2, IRAK1.4, IRAK4.1, NFKB1.2, NLRC4.4, NLRP12.5, NLRP3.1, NLRP3.2, NLRP3.3, NLRP3.4, NLRP3.5, NLRP3.6, RELA.1, RELA.2, RELA.3, RELA.4, TAB2.1, TAB2.2, TLR4.3	21
PRODB_00897	N	N	Y	Ba_E298b__Variant_c__01448	Bifidobacterium adolescentis	hypothetical protein	Y	1437600.JDUI01000010_gene175	1.24E-47	152	COG0238@1|root,COG0238@2|Bacteria,2IQ92@201174|Actinobacteria,4D103@85004|Bifidobacteriales	201174|Actinobacteria	J	Binds as a heterodimer with protein S6 to the central domain of the 16S rRNA, where it helps stabilize the platform of the 30S subunit	rpsR	GO:0003674,GO:0003735,GO:0005198,GO:0005575,GO:0005622,GO:0005623,GO:0005737,GO:0005829,GO:0005840,GO:0006412,GO:0006518,GO:0006807,GO:0008150,GO:0008152,GO:0009058,GO:0009059,GO:0009987,GO:0010467,GO:0015935,GO:0019538,GO:0022626,GO:0022627,GO:0032991,GO:0034641,GO:0034645,GO:0043043,GO:0043170,GO:0043226,GO:0043228,GO:0043229,GO:0043232,GO:0043603,GO:0043604,GO:0044237,GO:0044238,GO:0044249,GO:0044260,GO:0044267,GO:0044271,GO:0044391,GO:0044422,GO:0044424,GO:0044444,GO:0044445,GO:0044446,GO:0044464,GO:0071704,GO:1901564,GO:1901566,GO:1901576,GO:1990904	-	ko:K02963	ko03010,map03010	M00178	-	-	br01610,ko00000,ko00001,ko00002,ko03011	-	-	-	Ribosomal_S18	AIM2.1, IKBKB.1, IKBKB.2, IKBKB.3, IKBKB.4, IRAK1.1, IRAK1.2, IRAK1.3, IRAK1.4, IRAK4.1, IRAK4.2, NAIP.1, NAIP.2, NFKB1.2, NFKBIA.1, NLRC4.1, NLRC4.2, NLRC4.3, NLRC4.4, NLRP1.1, NLRP1.2, NLRP1.3, NLRP1.4, NLRP1.5, NLRP12.1, NLRP12.2, NLRP12.3, NLRP12.4, NLRP12.5, NLRP12.6, NLRP12.7, NLRP3.1, NLRP3.2, NLRP3.3, NLRP3.4, NLRP3.5, NLRP3.6, NLRP6.1, NLRP6.2, RELA.1, RELA.2, RELA.3, RELA.4, TAB2.1, TAB2.2, TLR4.1, TLR4.2, TLR4.3, TRAF6.1	49
PRODB_00898	N	N	Y	Bl_YGMCC0870_00069	Bifidobacterium longum	Phosphoribosylamine--glycine ligase	Y	216816.GS08_02945	8.41E-298	813	COG0151@1|root,COG0151@2|Bacteria,2I2F5@201174|Actinobacteria,4CZ3I@85004|Bifidobacteriales	201174|Actinobacteria	F	Belongs to the GARS family	purD	GO:0008150,GO:0040007	6.3.3.1,6.3.4.13	ko:K01945,ko:K11788	ko00230,ko01100,ko01110,ko01130,map00230,map01100,map01110,map01130	M00048	R04144,R04208	RC00090,RC00166,RC01100	ko00000,ko00001,ko00002,ko01000	-	-	-	GARS_A,GARS_C,GARS_N	TAB2.2	1
PRODB_00899	N	N	Y	Ba_2218st1_B1_2218SCRN_220325_01239	Bifidobacterium adolescentis	3-isopropylmalate dehydratase large subunit	Y	1680.BADO_0187	0.00E+00	938	COG0065@1|root,COG0065@2|Bacteria,2GKT7@201174|Actinobacteria,4CYUC@85004|Bifidobacteriales	201174|Actinobacteria	E	Catalyzes the isomerization between 2-isopropylmalate and 3-isopropylmalate, via the formation of 2-isopropylmaleate	leuC	-	4.2.1.33,4.2.1.35	ko:K01703	ko00290,ko00660,ko00966,ko01100,ko01110,ko01210,ko01230,map00290,map00660,map00966,map01100,map01110,map01210,map01230	M00432,M00535	R03896,R03898,R03968,R04001,R08620,R08624,R08628,R08634,R08641,R08645,R10170	RC00497,RC00976,RC00977,RC01041,RC01046,RC03072	br01601,ko00000,ko00001,ko00002,ko01000	-	-	-	Aconitase	AIM2.1, IRAK1.1, IRAK1.2, IRAK1.3, IRAK1.4, IRAK4.1, NAIP.1, NAIP.2, NFKB1.2, NFKBIA.1, NLRC4.2, NLRC4.3, NLRC4.4, NLRP1.4, NLRP12.5, NLRP3.1, NLRP3.2, NLRP3.3, NLRP3.4, NLRP3.5, NLRP3.6, RELA.1, RELA.2, RELA.3, RELA.4, TAB2.1, TAB2.2, TLR4.3, TRAF6.1	29
PRODB_00900	N	N	Y	Ba_RC10_19003_HHC_00552	Bifidobacterium adolescentis	Phosphopantetheine adenylyltransferase	Y	1680.BADO_0234	1.52E-113	326	COG0669@1|root,COG0669@2|Bacteria,2GN1S@201174|Actinobacteria,4CYR5@85004|Bifidobacteriales	201174|Actinobacteria	H	Reversibly transfers an adenylyl group from ATP to 4'- phosphopantetheine, yielding dephospho-CoA (dPCoA) and pyrophosphate	coaD	GO:0003674,GO:0003824,GO:0004595,GO:0006139,GO:0006163,GO:0006164,GO:0006725,GO:0006732,GO:0006753,GO:0006793,GO:0006796,GO:0006807,GO:0008150,GO:0008152,GO:0009058,GO:0009108,GO:0009117,GO:0009150,GO:0009152,GO:0009165,GO:0009259,GO:0009260,GO:0009987,GO:0015936,GO:0015937,GO:0016043,GO:0016740,GO:0016772,GO:0016779,GO:0018130,GO:0019438,GO:0019637,GO:0019693,GO:0022607,GO:0033865,GO:0033866,GO:0033875,GO:0034030,GO:0034032,GO:0034033,GO:0034214,GO:0034641,GO:0034654,GO:0043933,GO:0044085,GO:0044237,GO:0044238,GO:0044249,GO:0044271,GO:0044281,GO:0046390,GO:0046483,GO:0051186,GO:0051188,GO:0051259,GO:0055086,GO:0065003,GO:0070566,GO:0071704,GO:0071840,GO:0072521,GO:0072522,GO:0090407,GO:1901135,GO:1901137,GO:1901293,GO:1901360,GO:1901362,GO:1901564,GO:1901566,GO:1901576	2.7.7.3	ko:K00954	ko00770,ko01100,map00770,map01100	M00120	R03035	RC00002	ko00000,ko00001,ko00002,ko01000	-	-	-	CTP_transf_like	AIM2.1, IKBKB.3, IRAK1.1, IRAK1.2, IRAK1.3, IRAK1.4, IRAK4.1, IRAK4.2, NAIP.1, NAIP.2, NFKB1.2, NFKBIA.1, NLRC4.1, NLRC4.2, NLRC4.4, NLRP1.1, NLRP1.2, NLRP1.4, NLRP12.1, NLRP12.2, NLRP12.5, NLRP12.6, NLRP12.7, NLRP3.1, NLRP3.2, NLRP3.3, NLRP3.4, NLRP3.5, NLRP3.6, RELA.1, RELA.2, RELA.3, RELA.4, TAB2.1, TAB2.2, TLR4.1, TLR4.2, TLR4.3	38
PRODB_00901	N	N	Y	Bb_1001254st1_D4_1001254J_160919_01830	Bifidobacterium bifidum	Ribonuclease PH	Y	326426.Bbr_0402	3.16E-185	514	COG0689@1|root,COG0689@2|Bacteria,2GJFI@201174|Actinobacteria,4CZBF@85004|Bifidobacteriales	201174|Actinobacteria	J	Phosphorolytic exoribonuclease that removes nucleotide residues following the -CCA terminus of tRNA and adds nucleotides to the ends of RNA molecules by using nucleoside diphosphates as substrates	rph	GO:0006139,GO:0006401,GO:0006725,GO:0006807,GO:0008150,GO:0008152,GO:0009056,GO:0009057,GO:0009987,GO:0016070,GO:0016072,GO:0016075,GO:0019439,GO:0034641,GO:0034655,GO:0034660,GO:0034661,GO:0043170,GO:0044237,GO:0044238,GO:0044248,GO:0044260,GO:0044265,GO:0044270,GO:0046483,GO:0046700,GO:0071704,GO:0090304,GO:1901360,GO:1901361,GO:1901575	2.7.7.56	ko:K00989	-	-	-	-	ko00000,ko01000,ko03016	-	-	-	RNase_PH,RNase_PH_C	AIM2.1, IRAK1.1, IRAK1.2, IRAK1.3, IRAK1.4, IRAK4.1, NFKB1.2, NFKBIA.1, NLRC4.4, NLRP1.1, NLRP1.2, NLRP1.4, NLRP12.2, NLRP12.5, NLRP3.1, NLRP3.2, NLRP3.3, NLRP3.4, NLRP3.5, NLRP3.6, NLRP6.1, NLRP6.2, RELA.1, RELA.2, RELA.3, RELA.4, TAB2.1, TAB2.2, TLR4.3	29
PRODB_00902	N	N	Y	Ba_AF28-4AC_00734	Bifidobacterium adolescentis	FK506-binding protein	Y	1680.BADO_0695	1.93E-96	280	COG0545@1|root,COG0545@2|Bacteria,2GJK2@201174|Actinobacteria,4D0V6@85004|Bifidobacteriales	201174|Actinobacteria	G	Peptidyl-prolyl cis-trans	fkbP	-	5.2.1.8	ko:K01802	-	-	-	-	ko00000,ko01000	-	-	-	FKBP_C	AIM2.1, IRAK1.1, IRAK1.2, IRAK1.3, IRAK1.4, IRAK4.1, NAIP.1, NAIP.2, NFKB1.2, NFKBIA.1, NLRC4.2, NLRC4.3, NLRC4.4, NLRP1.1, NLRP1.2, NLRP1.3, NLRP1.4, NLRP1.5, NLRP12.1, NLRP12.2, NLRP12.4, NLRP12.5, NLRP12.6, NLRP12.7, NLRP3.1, NLRP3.2, NLRP3.3, NLRP3.4, NLRP3.5, NLRP3.6, RELA.1, RELA.2, RELA.3, RELA.4, TAB2.1, TAB2.2, TLR4.3, TRAF6.1	38
PRODB_00903	N	N	Y	Bb_IM703_02015	Bifidobacterium bifidum	Ribosome-binding ATPase YchF	Y	326426.Bbr_0818	2.16E-256	706	COG0012@1|root,COG0012@2|Bacteria,2GIXI@201174|Actinobacteria,4CZBU@85004|Bifidobacteriales	201174|Actinobacteria	J	ATPase that binds to both the 70S ribosome and the 50S ribosomal subunit in a nucleotide-independent manner	ychF	-	-	ko:K06942	-	-	-	-	ko00000,ko03009	-	-	-	MMR_HSR1,YchF-GTPase_C	AIM2.1, IRAK1.1, IRAK1.2, IRAK1.3, IRAK1.4, IRAK4.1, NFKB1.2, NLRC4.1, NLRC4.4, NLRP3.1, NLRP3.2, NLRP3.3, NLRP3.4, NLRP3.5, NLRP3.6, RELA.1, RELA.3, RELA.4, TAB2.2	19
PRODB_00904	N	N	Y	Bb_AF28-14ACA_01525	Bifidobacterium bifidum	Vegetative protein 296	Y	398513.BBNG_00757	5.02E-184	512	COG0396@1|root,COG0396@2|Bacteria,2GKB7@201174|Actinobacteria,4CZU1@85004|Bifidobacteriales	201174|Actinobacteria	O	FeS assembly ATPase SufC	sufC	-	-	ko:K09013	-	-	-	-	ko00000,ko02000	-	-	-	ABC_tran	IRAK1.1, IRAK1.2, IRAK4.1, NFKB1.2, NLRC4.3, NLRC4.4, NLRP3.1, NLRP3.2, NLRP3.3, NLRP3.4, NLRP3.5, NLRP3.6, TAB2.1, TAB2.2	14
PRODB_00905	N	N	Y	Bb_1001271st1_A6_1001270H_150608_01247	Bifidobacterium bifidum	hypothetical protein	Y	398513.BBNG_00027	9.06E-168	468	COG1716@1|root,COG1716@2|Bacteria,2GNU2@201174|Actinobacteria,4CYUI@85004|Bifidobacteriales	201174|Actinobacteria	T	Protein of unknown function (DUF2662)	fhaA	GO:0003674,GO:0003676,GO:0003723,GO:0003729,GO:0005488,GO:0005575,GO:0005618,GO:0005622,GO:0005623,GO:0005737,GO:0005829,GO:0030312,GO:0044424,GO:0044444,GO:0044464,GO:0071944,GO:0097159,GO:1901363	-	-	-	-	-	-	-	-	-	-	DUF3662,FHA,Yop-YscD_cpl	AIM2.1, IRAK1.1, IRAK1.2, IRAK1.3, NFKB1.2, NLRC4.4, NLRP3.1, NLRP3.5, NLRP3.6, TAB2.1, TAB2.2, TRAF6.1	12
PRODB_00906	N	N	Y	Bb_1001271st1_A6_1001270H_150608_00391	Bifidobacterium bifidum	putative AAA domain-containing protein	Y	702459.BBPR_0674	0.00E+00	885	COG2256@1|root,COG2256@2|Bacteria,2GKDP@201174|Actinobacteria,4CZ2K@85004|Bifidobacteriales	201174|Actinobacteria	L	Recombination factor protein RarA	rarA	-	-	ko:K07478	-	-	-	-	ko00000	-	-	-	AAA,AAA_assoc_2,MgsA_C,RuvB_N	AIM2.1, IRAK1.1, IRAK1.2, IRAK1.3, IRAK1.4, IRAK4.1, NFKB1.2, NFKBIA.1, NLRC4.4, NLRP3.1, NLRP3.2, NLRP3.3, NLRP3.4, NLRP3.5, NLRP3.6, RELA.1, RELA.2, RELA.3, RELA.4, TAB2.1, TAB2.2, TRAF6.1	22
PRODB_00907	N	N	Y	Ba_AF39-1ATA_00116	Bifidobacterium adolescentis	hypothetical protein	Y	1680.BADO_0756	0.00E+00	989	COG0719@1|root,COG0719@2|Bacteria,2GKCZ@201174|Actinobacteria,4CZPQ@85004|Bifidobacteriales	201174|Actinobacteria	O	FeS assembly protein SufB	sufB	GO:0003674,GO:0003824,GO:0004518,GO:0004519,GO:0005575,GO:0005622,GO:0005623,GO:0005737,GO:0005829,GO:0006139,GO:0006725,GO:0006807,GO:0008150,GO:0008152,GO:0009987,GO:0016787,GO:0016788,GO:0034641,GO:0040007,GO:0043170,GO:0044237,GO:0044238,GO:0044424,GO:0044444,GO:0044464,GO:0046483,GO:0071704,GO:0090304,GO:0090305,GO:1901360	-	ko:K09014	-	-	-	-	ko00000	-	-	-	UPF0051	AIM2.1, IKBKB.3, IRAK1.1, IRAK1.2, IRAK1.3, IRAK1.4, IRAK4.1, NAIP.1, NAIP.2, NFKB1.2, NFKBIA.1, NLRC4.1, NLRC4.2, NLRC4.3, NLRC4.4, NLRP1.1, NLRP1.2, NLRP1.3, NLRP1.4, NLRP1.5, NLRP12.1, NLRP12.2, NLRP12.3, NLRP12.4, NLRP12.5, NLRP12.6, NLRP12.7, NLRP3.1, NLRP3.2, NLRP3.3, NLRP3.4, NLRP3.5, NLRP3.6, NLRP6.1, RELA.1, RELA.2, RELA.3, RELA.4, TAB2.1, TAB2.2, TLR4.1, TLR4.2, TLR4.3, TRAF6.1	44
PRODB_00908	N	N	Y	Ba_AF96-43M2TA_00828	Bifidobacterium adolescentis	Pyridoxine/pyridoxal/pyridoxamine kinase	Y	1680.BADO_0610	7.00E-210	580	COG2240@1|root,COG2240@2|Bacteria,2HS59@201174|Actinobacteria,4CYQC@85004|Bifidobacteriales	201174|Actinobacteria	H	Phosphomethylpyrimidine kinase	pdxY	-	2.7.1.35	ko:K00868	ko00750,ko01100,map00750,map01100	-	R00174,R01909,R02493	RC00002,RC00017	ko00000,ko00001,ko01000	-	-	-	Phos_pyr_kin	AIM2.1, IRAK1.1, IRAK1.2, IRAK1.3, IRAK1.4, IRAK4.1, NAIP.1, NAIP.2, NFKB1.2, NFKBIA.1, NLRC4.3, NLRC4.4, NLRP12.5, NLRP3.1, NLRP3.3, NLRP3.5, NLRP3.6, TAB2.2, TLR4.3, TRAF6.1	20
PRODB_00909	N	N	Y	Bb_1001271st1_F2_1001271B_151109_01006	Bifidobacterium bifidum	hypothetical protein	Y	398513.BBNG_00499	2.53E-161	453	COG1595@1|root,COG1595@2|Bacteria,2GJ02@201174|Actinobacteria,4CZ09@85004|Bifidobacteriales	201174|Actinobacteria	K	Belongs to the sigma-70 factor family. ECF subfamily	sigH	GO:0000988,GO:0000990,GO:0003674,GO:0005575,GO:0005618,GO:0005623,GO:0006355,GO:0006950,GO:0006979,GO:0008150,GO:0009266,GO:0009408,GO:0009628,GO:0009889,GO:0009987,GO:0010468,GO:0010556,GO:0016987,GO:0019219,GO:0019222,GO:0030312,GO:0031323,GO:0031326,GO:0033554,GO:0034605,GO:0043254,GO:0044087,GO:0044464,GO:0050789,GO:0050794,GO:0050896,GO:0051128,GO:0051171,GO:0051252,GO:0051409,GO:0051716,GO:0060255,GO:0065007,GO:0071944,GO:0080090,GO:0140110,GO:1903506,GO:2000112,GO:2000142,GO:2001141	-	ko:K03088	-	-	-	-	ko00000,ko03021	-	-	-	Sigma70_r2,Sigma70_r4_2	AIM2.1, IKBKB.1, IKBKB.2, IKBKB.3, IKBKB.4, IRAK1.1, IRAK1.2, IRAK1.3, IRAK1.4, IRAK4.1, IRAK4.2, NAIP.1, NAIP.2, NFKB1.2, NFKBIA.1, NLRC4.1, NLRC4.2, NLRC4.3, NLRC4.4, NLRP1.1, NLRP1.2, NLRP1.3, NLRP1.4, NLRP1.5, NLRP12.1, NLRP12.2, NLRP12.3, NLRP12.4, NLRP12.5, NLRP12.6, NLRP12.7, NLRP3.1, NLRP3.2, NLRP3.3, NLRP3.4, NLRP3.5, NLRP3.6, NLRP6.1, NLRP6.2, RELA.1, RELA.2, RELA.3, RELA.4, TAB2.1, TAB2.2, TLR4.1, TLR4.2, TLR4.3, TRAF6.1	49
PRODB_00910	N	N	Y	Bl_N3A01_01598	Bifidobacterium longum	Trigger factor	Y	216816.GS08_04070	6.13E-277	763	COG0544@1|root,COG0544@2|Bacteria,2GJIG@201174|Actinobacteria,4CZ6P@85004|Bifidobacteriales	201174|Actinobacteria	D	Involved in protein export. Acts as a chaperone by maintaining the newly synthesized protein in an open conformation. Functions as a peptidyl-prolyl cis-trans isomerase	tig	GO:0005575,GO:0005618,GO:0005622,GO:0005623,GO:0005737,GO:0005829,GO:0005886,GO:0006950,GO:0007154,GO:0008150,GO:0009267,GO:0009605,GO:0009987,GO:0009991,GO:0016020,GO:0030312,GO:0031667,GO:0031668,GO:0031669,GO:0033554,GO:0042221,GO:0042594,GO:0044424,GO:0044444,GO:0044464,GO:0046677,GO:0050896,GO:0051716,GO:0071496,GO:0071944	-	ko:K03545	-	-	-	-	ko00000	-	-	-	FKBP_C,Trigger_C,Trigger_N	AIM2.1, IRAK1.1, IRAK1.2, IRAK1.3, IRAK1.4, IRAK4.1, IRAK4.2, NAIP.1, NAIP.2, NFKB1.2, NFKBIA.1, NLRC4.1, NLRC4.2, NLRC4.3, NLRC4.4, NLRP1.1, NLRP1.2, NLRP1.4, NLRP12.1, NLRP12.2, NLRP12.3, NLRP12.4, NLRP12.5, NLRP12.6, NLRP12.7, NLRP3.1, NLRP3.2, NLRP3.3, NLRP3.4, NLRP3.5, NLRP3.6, RELA.1, RELA.2, RELA.3, RELA.4, TAB2.1, TAB2.2, TLR4.3, TRAF6.1	39
PRODB_00911	N	N	Y	Bb_1001283st1_A1_1001285H_161024_00112	Bifidobacterium bifidum	30S ribosomal protein S6	Y	398513.BBNG_00184	3.75E-63	193	COG0360@1|root,COG0360@2|Bacteria,2IQHD@201174|Actinobacteria,4D10X@85004|Bifidobacteriales	201174|Actinobacteria	J	Binds together with S18 to 16S ribosomal RNA	rpsF	GO:0003674,GO:0003676,GO:0003723,GO:0003735,GO:0005198,GO:0005488,GO:0005575,GO:0005618,GO:0005622,GO:0005623,GO:0005737,GO:0005829,GO:0005840,GO:0005886,GO:0015935,GO:0016020,GO:0019843,GO:0022626,GO:0022627,GO:0030312,GO:0032991,GO:0043226,GO:0043228,GO:0043229,GO:0043232,GO:0044391,GO:0044422,GO:0044424,GO:0044444,GO:0044445,GO:0044446,GO:0044464,GO:0070181,GO:0071944,GO:0097159,GO:1901363,GO:1990904	-	ko:K02990	ko03010,map03010	M00178	-	-	br01610,ko00000,ko00001,ko00002,ko03011,ko03029	-	-	-	Ribosomal_S6	AIM2.1, IKBKB.1, IKBKB.2, IKBKB.3, IKBKB.4, IRAK1.1, IRAK1.2, IRAK1.3, IRAK1.4, IRAK4.1, IRAK4.2, NAIP.1, NAIP.2, NFKB1.2, NFKBIA.1, NLRC4.1, NLRC4.2, NLRC4.3, NLRC4.4, NLRP1.1, NLRP1.2, NLRP1.3, NLRP1.4, NLRP1.5, NLRP12.1, NLRP12.2, NLRP12.3, NLRP12.4, NLRP12.5, NLRP12.6, NLRP12.7, NLRP3.1, NLRP3.2, NLRP3.3, NLRP3.4, NLRP3.5, NLRP3.6, NLRP6.1, NLRP6.2, RELA.1, RELA.2, RELA.3, RELA.4, TAB2.1, TAB2.2, TLR4.1, TLR4.2, TLR4.3, TRAF6.1	49
PRODB_00912	N	N	Y	Bb_1001216st1_E8_1001216I_160404_00349	Bifidobacterium bifidum	DNA polymerase III subunit alpha	Y	398513.BBNG_00430	0.00E+00	2364	COG0587@1|root,COG0587@2|Bacteria,2GJ1P@201174|Actinobacteria,4CZKT@85004|Bifidobacteriales	201174|Actinobacteria	L	DNA polymerase III alpha subunit	dnaE	GO:0005575,GO:0005618,GO:0005623,GO:0005886,GO:0008150,GO:0016020,GO:0030312,GO:0040007,GO:0044464,GO:0071944	2.7.7.7	ko:K02337	ko00230,ko00240,ko01100,ko03030,ko03430,ko03440,map00230,map00240,map01100,map03030,map03430,map03440	M00260	R00375,R00376,R00377,R00378	RC02795	ko00000,ko00001,ko00002,ko01000,ko03032,ko03400	-	-	-	DNA_pol3_alpha,HHH_6,PHP,tRNA_anti-codon	AIM2.1, IRAK1.1, IRAK1.2, IRAK1.3, IRAK1.4, NAIP.1, NAIP.2, NFKB1.2, NFKBIA.1, NLRC4.1, NLRC4.3, NLRC4.4, NLRP12.5, NLRP3.1, NLRP3.2, NLRP3.3, NLRP3.4, NLRP3.5, NLRP3.6, RELA.1, RELA.2, RELA.3, RELA.4, TAB2.1, TAB2.2	25
PRODB_00913	N	N	Y	Bb_1001271st1_H11_1001271B_150615_01584	Bifidobacterium bifidum	GTPase Obg	Y	398513.BBNG_00169	0.00E+00	1073	COG0536@1|root,COG0536@2|Bacteria,2GISB@201174|Actinobacteria,4CYWD@85004|Bifidobacteriales	201174|Actinobacteria	S	An essential GTPase which binds GTP, GDP and possibly (p)ppGpp with moderate affinity, with high nucleotide exchange rates and a fairly low GTP hydrolysis rate. Plays a role in control of the cell cycle, stress response, ribosome biogenesis and in those bacteria that undergo differentiation, in morphogenesis control	obg	GO:0000287,GO:0003674,GO:0003824,GO:0003924,GO:0005488,GO:0005575,GO:0005622,GO:0005623,GO:0005737,GO:0005840,GO:0005886,GO:0006464,GO:0006468,GO:0006793,GO:0006796,GO:0006807,GO:0008150,GO:0008152,GO:0009987,GO:0016020,GO:0016310,GO:0016462,GO:0016787,GO:0016817,GO:0016818,GO:0017111,GO:0019538,GO:0032991,GO:0036211,GO:0040007,GO:0043167,GO:0043169,GO:0043170,GO:0043226,GO:0043228,GO:0043229,GO:0043232,GO:0043412,GO:0044237,GO:0044238,GO:0044260,GO:0044267,GO:0044424,GO:0044444,GO:0044464,GO:0046777,GO:0046872,GO:0071704,GO:0071944,GO:1901564,GO:1990904	-	ko:K03979	-	-	-	-	ko00000,ko01000,ko03009	-	-	-	DUF1967,GTP1_OBG,MMR_HSR1	AIM2.1, IRAK1.1, IRAK1.2, IRAK1.3, IRAK1.4, IRAK4.1, NAIP.2, NFKB1.2, NFKBIA.1, NLRC4.2, NLRC4.3, NLRC4.4, NLRP1.1, NLRP1.4, NLRP12.5, NLRP3.1, NLRP3.2, NLRP3.3, NLRP3.4, NLRP3.5, NLRP3.6, RELA.1, RELA.2, RELA.3, RELA.4, TAB2.1, TAB2.2, TLR4.3, TRAF6.1	29
PRODB_00914	N	N	Y	Ba_1001262B_160229_D10_00607	Bifidobacterium adolescentis	30S ribosomal protein S4	Y	1680.BADO_0742	7.47E-141	398	COG0522@1|root,COG0522@2|Bacteria,2GIRX@201174|Actinobacteria,4CYSP@85004|Bifidobacteriales	201174|Actinobacteria	J	One of the primary rRNA binding proteins, it binds directly to 16S rRNA where it nucleates assembly of the body of the 30S subunit	rpsD	GO:0003674,GO:0003676,GO:0003723,GO:0003735,GO:0005198,GO:0005488,GO:0005575,GO:0005622,GO:0005623,GO:0005737,GO:0005840,GO:0006417,GO:0006450,GO:0008150,GO:0009889,GO:0009891,GO:0009893,GO:0010468,GO:0010556,GO:0010557,GO:0010604,GO:0010608,GO:0010628,GO:0015935,GO:0019222,GO:0019843,GO:0031323,GO:0031325,GO:0031326,GO:0031328,GO:0032268,GO:0032270,GO:0032991,GO:0034248,GO:0034250,GO:0043226,GO:0043228,GO:0043229,GO:0043232,GO:0044391,GO:0044422,GO:0044424,GO:0044444,GO:0044446,GO:0044464,GO:0045727,GO:0045903,GO:0048518,GO:0048522,GO:0050789,GO:0050794,GO:0051171,GO:0051173,GO:0051246,GO:0051247,GO:0060255,GO:0065007,GO:0065008,GO:0080090,GO:0097159,GO:1901363,GO:1990904,GO:2000112	-	ko:K02986	ko03010,map03010	M00178,M00179	-	-	br01610,ko00000,ko00001,ko00002,ko03011	-	-	-	Ribosomal_S4,S4	AIM2.1, IKBKB.3, IRAK1.1, IRAK1.2, IRAK1.3, IRAK1.4, IRAK4.1, NAIP.1, NAIP.2, NFKB1.2, NFKBIA.1, NLRC4.1, NLRC4.2, NLRC4.3, NLRC4.4, NLRP1.1, NLRP1.2, NLRP1.3, NLRP1.4, NLRP1.5, NLRP12.1, NLRP12.2, NLRP12.3, NLRP12.4, NLRP12.5, NLRP12.6, NLRP12.7, NLRP3.1, NLRP3.2, NLRP3.3, NLRP3.4, NLRP3.5, NLRP3.6, NLRP6.1, NLRP6.2, RELA.1, RELA.2, RELA.3, RELA.4, TAB2.1, TAB2.2, TLR4.1, TLR4.2, TLR4.3, TRAF6.1	45
PRODB_00915	N	N	Y	Bb_MCC_1604_00302	Bifidobacterium bifidum	Orotidine 5'-phosphate decarboxylase	Y	326426.Bbr_0976	1.37E-220	609	COG0284@1|root,COG0284@2|Bacteria,2GKWK@201174|Actinobacteria,4CZAK@85004|Bifidobacteriales	201174|Actinobacteria	F	Belongs to the OMP decarboxylase family. Type 2 subfamily	pyrF	-	4.1.1.23	ko:K01591	ko00240,ko01100,map00240,map01100	M00051	R00965	RC00409	ko00000,ko00001,ko00002,ko01000	-	-	-	OMPdecase	IRAK1.1, IRAK1.2, IRAK1.4, IRAK4.1, NFKB1.2, NFKBIA.1, NLRC4.4, NLRP3.1, NLRP3.2, NLRP3.3, NLRP3.4, NLRP3.5, NLRP3.6, TAB2.1, TAB2.2, TRAF6.1	16
PRODB_00916	N	N	Y	Bl_1001283B150225_161107_D10_01127	Bifidobacterium longum	Tryptophan--tRNA ligase 2	Y	216816.GS08_00230	4.19E-258	708	COG0180@1|root,COG0180@2|Bacteria,2GJ9A@201174|Actinobacteria,4CYXM@85004|Bifidobacteriales	201174|Actinobacteria	J	Belongs to the class-I aminoacyl-tRNA synthetase family	trpS	-	6.1.1.2	ko:K01867	ko00970,map00970	M00359,M00360	R03664	RC00055,RC00523	ko00000,ko00001,ko00002,ko01000,ko01007,ko03016	-	-	-	tRNA-synt_1b	AIM2.1, IKBKB.3, IRAK1.1, IRAK1.2, IRAK1.3, IRAK1.4, IRAK4.1, NAIP.1, NAIP.2, NFKB1.2, NFKBIA.1, NLRC4.3, NLRC4.4, NLRP1.1, NLRP1.2, NLRP1.3, NLRP1.4, NLRP12.2, NLRP12.4, NLRP12.5, NLRP3.1, NLRP3.2, NLRP3.3, NLRP3.4, NLRP3.5, NLRP3.6, RELA.1, RELA.2, RELA.3, RELA.4, TAB2.1, TAB2.2, TLR4.1, TLR4.2, TLR4.3, TRAF6.1	36
PRODB_00917	N	N	Y	Bb_30-1_01237	Bifidobacterium bifidum	Xaa-Pro aminopeptidase 1	Y	326426.Bbr_1245	0.00E+00	1063	COG0006@1|root,COG0006@2|Bacteria,2GM7D@201174|Actinobacteria,4CZIA@85004|Bifidobacteriales	201174|Actinobacteria	E	Aminopeptidase P, N-terminal domain	pepP	-	3.4.11.9	ko:K01262	-	-	-	-	ko00000,ko01000,ko01002	-	-	-	AMP_N,Peptidase_M24	AIM2.1, IKBKB.3, IRAK1.1, IRAK1.2, IRAK1.3, IRAK1.4, IRAK4.1, NAIP.1, NAIP.2, NFKB1.2, NFKBIA.1, NLRC4.2, NLRC4.3, NLRC4.4, NLRP1.1, NLRP1.2, NLRP1.3, NLRP1.4, NLRP12.1, NLRP12.2, NLRP12.3, NLRP12.4, NLRP12.5, NLRP12.6, NLRP12.7, NLRP3.1, NLRP3.2, NLRP3.3, NLRP3.4, NLRP3.5, NLRP3.6, RELA.1, RELA.2, RELA.3, RELA.4, TAB2.1, TAB2.2, TLR4.1, TLR4.2, TLR4.3, TRAF6.1	41
PRODB_00918	N	N	Y	Ba_1892B_00281	Bifidobacterium adolescentis	50S ribosomal protein L20	Y	1680.BADO_1125	1.83E-79	236	COG0292@1|root,COG0292@2|Bacteria,2IHTN@201174|Actinobacteria,4D0QF@85004|Bifidobacteriales	201174|Actinobacteria	J	Binds directly to 23S ribosomal RNA and is necessary for the in vitro assembly process of the 50S ribosomal subunit. It is not involved in the protein synthesizing functions of that subunit	rplT	GO:0000027,GO:0003674,GO:0003735,GO:0005198,GO:0005575,GO:0005622,GO:0005623,GO:0005737,GO:0005829,GO:0005840,GO:0005886,GO:0006996,GO:0008150,GO:0009987,GO:0015934,GO:0016020,GO:0016043,GO:0022607,GO:0022613,GO:0022618,GO:0022625,GO:0022626,GO:0032991,GO:0034622,GO:0042254,GO:0042255,GO:0042273,GO:0043226,GO:0043228,GO:0043229,GO:0043232,GO:0043933,GO:0044085,GO:0044391,GO:0044422,GO:0044424,GO:0044444,GO:0044445,GO:0044446,GO:0044464,GO:0065003,GO:0070925,GO:0071826,GO:0071840,GO:0071944,GO:1990904	-	ko:K02887	ko03010,map03010	M00178	-	-	br01610,ko00000,ko00001,ko00002,ko03011	-	-	-	Ribosomal_L20	AIM2.1, IKBKB.2, IKBKB.3, IKBKB.4, IRAK1.1, IRAK1.2, IRAK1.3, IRAK1.4, IRAK4.1, IRAK4.2, NAIP.1, NAIP.2, NFKB1.2, NFKBIA.1, NLRC4.1, NLRC4.2, NLRC4.3, NLRC4.4, NLRP1.1, NLRP1.2, NLRP1.3, NLRP1.4, NLRP1.5, NLRP12.1, NLRP12.2, NLRP12.3, NLRP12.4, NLRP12.5, NLRP12.6, NLRP12.7, NLRP3.1, NLRP3.2, NLRP3.3, NLRP3.4, NLRP3.5, NLRP3.6, NLRP6.1, NLRP6.2, RELA.1, RELA.2, RELA.3, RELA.4, TAB2.1, TAB2.2, TLR4.1, TLR4.2, TLR4.3, TRAF6.1	48
PRODB_00919	N	N	Y	Bb_ACS-071-V-Sch8b_00830	Bifidobacterium bifidum	Succinate--CoA ligase [ADP-forming] subunit alpha	Y	326426.Bbr_1018	2.52E-209	579	COG0074@1|root,COG0074@2|Bacteria,2GK00@201174|Actinobacteria,4CYX1@85004|Bifidobacteriales	201174|Actinobacteria	C	Succinyl-CoA synthetase functions in the citric acid cycle (TCA), coupling the hydrolysis of succinyl-CoA to the synthesis of either ATP or GTP and thus represents the only step of substrate-level phosphorylation in the TCA. The alpha subunit of the enzyme binds the substrates coenzyme A and phosphate, while succinate binding and nucleotide specificity is provided by the beta subunit	sucD	GO:0005575,GO:0005618,GO:0005622,GO:0005623,GO:0005737,GO:0005829,GO:0005886,GO:0008150,GO:0016020,GO:0030312,GO:0040007,GO:0044424,GO:0044444,GO:0044464,GO:0071944	6.2.1.5	ko:K01902	ko00020,ko00640,ko00660,ko00720,ko01100,ko01110,ko01120,ko01130,ko01200,map00020,map00640,map00660,map00720,map01100,map01110,map01120,map01130,map01200	M00009,M00011,M00173,M00374,M00620	R00405,R02404	RC00004,RC00014	ko00000,ko00001,ko00002,ko01000	-	-	-	CoA_binding,Ligase_CoA	AIM2.1, IRAK1.1, IRAK1.2, IRAK1.3, IRAK1.4, IRAK4.1, IRAK4.2, NAIP.1, NAIP.2, NFKB1.2, NFKBIA.1, NLRC4.2, NLRC4.3, NLRC4.4, NLRP1.1, NLRP1.2, NLRP1.3, NLRP1.4, NLRP12.1, NLRP12.2, NLRP12.5, NLRP12.6, NLRP12.7, NLRP3.1, NLRP3.2, NLRP3.3, NLRP3.4, NLRP3.5, NLRP3.6, RELA.1, RELA.2, RELA.3, RELA.4, TAB2.1, TAB2.2, TLR4.1, TLR4.2, TLR4.3, TRAF6.1	39
PRODB_00920	N	N	Y	Bb_1025st1_A12_1025SCRN_200924_00112	Bifidobacterium bifidum	Xanthine permease XanQ	Y	702459.BBPR_0789	4.79E-307	839	COG2233@1|root,COG2233@2|Bacteria,2GMH6@201174|Actinobacteria,4CZ9F@85004|Bifidobacteriales	201174|Actinobacteria	F	Permease family	pbuX	-	-	ko:K03458	-	-	-	-	ko00000	2.A.40	-	-	Xan_ur_permease	AIM2.1, IRAK1.1, IRAK1.2, IRAK4.1, NFKB1.2, NFKBIA.1, NLRC4.2, NLRC4.4, NLRP1.1, NLRP1.4, NLRP3.1, NLRP3.2, NLRP3.3, NLRP3.4, NLRP3.5, NLRP3.6, RELA.1, RELA.2, RELA.3, RELA.4, TAB2.1, TAB2.2, TRAF6.1	23
PRODB_00921	N	N	Y	Bb_1001283st1_A1_1001285H_161024_01165	Bifidobacterium bifidum	tRNA (adenine(58)-N(1))-methyltransferase TrmI	Y	398513.BBNG_00805	1.65E-264	724	COG2519@1|root,COG2519@2|Bacteria,2GJPD@201174|Actinobacteria,4CYUG@85004|Bifidobacteriales	201174|Actinobacteria	J	Catalyzes the S-adenosyl-L-methionine-dependent formation of N(1)-methyladenine at position 58 (m1A58) in tRNA	trmI	GO:0001510,GO:0003674,GO:0003824,GO:0005575,GO:0005622,GO:0005623,GO:0005737,GO:0005886,GO:0006139,GO:0006396,GO:0006399,GO:0006400,GO:0006725,GO:0006807,GO:0008033,GO:0008150,GO:0008152,GO:0008168,GO:0008173,GO:0008175,GO:0008757,GO:0009451,GO:0009987,GO:0010467,GO:0016020,GO:0016070,GO:0016426,GO:0016429,GO:0016740,GO:0016741,GO:0030488,GO:0031515,GO:0032259,GO:0032991,GO:0034470,GO:0034641,GO:0034660,GO:0034708,GO:0043170,GO:0043412,GO:0043414,GO:0043527,GO:0044237,GO:0044238,GO:0044260,GO:0044424,GO:0044444,GO:0044464,GO:0046483,GO:0071704,GO:0071944,GO:0090304,GO:0140098,GO:0140101,GO:1901360,GO:1902494,GO:1990234	2.1.1.219,2.1.1.220	ko:K07442	-	-	-	-	ko00000,ko01000,ko03016	-	-	-	GCD14,GCD14_N	AIM2.1, IKBKB.3, IRAK1.1, IRAK1.2, IRAK1.3, IRAK1.4, IRAK4.1, NAIP.1, NAIP.2, NFKB1.2, NFKBIA.1, NLRC4.1, NLRC4.3, NLRC4.4, NLRP1.1, NLRP1.2, NLRP1.3, NLRP1.4, NLRP1.5, NLRP12.1, NLRP12.2, NLRP12.3, NLRP12.4, NLRP12.5, NLRP12.6, NLRP12.7, NLRP3.1, NLRP3.2, NLRP3.3, NLRP3.4, NLRP3.5, NLRP3.6, NLRP6.1, RELA.1, RELA.2, RELA.3, RELA.4, TAB2.1, TAB2.2, TLR4.1, TLR4.2, TLR4.3, TRAF6.1	43
PRODB_00922	N	N	Y	Bb_1001287H_170206_A8_01573	Bifidobacterium bifidum	hypothetical protein	Y	326426.Bbr_0035	8.06E-297	813	COG1253@1|root,COG1253@2|Bacteria,2GKN5@201174|Actinobacteria,4CZKA@85004|Bifidobacteriales	201174|Actinobacteria	P	Transporter associated domain	-	-	-	ko:K03699	-	-	-	-	ko00000,ko02042	-	-	-	CBS,CorC_HlyC,DUF21	AIM2.1, IRAK1.1, IRAK1.2, IRAK1.4, IRAK4.1, NFKB1.2, NFKBIA.1, NLRC4.4, NLRP12.5, NLRP3.1, NLRP3.3, NLRP3.4, NLRP3.5, NLRP3.6, RELA.4, TAB2.1, TAB2.2, TRAF6.1	18
PRODB_00923	N	N	Y	Ba_AF39-1ATA_01364	Bifidobacterium adolescentis	hypothetical protein	Y	1680.BADO_1560	0.00E+00	1092	COG1232@1|root,COG1232@2|Bacteria,2HZ9K@201174|Actinobacteria,4CZ3Z@85004|Bifidobacteriales	201174|Actinobacteria	H	Flavin containing amine oxidoreductase	-	-	-	-	-	-	-	-	-	-	-	-	Amino_oxidase,NAD_binding_8	AIM2.1, IKBKB.3, IRAK1.1, IRAK1.2, IRAK1.3, IRAK1.4, IRAK4.1, NAIP.1, NAIP.2, NFKB1.2, NFKBIA.1, NLRC4.1, NLRC4.2, NLRC4.3, NLRC4.4, NLRP1.1, NLRP1.2, NLRP1.3, NLRP1.4, NLRP12.1, NLRP12.2, NLRP12.3, NLRP12.4, NLRP12.5, NLRP12.6, NLRP12.7, NLRP3.1, NLRP3.2, NLRP3.3, NLRP3.4, NLRP3.5, NLRP3.6, RELA.1, RELA.2, RELA.3, RELA.4, TAB2.1, TAB2.2, TLR4.1, TLR4.2, TLR4.3	41
PRODB_00924	N	N	Y	Bb_J1101312st1_H6_J1101312_190322_01561	Bifidobacterium bifidum	Formate-dependent phosphoribosylglycinamide formyltransferase	Y	326426.Bbr_0599	2.10E-289	793	COG0027@1|root,COG0027@2|Bacteria,2GMCS@201174|Actinobacteria,4CZXH@85004|Bifidobacteriales	201174|Actinobacteria	F	Involved in the de novo purine biosynthesis. Catalyzes the transfer of formate to 5-phospho-ribosyl-glycinamide (GAR), producing 5-phospho-ribosyl-N-formylglycinamide (FGAR). Formate is provided by PurU via hydrolysis of 10-formyl-tetrahydrofolate	purT	GO:0003674,GO:0003824,GO:0005575,GO:0005622,GO:0005623,GO:0005737,GO:0005829,GO:0006793,GO:0006796,GO:0008150,GO:0008152,GO:0008776,GO:0009987,GO:0016301,GO:0016310,GO:0016740,GO:0016772,GO:0016774,GO:0044237,GO:0044424,GO:0044444,GO:0044464	2.1.2.2	ko:K08289	ko00230,ko00670,ko01100,ko01110,ko01130,map00230,map00670,map01100,map01110,map01130	M00048	R04325,R04326	RC00026,RC00197,RC01128	ko00000,ko00001,ko00002,ko01000	-	-	iNJ661.Rv0389	ATP-grasp,Epimerase	NFKB1.2, NLRC4.4, NLRP3.1, NLRP3.5, NLRP3.6, TAB2.1, TAB2.2	7
PRODB_00925	N	N	Y	Ba_1001095IJ_161003_D1_01875	Bifidobacterium adolescentis	ATP synthase subunit beta	Y	1680.BADO_1604	0.00E+00	968	COG0055@1|root,COG0055@2|Bacteria,2GIY6@201174|Actinobacteria,4CZGY@85004|Bifidobacteriales	201174|Actinobacteria	C	Produces ATP from ADP in the presence of a proton gradient across the membrane. The catalytic sites are hosted primarily by the beta subunits	atpD	GO:0005575,GO:0005576,GO:0005618,GO:0005622,GO:0005623,GO:0005737,GO:0005829,GO:0005886,GO:0008150,GO:0016020,GO:0030312,GO:0040007,GO:0044424,GO:0044444,GO:0044464,GO:0071944	3.6.3.14	ko:K02112	ko00190,ko00195,ko01100,map00190,map00195,map01100	M00157	-	-	ko00000,ko00001,ko00002,ko00194,ko01000	3.A.2.1	-	-	ATP-synt_ab,ATP-synt_ab_N	AIM2.1, IRAK1.1, IRAK1.2, IRAK1.3, IRAK1.4, NFKB1.2, NLRC4.4, NLRP12.5, NLRP3.1, NLRP3.3, RELA.1, RELA.2, RELA.3, RELA.4, TAB2.1, TAB2.2, TLR4.3	17
PRODB_00926	N	N	Y	Bb_12-4_00905	Bifidobacterium bifidum	Glutamine transport ATP-binding protein GlnQ	Y	326426.Bbr_1346	1.25E-197	548	COG1126@1|root,COG1126@2|Bacteria,2GIZW@201174|Actinobacteria,4CYXE@85004|Bifidobacteriales	201174|Actinobacteria	E	ATP-binding protein of ABC transporter for glutamate K02028	gluA	-	-	ko:K10008	ko02010,map02010	M00233	-	-	ko00000,ko00001,ko00002,ko01000,ko02000	3.A.1.3.9	-	-	ABC_tran	IRAK1.1, IRAK1.2, IRAK1.3, IRAK1.4, NFKB1.2, NLRC4.3, NLRC4.4, NLRP1.2, NLRP12.5, NLRP3.1, NLRP3.2, NLRP3.3, NLRP3.4, NLRP3.5, NLRP3.6, RELA.1, RELA.2, RELA.3, RELA.4, TAB2.1, TAB2.2, TLR4.3, TRAF6.1	23
PRODB_00927	N	N	Y	Ba_AM63-10LNA_00189	Bifidobacterium adolescentis	30S ribosomal protein S8	Y	1435051.BMOU_1720	7.94E-90	263	COG0096@1|root,COG0096@2|Bacteria,2IHQZ@201174|Actinobacteria,4D0P6@85004|Bifidobacteriales	201174|Actinobacteria	J	One of the primary rRNA binding proteins, it binds directly to 16S rRNA central domain where it helps coordinate assembly of the platform of the 30S subunit	rpsH	GO:0003674,GO:0003735,GO:0005198,GO:0005575,GO:0005622,GO:0005623,GO:0005737,GO:0005829,GO:0005840,GO:0008150,GO:0015935,GO:0022626,GO:0022627,GO:0032991,GO:0040007,GO:0043226,GO:0043228,GO:0043229,GO:0043232,GO:0044391,GO:0044422,GO:0044424,GO:0044444,GO:0044445,GO:0044446,GO:0044464,GO:1990904	-	ko:K02994	ko03010,map03010	M00178,M00179	-	-	br01610,ko00000,ko00001,ko00002,ko03011	-	-	-	Ribosomal_S8	AIM2.1, IKBKB.1, IKBKB.2, IKBKB.3, IKBKB.4, IRAK1.1, IRAK1.2, IRAK1.3, IRAK1.4, IRAK4.1, IRAK4.2, NAIP.1, NAIP.2, NFKB1.2, NFKBIA.1, NLRC4.1, NLRC4.2, NLRC4.3, NLRC4.4, NLRP1.1, NLRP1.2, NLRP1.3, NLRP1.4, NLRP1.5, NLRP12.1, NLRP12.2, NLRP12.3, NLRP12.4, NLRP12.5, NLRP12.6, NLRP12.7, NLRP3.1, NLRP3.2, NLRP3.3, NLRP3.4, NLRP3.5, NLRP3.6, NLRP6.1, NLRP6.2, RELA.1, RELA.2, RELA.3, RELA.4, TAB2.1, TAB2.2, TLR4.1, TLR4.2, TLR4.3, TRAF6.1	49
PRODB_00928	N	N	Y	Bl_UMA026_00721	Bifidobacterium longum	1-deoxy-D-xylulose 5-phosphate reductoisomerase	Y	216816.GS08_07115	3.98E-276	756	COG0743@1|root,COG0743@2|Bacteria,2GIRV@201174|Actinobacteria,4CZVC@85004|Bifidobacteriales	201174|Actinobacteria	I	Catalyzes the NADP-dependent rearrangement and reduction of 1-deoxy-D-xylulose-5-phosphate (DXP) to 2-C-methyl-D-erythritol 4-phosphate (MEP)	dxr	GO:0000166,GO:0000287,GO:0003674,GO:0003824,GO:0005488,GO:0006081,GO:0006082,GO:0006090,GO:0006629,GO:0006644,GO:0006720,GO:0006721,GO:0006793,GO:0006796,GO:0008150,GO:0008152,GO:0008299,GO:0008610,GO:0008654,GO:0009058,GO:0009240,GO:0009987,GO:0016114,GO:0016491,GO:0016614,GO:0016616,GO:0019288,GO:0019637,GO:0019682,GO:0019752,GO:0030145,GO:0030604,GO:0032787,GO:0036094,GO:0043167,GO:0043168,GO:0043169,GO:0043436,GO:0044237,GO:0044238,GO:0044249,GO:0044255,GO:0044281,GO:0046490,GO:0046872,GO:0046914,GO:0048037,GO:0050661,GO:0050662,GO:0050897,GO:0051483,GO:0051484,GO:0055114,GO:0070402,GO:0071704,GO:0090407,GO:0097159,GO:1901135,GO:1901265,GO:1901363,GO:1901576	1.1.1.267	ko:K00099	ko00900,ko01100,ko01110,ko01130,map00900,map01100,map01110,map01130	M00096	R05688	RC01452	ko00000,ko00001,ko00002,ko01000	-	-	iNJ661.Rv2870c	DXPR_C,DXP_redisom_C,DXP_reductoisom	AIM2.1, IKBKB.3, IRAK1.1, IRAK1.2, IRAK1.3, IRAK1.4, IRAK4.1, IRAK4.2, NAIP.1, NAIP.2, NFKB1.2, NFKBIA.1, NLRC4.2, NLRC4.3, NLRC4.4, NLRP1.1, NLRP1.2, NLRP1.3, NLRP1.4, NLRP12.2, NLRP12.5, NLRP3.1, NLRP3.2, NLRP3.3, NLRP3.4, NLRP3.5, NLRP3.6, RELA.1, RELA.2, RELA.3, RELA.4, TAB2.1, TAB2.2, TLR4.3, TRAF6.1	35
PRODB_00929	N	N	Y	Bb_324B_00339	Bifidobacterium bifidum	Thymidylate synthase ThyA	Y	702459.BBPR_1477	2.89E-222	611	COG0207@1|root,COG0207@2|Bacteria,2GKY0@201174|Actinobacteria,4CZQ3@85004|Bifidobacteriales	201174|Actinobacteria	F	Catalyzes the reductive methylation of 2'-deoxyuridine- 5'-monophosphate (dUMP) to 2'-deoxythymidine-5'-monophosphate (dTMP) while utilizing 5,10-methylenetetrahydrofolate (mTHF) as the methyl donor and reductant in the reaction, yielding dihydrofolate (DHF) as a by-product. This enzymatic reaction provides an intracellular de novo source of dTMP, an essential precursor for DNA biosynthesis	thyA	GO:0003674,GO:0003824,GO:0004799,GO:0006139,GO:0006220,GO:0006221,GO:0006231,GO:0006244,GO:0006725,GO:0006753,GO:0006793,GO:0006796,GO:0006807,GO:0008150,GO:0008152,GO:0008168,GO:0009056,GO:0009058,GO:0009117,GO:0009123,GO:0009124,GO:0009125,GO:0009129,GO:0009130,GO:0009131,GO:0009157,GO:0009159,GO:0009162,GO:0009165,GO:0009166,GO:0009176,GO:0009177,GO:0009178,GO:0009219,GO:0009221,GO:0009223,GO:0009262,GO:0009263,GO:0009264,GO:0009265,GO:0009394,GO:0009987,GO:0016740,GO:0016741,GO:0018130,GO:0019438,GO:0019439,GO:0019637,GO:0019692,GO:0032259,GO:0034404,GO:0034641,GO:0034654,GO:0034655,GO:0042083,GO:0044237,GO:0044238,GO:0044248,GO:0044249,GO:0044270,GO:0044271,GO:0044281,GO:0044283,GO:0046073,GO:0046078,GO:0046079,GO:0046385,GO:0046386,GO:0046434,GO:0046483,GO:0046700,GO:0055086,GO:0071704,GO:0072527,GO:0072528,GO:0072529,GO:0090407,GO:1901135,GO:1901136,GO:1901137,GO:1901292,GO:1901293,GO:1901360,GO:1901361,GO:1901362,GO:1901564,GO:1901565,GO:1901566,GO:1901575,GO:1901576	2.1.1.45	ko:K00560	ko00240,ko00670,ko01100,ko01523,map00240,map00670,map01100,map01523	M00053	R02101	RC00219,RC00332	ko00000,ko00001,ko00002,ko01000	-	-	-	Thymidylat_synt	AIM2.1, IKBKB.3, IRAK1.1, IRAK1.2, IRAK1.3, IRAK1.4, IRAK4.1, IRAK4.2, NAIP.1, NAIP.2, NFKB1.2, NFKBIA.1, NLRC4.1, NLRC4.2, NLRC4.3, NLRC4.4, NLRP1.1, NLRP1.2, NLRP1.3, NLRP1.4, NLRP1.5, NLRP12.1, NLRP12.2, NLRP12.3, NLRP12.4, NLRP12.5, NLRP12.6, NLRP12.7, NLRP3.1, NLRP3.2, NLRP3.3, NLRP3.4, NLRP3.5, NLRP3.6, NLRP6.1, NLRP6.2, RELA.1, RELA.2, RELA.3, RELA.4, TAB2.1, TAB2.2, TLR4.1, TLR4.2, TLR4.3, TRAF6.1	46
PRODB_00930	N	N	Y	Ba_1001099B_141217_F6_01068	Bifidobacterium adolescentis	Elongation factor 4	Y	1680.BADO_0794	0.00E+00	1222	COG0481@1|root,COG0481@2|Bacteria,2GJAB@201174|Actinobacteria,4CYWI@85004|Bifidobacteriales	201174|Actinobacteria	M	Required for accurate and efficient protein synthesis under certain stress conditions. May act as a fidelity factor of the translation reaction, by catalyzing a one-codon backward translocation of tRNAs on improperly translocated ribosomes. Back- translocation proceeds from a post-translocation (POST) complex to a pre-translocation (PRE) complex, thus giving elongation factor G a second chance to translocate the tRNAs correctly. Binds to ribosomes in a GTP-dependent manner	lepA	GO:0005575,GO:0005618,GO:0005622,GO:0005623,GO:0005737,GO:0005829,GO:0030312,GO:0044424,GO:0044444,GO:0044464,GO:0071944	-	ko:K03596	ko05134,map05134	-	-	-	ko00000,ko00001	-	-	-	EFG_C,GTP_EFTU,GTP_EFTU_D2,LepA_C	AIM2.1, NLRC4.4, NLRP12.5, NLRP3.1, NLRP3.3, NLRP3.5, NLRP3.6, RELA.1, RELA.2, RELA.3, RELA.4, TAB2.2, TLR4.3	13
PRODB_00931	N	N	Y	Bb_20_01131	Bifidobacterium bifidum	Aspartyl/glutamyl-tRNA(Asn/Gln) amidotransferase subunit B	Y	398513.BBNG_01429	0.00E+00	983	COG0064@1|root,COG0064@2|Bacteria,2GJJH@201174|Actinobacteria,4CYUY@85004|Bifidobacteriales	201174|Actinobacteria	J	Allows the formation of correctly charged Asn-tRNA(Asn) or Gln-tRNA(Gln) through the transamidation of misacylated Asp- tRNA(Asn) or Glu-tRNA(Gln) in organisms which lack either or both of asparaginyl-tRNA or glutaminyl-tRNA synthetases. The reaction takes place in the presence of glutamine and ATP through an activated phospho-Asp-tRNA(Asn) or phospho-Glu-tRNA(Gln)	gatB	GO:0003674,GO:0003824,GO:0005575,GO:0005623,GO:0005886,GO:0006082,GO:0006139,GO:0006399,GO:0006520,GO:0006725,GO:0006807,GO:0008150,GO:0008152,GO:0009987,GO:0016020,GO:0016070,GO:0016874,GO:0016879,GO:0016884,GO:0019752,GO:0034641,GO:0034660,GO:0040007,GO:0043038,GO:0043039,GO:0043170,GO:0043436,GO:0044237,GO:0044238,GO:0044281,GO:0044464,GO:0046483,GO:0050567,GO:0070681,GO:0071704,GO:0071944,GO:0090304,GO:0140098,GO:0140101,GO:1901360,GO:1901564	6.3.5.6,6.3.5.7	ko:K02434	ko00970,ko01100,map00970,map01100	-	R03905,R04212	RC00010	ko00000,ko00001,ko01000,ko03029	-	-	-	GatB_N,GatB_Yqey	AIM2.1, IRAK1.1, IRAK1.2, IRAK1.3, IRAK1.4, NAIP.1, NFKB1.2, NLRC4.3, NLRC4.4, NLRP1.4, NLRP12.5, NLRP3.1, NLRP3.2, NLRP3.3, NLRP3.4, NLRP3.5, NLRP3.6, RELA.1, RELA.2, RELA.3, RELA.4, TAB2.1, TAB2.2, TRAF6.1	24
PRODB_00932	N	N	Y	Bb_1891B_00097	Bifidobacterium bifidum	50S ribosomal protein L4	Y	326426.Bbr_1640	2.80E-150	423	COG0088@1|root,COG0088@2|Bacteria,2GJYJ@201174|Actinobacteria,4CZSA@85004|Bifidobacteriales	201174|Actinobacteria	J	Forms part of the polypeptide exit tunnel	rplD	GO:0003674,GO:0003676,GO:0003723,GO:0003735,GO:0005198,GO:0005488,GO:0005575,GO:0005622,GO:0005623,GO:0005737,GO:0005829,GO:0005840,GO:0005886,GO:0006412,GO:0006518,GO:0006807,GO:0008150,GO:0008152,GO:0009058,GO:0009059,GO:0009987,GO:0010467,GO:0016020,GO:0019538,GO:0022626,GO:0032991,GO:0034641,GO:0034645,GO:0040007,GO:0043043,GO:0043170,GO:0043226,GO:0043228,GO:0043229,GO:0043232,GO:0043603,GO:0043604,GO:0044237,GO:0044238,GO:0044249,GO:0044260,GO:0044267,GO:0044271,GO:0044424,GO:0044444,GO:0044445,GO:0044464,GO:0071704,GO:0071944,GO:0097159,GO:1901363,GO:1901564,GO:1901566,GO:1901576,GO:1990904	-	ko:K02926	ko03010,map03010	M00178	-	-	br01610,ko00000,ko00001,ko00002,ko03011	-	-	-	Ribosomal_L4	AIM2.1, IRAK1.1, IRAK1.2, IRAK1.3, IRAK1.4, IRAK4.1, NAIP.1, NAIP.2, NFKB1.2, NFKBIA.1, NLRC4.2, NLRC4.3, NLRC4.4, NLRP1.1, NLRP1.2, NLRP1.3, NLRP1.4, NLRP1.5, NLRP12.1, NLRP12.2, NLRP12.5, NLRP12.6, NLRP12.7, NLRP3.1, NLRP3.2, NLRP3.3, NLRP3.4, NLRP3.5, NLRP3.6, RELA.1, RELA.2, RELA.3, RELA.4, TAB2.1, TAB2.2, TLR4.3, TRAF6.1	37
PRODB_00933	N	N	Y	Ba_2218st1_B1_2218SCRN_220325_01671	Bifidobacterium adolescentis	50S ribosomal protein L34	Y	1435051.BMOU_1309	1.89E-19	79	COG0230@1|root,COG0230@2|Bacteria,2GQFY@201174|Actinobacteria,4D1EF@85004|Bifidobacteriales	201174|Actinobacteria	J	Belongs to the bacterial ribosomal protein bL34 family	rpmH	-	-	ko:K02914	ko03010,map03010	M00178	-	-	br01610,ko00000,ko00001,ko00002,ko03011	-	-	-	Ribosomal_L34	AIM2.1, IKBKB.1, IKBKB.2, IKBKB.3, IKBKB.4, IRAK1.1, IRAK1.2, IRAK1.3, IRAK1.4, IRAK4.1, IRAK4.2, NAIP.1, NAIP.2, NFKB1.2, NFKBIA.1, NLRC4.1, NLRC4.2, NLRC4.3, NLRC4.4, NLRP1.1, NLRP1.2, NLRP1.3, NLRP1.4, NLRP1.5, NLRP12.1, NLRP12.2, NLRP12.3, NLRP12.4, NLRP12.5, NLRP12.6, NLRP12.7, NLRP3.1, NLRP3.2, NLRP3.3, NLRP3.4, NLRP3.5, NLRP3.6, NLRP6.1, NLRP6.2, RELA.1, RELA.2, RELA.3, RELA.4, TAB2.1, TAB2.2, TLR4.1, TLR4.2, TLR4.3, TRAF6.1	49
PRODB_00934	N	N	Y	Bb_SDS-1441-OWr_00679	Bifidobacterium bifidum	putative amino acid permease YhdG	Y	547043.BIFPSEUDO_02398	0.00E+00	908	COG0531@1|root,COG0531@2|Bacteria,2GJ75@201174|Actinobacteria,4CYZA@85004|Bifidobacteriales	201174|Actinobacteria	E	aromatic amino acid transport protein AroP K03293	aap1	-	-	ko:K03294	-	-	-	-	ko00000	2.A.3.2	-	-	AA_permease_2	AIM2.1, IRAK1.1, IRAK1.2, IRAK1.3, IRAK1.4, NFKB1.2, NLRC4.3, NLRC4.4, NLRP1.1, NLRP1.2, NLRP1.4, NLRP3.1, NLRP3.2, NLRP3.3, NLRP3.4, NLRP3.5, NLRP3.6, RELA.1, RELA.2, RELA.3, RELA.4, TAB2.1, TAB2.2, TLR4.3, TRAF6.1	25
PRODB_00935	N	N	Y	Bl_AM20-3_00624	Bifidobacterium longum	Pyridoxal 5'-phosphate synthase subunit PdxS	Y	326426.Bbr_0549	7.42E-196	546	COG0214@1|root,COG0214@2|Bacteria,2GK1T@201174|Actinobacteria,4CZ5P@85004|Bifidobacteriales	201174|Actinobacteria	H	Catalyzes the formation of pyridoxal 5'-phosphate from ribose 5-phosphate (RBP), glyceraldehyde 3-phosphate (G3P) and ammonia. The ammonia is provided by the PdxT subunit. Can also use ribulose 5-phosphate and dihydroxyacetone phosphate as substrates, resulting from enzyme-catalyzed isomerization of RBP and G3P, respectively	pdxS	GO:0003674,GO:0003824,GO:0005575,GO:0005623,GO:0005886,GO:0006081,GO:0006725,GO:0006732,GO:0006766,GO:0006767,GO:0006793,GO:0006796,GO:0006807,GO:0008150,GO:0008152,GO:0009058,GO:0009108,GO:0009110,GO:0009987,GO:0016020,GO:0016829,GO:0016840,GO:0016843,GO:0017144,GO:0018130,GO:0019438,GO:0019637,GO:0034641,GO:0040007,GO:0042364,GO:0042816,GO:0042819,GO:0042822,GO:0042823,GO:0044237,GO:0044249,GO:0044271,GO:0044281,GO:0044283,GO:0044464,GO:0046184,GO:0046483,GO:0051186,GO:0051188,GO:0071704,GO:0071944,GO:0072524,GO:0072525,GO:0090407,GO:1901360,GO:1901362,GO:1901564,GO:1901566,GO:1901576,GO:1901615,GO:1901617	4.3.3.6	ko:K06215	ko00750,map00750	-	R07456	RC00010,RC01783,RC03043	ko00000,ko00001,ko01000	-	-	-	SOR_SNZ		0
PRODB_00936	N	N	Y	Bb_85B_00129	Bifidobacterium bifidum	Alanine racemase	Y	398513.BBNG_01292	0.00E+00	881	COG0787@1|root,COG0787@2|Bacteria,2GM2Y@201174|Actinobacteria,4CZ2Q@85004|Bifidobacteriales	201174|Actinobacteria	M	Catalyzes the interconversion of L-alanine and D- alanine. May also act on other amino acids	alr	-	5.1.1.1	ko:K01775	ko00473,ko01100,ko01502,map00473,map01100,map01502	-	R00401	RC00285	ko00000,ko00001,ko01000,ko01011	-	-	-	Ala_racemase_C,Ala_racemase_N	NFKB1.2, NLRC4.4, NLRP3.1, NLRP3.2, NLRP3.3, NLRP3.4, NLRP3.5, NLRP3.6, TAB2.1, TAB2.2	10
PRODB_00937	N	N	Y	Ba_AM87-02CMCA_00325	Bifidobacterium adolescentis	Phosphate import ATP-binding protein PstB 1	Y	1680.BADO_0289	7.79E-191	529	COG1117@1|root,COG1117@2|Bacteria,2GJQ3@201174|Actinobacteria,4CYVE@85004|Bifidobacteriales	201174|Actinobacteria	P	Part of the ABC transporter complex PstSACB involved in phosphate import. Responsible for energy coupling to the transport system	pstB	-	3.6.3.27	ko:K02036	ko02010,map02010	M00222	-	-	ko00000,ko00001,ko00002,ko01000,ko02000	3.A.1.7	-	-	ABC_tran	AIM2.1, IRAK1.1, IRAK1.2, IRAK1.3, IRAK1.4, NAIP.2, NFKB1.2, NLRP3.1, NLRP3.5, NLRP3.6, RELA.1, RELA.2, RELA.4, TAB2.2, TLR4.3	15
PRODB_00938	N	N	Y	Ba_AF102-65_00648	Bifidobacterium adolescentis	60 kDa chaperonin 1	Y	78346.BRUM_1207	0.00E+00	992	COG0459@1|root,COG0459@2|Bacteria,2GKC9@201174|Actinobacteria,4CZJK@85004|Bifidobacteriales	201174|Actinobacteria	O	Prevents misfolding and promotes the refolding and proper assembly of unfolded polypeptides generated under stress conditions	groL	GO:0001666,GO:0003674,GO:0005488,GO:0005515,GO:0005575,GO:0005576,GO:0005618,GO:0005622,GO:0005623,GO:0005737,GO:0005829,GO:0005886,GO:0006457,GO:0006458,GO:0006950,GO:0008150,GO:0009266,GO:0009408,GO:0009628,GO:0009987,GO:0016020,GO:0016465,GO:0022610,GO:0030112,GO:0030312,GO:0030313,GO:0031975,GO:0032991,GO:0036293,GO:0040007,GO:0042026,GO:0042603,GO:0043388,GO:0044093,GO:0044183,GO:0044403,GO:0044406,GO:0044419,GO:0044424,GO:0044444,GO:0044445,GO:0044464,GO:0050896,GO:0051082,GO:0051098,GO:0051099,GO:0051101,GO:0051704,GO:0061077,GO:0065007,GO:0065009,GO:0070482,GO:0071944,GO:0101031,GO:1990220,GO:2000677,GO:2000679	-	ko:K04077	ko03018,ko04212,ko04940,ko05134,ko05152,map03018,map04212,map04940,map05134,map05152	-	-	-	ko00000,ko00001,ko03019,ko03029,ko03110,ko04147	-	-	-	Cpn60_TCP1	NFKB1.2, NFKBIA.1, NLRC4.4, NLRP12.5, NLRP3.1, NLRP3.2, NLRP3.3, NLRP3.4, NLRP3.5, NLRP3.6, TAB2.1, TAB2.2, TRAF6.1	13
PRODB_00939	N	N	Y	Bb_1001283st1_D6_1001283B150209_150212_00902	Bifidobacterium bifidum	hypothetical protein	Y	702459.BBPR_1530	1.26E-93	276	COG0203@1|root,COG0203@2|Bacteria,2IHV2@201174|Actinobacteria,4D0PZ@85004|Bifidobacteriales	201174|Actinobacteria	J	Ribosomal protein L17	rplQ	GO:0003674,GO:0003735,GO:0005198,GO:0005575,GO:0005618,GO:0005622,GO:0005623,GO:0005737,GO:0005829,GO:0005840,GO:0005886,GO:0015934,GO:0016020,GO:0022625,GO:0022626,GO:0030312,GO:0032991,GO:0043226,GO:0043228,GO:0043229,GO:0043232,GO:0044391,GO:0044422,GO:0044424,GO:0044444,GO:0044445,GO:0044446,GO:0044464,GO:0071944,GO:1990904	-	ko:K02879	ko03010,map03010	M00178	-	-	br01610,ko00000,ko00001,ko00002,ko03011	-	-	-	Ribosomal_L17	AIM2.1, IKBKB.1, IKBKB.2, IKBKB.3, IKBKB.4, IRAK1.1, IRAK1.2, IRAK1.3, IRAK1.4, IRAK4.1, IRAK4.2, NAIP.1, NAIP.2, NFKB1.2, NFKBIA.1, NLRC4.1, NLRC4.2, NLRC4.3, NLRC4.4, NLRP1.1, NLRP1.2, NLRP1.3, NLRP1.4, NLRP1.5, NLRP12.1, NLRP12.2, NLRP12.3, NLRP12.4, NLRP12.5, NLRP12.6, NLRP12.7, NLRP3.1, NLRP3.2, NLRP3.3, NLRP3.4, NLRP3.5, NLRP3.6, NLRP6.1, NLRP6.2, RELA.1, RELA.2, RELA.3, RELA.4, TAB2.1, TAB2.2, TLR4.1, TLR4.2, TLR4.3, TRAF6.1	49
PRODB_00940	N	N	Y	Bb_BR-I29_01849	Bifidobacterium bifidum	hypothetical protein	Y	216816.GS08_00795	6.68E-143	403	2C7PT@1|root,2ZXN2@2|Bacteria,2GM64@201174|Actinobacteria,4CYPY@85004|Bifidobacteriales	201174|Actinobacteria	-	-	-	-	-	-	-	-	-	-	-	-	-	-	-	AIM2.1, IRAK1.1, IRAK1.2, IRAK1.3, IRAK1.4, IRAK4.1, NAIP.1, NAIP.2, NFKB1.2, NLRC4.4, NLRP1.1, NLRP1.2, NLRP1.3, NLRP1.4, NLRP12.2, NLRP12.5, NLRP3.1, NLRP3.2, NLRP3.3, NLRP3.4, NLRP3.5, NLRP3.6, RELA.1, RELA.2, RELA.3, RELA.4, TAB2.1, TAB2.2, TLR4.3, TRAF6.1	30
PRODB_00941	N	N	Y	Ba_1001713B170214_170313_A6_01244	Bifidobacterium adolescentis	50S ribosomal protein L2	Y	1680.BADO_0331	1.91E-195	542	COG0090@1|root,COG0090@2|Bacteria,2GK7R@201174|Actinobacteria,4CZ5U@85004|Bifidobacteriales	201174|Actinobacteria	J	One of the primary rRNA binding proteins. Required for association of the 30S and 50S subunits to form the 70S ribosome, for tRNA binding and peptide bond formation. It has been suggested to have peptidyltransferase activity	rplB	GO:0002181,GO:0003674,GO:0003676,GO:0003723,GO:0003735,GO:0005198,GO:0005488,GO:0005575,GO:0005622,GO:0005623,GO:0005737,GO:0005829,GO:0005840,GO:0005886,GO:0006412,GO:0006518,GO:0006807,GO:0008150,GO:0008152,GO:0009058,GO:0009059,GO:0009987,GO:0010467,GO:0015934,GO:0016020,GO:0019538,GO:0022625,GO:0022626,GO:0032991,GO:0034641,GO:0034645,GO:0040007,GO:0043043,GO:0043170,GO:0043226,GO:0043228,GO:0043229,GO:0043232,GO:0043603,GO:0043604,GO:0044237,GO:0044238,GO:0044249,GO:0044260,GO:0044267,GO:0044271,GO:0044391,GO:0044422,GO:0044424,GO:0044444,GO:0044445,GO:0044446,GO:0044464,GO:0071704,GO:0071944,GO:0097159,GO:1901363,GO:1901564,GO:1901566,GO:1901576,GO:1990904	-	ko:K02886	ko03010,map03010	M00178,M00179	-	-	br01610,ko00000,ko00001,ko00002,ko03011	-	-	-	Ribosomal_L2,Ribosomal_L2_C	AIM2.1, IRAK1.1, IRAK1.2, IRAK1.3, IRAK1.4, IRAK4.1, IRAK4.2, NAIP.1, NAIP.2, NFKB1.2, NFKBIA.1, NLRC4.2, NLRC4.3, NLRC4.4, NLRP1.1, NLRP1.2, NLRP1.3, NLRP1.4, NLRP1.5, NLRP12.1, NLRP12.2, NLRP12.3, NLRP12.4, NLRP12.5, NLRP12.6, NLRP12.7, NLRP3.1, NLRP3.2, NLRP3.3, NLRP3.4, NLRP3.5, NLRP3.6, RELA.1, RELA.2, RELA.3, RELA.4, TAB2.1, TAB2.2, TLR4.3, TRAF6.1	40
PRODB_00942	N	N	Y	Bb_1889B_00107	Bifidobacterium bifidum	Phospho-2-dehydro-3-deoxyheptonate aldolase, Phe-sensitive	Y	326426.Bbr_1688	5.19E-274	749	COG0722@1|root,COG0722@2|Bacteria,2GMVF@201174|Actinobacteria,4CZMR@85004|Bifidobacteriales	201174|Actinobacteria	E	Stereospecific condensation of phosphoenolpyruvate (PEP) and D-erythrose-4-phosphate (E4P) giving rise to 3-deoxy-D- arabino-heptulosonate-7-phosphate (DAHP)	aroG	-	2.5.1.54	ko:K01626	ko00400,ko01100,ko01110,ko01130,ko01230,ko02024,map00400,map01100,map01110,map01130,map01230,map02024	M00022	R01826	RC00435	ko00000,ko00001,ko00002,ko01000	-	-	-	DAHP_synth_1	AIM2.1, IKBKB.3, IRAK1.1, IRAK1.2, IRAK1.3, IRAK1.4, IRAK4.1, NAIP.1, NAIP.2, NFKB1.2, NFKBIA.1, NLRC4.1, NLRC4.2, NLRC4.3, NLRC4.4, NLRP1.1, NLRP1.2, NLRP1.3, NLRP1.4, NLRP1.5, NLRP12.2, NLRP12.4, NLRP12.5, NLRP12.6, NLRP3.1, NLRP3.2, NLRP3.3, NLRP3.4, NLRP3.5, NLRP3.6, NLRP6.1, NLRP6.2, RELA.1, RELA.2, RELA.3, RELA.4, TAB2.1, TAB2.2, TLR4.1, TLR4.2, TLR4.3, TRAF6.1	42
PRODB_00943	N	N	Y	Ba_1001095IJ_161003_D1_00030	Bifidobacterium adolescentis	Hypoxanthine-guanine phosphoribosyltransferase	Y	1680.BADO_0413	2.86E-127	362	COG0634@1|root,COG0634@2|Bacteria,2GMDZ@201174|Actinobacteria,4CZNJ@85004|Bifidobacteriales	201174|Actinobacteria	F	Belongs to the purine pyrimidine phosphoribosyltransferase family	hpt	-	2.4.2.8	ko:K00760	ko00230,ko00983,ko01100,ko01110,map00230,map00983,map01100,map01110	-	R00190,R01132,R01229,R02142,R08237,R08238,R08245	RC00063,RC00122	ko00000,ko00001,ko01000	-	-	-	Pribosyltran	AIM2.1, IRAK1.1, IRAK1.2, IRAK1.3, IRAK1.4, IRAK4.1, NAIP.1, NAIP.2, NFKB1.2, NFKBIA.1, NLRC4.3, NLRC4.4, NLRP1.1, NLRP1.2, NLRP1.3, NLRP1.4, NLRP3.1, NLRP3.2, NLRP3.3, NLRP3.4, NLRP3.5, NLRP3.6, NLRP6.2, RELA.1, RELA.2, RELA.3, RELA.4, TAB2.1, TAB2.2, TLR4.3, TRAF6.1	31
PRODB_00944	N	N	Y	Ba_AM113-155_00036	Bifidobacterium adolescentis	Aspartate--tRNA(Asp/Asn) ligase	Y	1680.BADO_0589	0.00E+00	1187	COG0173@1|root,COG0173@2|Bacteria,2GJHU@201174|Actinobacteria,4CYWQ@85004|Bifidobacteriales	201174|Actinobacteria	J	Aspartyl-tRNA synthetase with relaxed tRNA specificity since it is able to aspartylate not only its cognate tRNA(Asp) but also tRNA(Asn). Reaction proceeds in two steps L-aspartate is first activated by ATP to form Asp-AMP and then transferred to the acceptor end of tRNA(Asp Asn)	aspS	GO:0005575,GO:0005618,GO:0005623,GO:0030312,GO:0044464,GO:0071944	6.1.1.12	ko:K01876	ko00970,map00970	M00359,M00360	R05577	RC00055,RC00523	ko00000,ko00001,ko00002,ko01000,ko01007,ko03016,ko03029	-	-	-	GAD,tRNA-synt_2,tRNA_anti-codon	AIM2.1, IRAK1.1, IRAK1.2, IRAK1.3, IRAK1.4, IRAK4.1, NAIP.1, NAIP.2, NFKB1.2, NLRC4.3, NLRC4.4, NLRP3.1, NLRP3.2, NLRP3.3, NLRP3.4, NLRP3.5, NLRP3.6, RELA.1, RELA.2, RELA.3, RELA.4, TAB2.1, TAB2.2	23
PRODB_00945	N	N	Y	Bb_SDS-1919-OWr1_01321	Bifidobacterium bifidum	Polyphosphate kinase	Y	326426.Bbr_1770	0.00E+00	1432	COG0855@1|root,COG0855@2|Bacteria,2GJ0B@201174|Actinobacteria,4CYXH@85004|Bifidobacteriales	201174|Actinobacteria	P	Catalyzes the reversible transfer of the terminal phosphate of ATP to form a long-chain polyphosphate (polyP)	ppk	-	2.7.4.1	ko:K00937	ko00190,ko03018,map00190,map03018	-	-	-	ko00000,ko00001,ko01000,ko03019	-	-	-	PP_kinase,PP_kinase_C,PP_kinase_N	AIM2.1, IRAK1.1, IRAK1.2, IRAK1.3, IRAK1.4, IRAK4.1, NAIP.1, NAIP.2, NFKB1.2, NFKBIA.1, NLRC4.2, NLRC4.3, NLRC4.4, NLRP1.1, NLRP1.2, NLRP1.3, NLRP1.4, NLRP12.1, NLRP12.2, NLRP12.3, NLRP12.4, NLRP12.5, NLRP12.6, NLRP12.7, NLRP3.1, NLRP3.2, NLRP3.3, NLRP3.4, NLRP3.5, NLRP3.6, RELA.1, RELA.2, RELA.3, RELA.4, TAB2.1, TAB2.2, TLR4.3, TRAF6.1	38
PRODB_00946	N	N	Y	Bb_1001274st1_H8_1001274B_151102_00543	Bifidobacterium bifidum	Bifunctional protein FolD protein	Y	326426.Bbr_0752	2.53E-208	576	COG0190@1|root,COG0190@2|Bacteria,2GJZS@201174|Actinobacteria,4CZ53@85004|Bifidobacteriales	201174|Actinobacteria	F	Catalyzes the oxidation of 5,10- methylenetetrahydrofolate to 5,10-methenyltetrahydrofolate and then the hydrolysis of 5,10-methenyltetrahydrofolate to 10- formyltetrahydrofolate	folD	GO:0003674,GO:0003824,GO:0004477,GO:0004488,GO:0005575,GO:0005576,GO:0005622,GO:0005623,GO:0005737,GO:0005829,GO:0005886,GO:0006730,GO:0008150,GO:0008152,GO:0009987,GO:0016020,GO:0016491,GO:0016645,GO:0016646,GO:0016787,GO:0016810,GO:0016814,GO:0019238,GO:0040007,GO:0044237,GO:0044281,GO:0044424,GO:0044444,GO:0044464,GO:0055114,GO:0071944	1.5.1.5,3.5.4.9	ko:K01491	ko00670,ko00720,ko01100,ko01120,ko01200,map00670,map00720,map01100,map01120,map01200	M00140,M00377	R01220,R01655	RC00202,RC00578	ko00000,ko00001,ko00002,ko01000	-	-	-	THF_DHG_CYH,THF_DHG_CYH_C		0
PRODB_00947	N	N	Y	Bl_72B_01859	Bifidobacterium longum	putative transcriptional regulatory protein TcrX	Y	216816.GS08_07645	5.32E-169	473	COG0745@1|root,COG0745@2|Bacteria,2GIZB@201174|Actinobacteria,4CYPS@85004|Bifidobacteriales	201174|Actinobacteria	KT	Response regulator receiver domain protein	phoP	-	-	ko:K02483	-	-	-	-	ko00000,ko02022	-	-	-	Response_reg,Trans_reg_C	AIM2.1, IKBKB.3, IRAK1.1, IRAK1.2, IRAK1.3, IRAK1.4, IRAK4.1, NAIP.1, NAIP.2, NFKB1.2, NFKBIA.1, NLRC4.2, NLRC4.3, NLRC4.4, NLRP1.1, NLRP1.2, NLRP1.4, NLRP12.1, NLRP12.2, NLRP12.3, NLRP12.4, NLRP12.5, NLRP12.6, NLRP12.7, NLRP3.1, NLRP3.2, NLRP3.3, NLRP3.4, NLRP3.5, NLRP3.6, NLRP6.1, RELA.1, RELA.2, RELA.3, RELA.4, TAB2.1, TAB2.2, TLR4.3, TRAF6.1	39
PRODB_00948	N	N	Y	Bb_AM07-8_00470	Bifidobacterium bifidum	30S ribosomal protein S17	Y	398513.BBNG_01549	3.83E-56	174	COG0186@1|root,COG0186@2|Bacteria,2IQ68@201174|Actinobacteria,4D10N@85004|Bifidobacteriales	201174|Actinobacteria	J	One of the primary rRNA binding proteins, it binds specifically to the 5'-end of 16S ribosomal RNA	rpsQ	GO:0003674,GO:0003735,GO:0005198,GO:0005575,GO:0005622,GO:0005623,GO:0005737,GO:0005829,GO:0005840,GO:0005886,GO:0006412,GO:0006518,GO:0006807,GO:0008150,GO:0008152,GO:0009058,GO:0009059,GO:0009987,GO:0010467,GO:0015935,GO:0016020,GO:0019538,GO:0022626,GO:0022627,GO:0032991,GO:0034641,GO:0034645,GO:0040007,GO:0043043,GO:0043170,GO:0043226,GO:0043228,GO:0043229,GO:0043232,GO:0043603,GO:0043604,GO:0044237,GO:0044238,GO:0044249,GO:0044260,GO:0044267,GO:0044271,GO:0044391,GO:0044422,GO:0044424,GO:0044444,GO:0044445,GO:0044446,GO:0044464,GO:0071704,GO:0071944,GO:1901564,GO:1901566,GO:1901576,GO:1990904	-	ko:K02961	ko03010,map03010	M00178,M00179	-	-	br01610,ko00000,ko00001,ko00002,ko03011	-	-	-	Ribosomal_S17	AIM2.1, IKBKB.1, IKBKB.2, IKBKB.3, IKBKB.4, IRAK1.1, IRAK1.2, IRAK1.3, IRAK1.4, IRAK4.1, IRAK4.2, NAIP.1, NAIP.2, NFKB1.2, NFKBIA.1, NLRC4.1, NLRC4.2, NLRC4.3, NLRC4.4, NLRP1.1, NLRP1.2, NLRP1.3, NLRP1.4, NLRP1.5, NLRP12.1, NLRP12.2, NLRP12.3, NLRP12.4, NLRP12.5, NLRP12.6, NLRP12.7, NLRP3.1, NLRP3.2, NLRP3.3, NLRP3.4, NLRP3.5, NLRP3.6, NLRP6.1, NLRP6.2, RELA.1, RELA.2, RELA.3, RELA.4, TAB2.1, TAB2.2, TLR4.1, TLR4.2, TLR4.3, TRAF6.1	49
PRODB_00949	N	N	Y	Bb_AF28-10A_00078	Bifidobacterium bifidum	NAD(P) transhydrogenase subunit alpha	Y	702459.BBPR_0828	5.37E-59	183	COG3288@1|root,COG3288@2|Bacteria,2IKR9@201174|Actinobacteria,4D12D@85004|Bifidobacteriales	201174|Actinobacteria	C	4TM region of pyridine nucleotide transhydrogenase, mitoch	pntAB	-	1.6.1.2	ko:K00324	ko00760,ko01100,map00760,map01100	-	R00112	RC00001	ko00000,ko00001,ko01000	-	-	-	PNTB_4TM	AIM2.1, IKBKB.1, IKBKB.2, IKBKB.3, IKBKB.4, IRAK1.1, IRAK1.2, IRAK1.3, IRAK1.4, IRAK4.1, IRAK4.2, NAIP.1, NAIP.2, NFKB1.2, NFKBIA.1, NLRC4.1, NLRC4.2, NLRC4.3, NLRC4.4, NLRP1.1, NLRP1.2, NLRP1.3, NLRP1.4, NLRP1.5, NLRP12.1, NLRP12.2, NLRP12.3, NLRP12.4, NLRP12.5, NLRP12.6, NLRP12.7, NLRP3.1, NLRP3.2, NLRP3.3, NLRP3.4, NLRP3.5, NLRP3.6, NLRP6.1, NLRP6.2, RELA.1, RELA.2, RELA.3, RELA.4, TAB2.1, TAB2.2, TLR4.1, TLR4.2, TLR4.3, TRAF6.1	49
PRODB_00950	N	N	Y	Ba_AF96-43M2TA_01027	Bifidobacterium adolescentis	Acyl-CoA thioesterase 2	Y	1680.BADO_0419	9.29E-220	605	COG1946@1|root,COG1946@2|Bacteria,2GJ1B@201174|Actinobacteria,4CZRC@85004|Bifidobacteriales	201174|Actinobacteria	I	Thioesterase-like superfamily	tesB	-	-	ko:K10805	ko01040,map01040	-	-	-	ko00000,ko00001,ko01000,ko01004	-	-	-	4HBT_3	AIM2.1, IRAK1.1, IRAK1.2, IRAK1.3, IRAK1.4, IRAK4.1, NFKB1.2, NFKBIA.1, NLRC4.3, NLRC4.4, NLRP1.1, NLRP1.2, NLRP1.4, NLRP12.5, NLRP3.1, NLRP3.2, NLRP3.3, NLRP3.4, NLRP3.5, NLRP3.6, RELA.1, RELA.2, RELA.3, RELA.4, TAB2.1, TAB2.2, TLR4.3	27
PRODB_00951	N	N	Y	Ba_AF51-06b1_01547	Bifidobacterium adolescentis	putative protein	Y	1680.BADO_1610	5.08E-214	593	COG3118@1|root,COG3118@2|Bacteria,2GJ7B@201174|Actinobacteria,4CZHU@85004|Bifidobacteriales	201174|Actinobacteria	O	Tetratricopeptide repeat	ybbN	GO:0005575,GO:0005618,GO:0005623,GO:0005886,GO:0016020,GO:0030312,GO:0044464,GO:0071944	-	ko:K05838	-	-	-	-	ko00000,ko03110	-	-	-	TPR_19,TPR_20,Thioredoxin	AIM2.1, IRAK1.1, IRAK1.2, IRAK1.3, IRAK1.4, IRAK4.1, NAIP.2, NFKB1.2, NFKBIA.1, NLRC4.2, NLRC4.3, NLRC4.4, NLRP1.1, NLRP1.2, NLRP1.3, NLRP1.4, NLRP12.5, NLRP3.1, NLRP3.2, NLRP3.3, NLRP3.4, NLRP3.5, NLRP3.6, RELA.1, RELA.2, RELA.3, RELA.4, TAB2.1, TAB2.2, TLR4.3, TRAF6.1	31
PRODB_00952	N	N	Y	Bb_1001254st1_B10_1001254J_160919_01904	Bifidobacterium bifidum	Phospho-N-acetylmuramoyl-pentapeptide-transferase	Y	326426.Bbr_1260	4.05E-266	728	COG0472@1|root,COG0472@2|Bacteria,2GNEH@201174|Actinobacteria,4CYRX@85004|Bifidobacteriales	201174|Actinobacteria	M	First step of the lipid cycle reactions in the biosynthesis of the cell wall peptidoglycan	mraY	-	2.7.8.13	ko:K01000	ko00550,ko01100,ko01502,map00550,map01100,map01502	-	R05629,R05630	RC00002,RC02753	ko00000,ko00001,ko01000,ko01011	9.B.146	-	-	Glycos_transf_4,MraY_sig1	AIM2.1, IRAK1.1, IRAK1.2, IRAK4.1, NFKB1.2, NFKBIA.1, NLRP1.1, NLRP3.1, NLRP3.2, NLRP3.3, NLRP3.4, NLRP3.5, NLRP3.6, RELA.1, RELA.2, RELA.3, RELA.4, TAB2.1, TAB2.2, TRAF6.1	20
PRODB_00953	N	N	Y	Ba_2227st2_E5_2227SCRN_220401_01094	Bifidobacterium adolescentis	Ribose-5-phosphate isomerase A	Y	1680.BADO_0367	8.66E-161	451	COG0120@1|root,COG0120@2|Bacteria,2GMHW@201174|Actinobacteria,4CZDH@85004|Bifidobacteriales	201174|Actinobacteria	G	Catalyzes the reversible conversion of ribose-5- phosphate to ribulose 5-phosphate	rpiA	-	5.3.1.6	ko:K01807	ko00030,ko00710,ko01100,ko01110,ko01120,ko01130,ko01200,ko01230,map00030,map00710,map01100,map01110,map01120,map01130,map01200,map01230	M00004,M00007,M00165,M00167,M00580	R01056	RC00434	ko00000,ko00001,ko00002,ko01000	-	-	-	Rib_5-P_isom_A	NLRC4.4	1
PRODB_00954	N	N	Y	Ba_D31t1_170403_E3_00868	Bifidobacterium adolescentis	3-dehydroquinate dehydratase	Y	1680.BADO_0752	1.36E-105	304	COG0757@1|root,COG0757@2|Bacteria,2IMBY@201174|Actinobacteria,4D0Q6@85004|Bifidobacteriales	201174|Actinobacteria	E	Catalyzes a trans-dehydration via an enolate intermediate	aroQ	GO:0003674,GO:0003824,GO:0003855,GO:0005575,GO:0005622,GO:0005623,GO:0005737,GO:0005829,GO:0006082,GO:0008150,GO:0008152,GO:0009058,GO:0009423,GO:0009987,GO:0016053,GO:0016829,GO:0016835,GO:0016836,GO:0019752,GO:0040007,GO:0043436,GO:0043648,GO:0043650,GO:0044237,GO:0044249,GO:0044281,GO:0044283,GO:0044424,GO:0044444,GO:0044464,GO:0046394,GO:0046417,GO:0071704,GO:1901576	4.2.1.10	ko:K03786	ko00400,ko01100,ko01110,ko01130,ko01230,map00400,map01100,map01110,map01130,map01230	M00022	R03084	RC00848	ko00000,ko00001,ko00002,ko01000	-	-	-	DHquinase_II	AIM2.1, IKBKB.1, IKBKB.2, IKBKB.3, IKBKB.4, IRAK1.1, IRAK1.2, IRAK1.3, IRAK1.4, IRAK4.1, IRAK4.2, NAIP.1, NAIP.2, NFKB1.2, NFKBIA.1, NLRC4.1, NLRC4.2, NLRC4.3, NLRC4.4, NLRP1.1, NLRP1.2, NLRP1.3, NLRP1.4, NLRP1.5, NLRP12.1, NLRP12.2, NLRP12.3, NLRP12.4, NLRP12.5, NLRP12.6, NLRP12.7, NLRP3.1, NLRP3.2, NLRP3.3, NLRP3.4, NLRP3.5, NLRP3.6, NLRP6.1, NLRP6.2, RELA.1, RELA.2, RELA.3, RELA.4, TAB2.1, TAB2.2, TLR4.1, TLR4.2, TLR4.3, TRAF6.1	49
PRODB_00955	N	N	Y	Bl_APC1504_01638	Bifidobacterium longum	Transcription termination/antitermination protein NusA	Y	216816.GS08_08915	4.54E-238	657	COG0195@1|root,COG0195@2|Bacteria,2GJDJ@201174|Actinobacteria,4CYTW@85004|Bifidobacteriales	201174|Actinobacteria	K	Participates in both transcription termination and antitermination	nusA	GO:0003674,GO:0003676,GO:0003723,GO:0005488,GO:0005575,GO:0005618,GO:0005622,GO:0005623,GO:0005737,GO:0005829,GO:0005886,GO:0006355,GO:0008150,GO:0009889,GO:0010468,GO:0010556,GO:0016020,GO:0019219,GO:0019222,GO:0030312,GO:0031323,GO:0031326,GO:0031554,GO:0031564,GO:0040007,GO:0043244,GO:0044424,GO:0044444,GO:0044464,GO:0050789,GO:0050794,GO:0051128,GO:0051171,GO:0051252,GO:0060255,GO:0065007,GO:0071944,GO:0080090,GO:0097159,GO:1901363,GO:1903506,GO:2000112,GO:2001141	-	ko:K02600	-	-	-	-	ko00000,ko03009,ko03021	-	-	-	KH_5,NusA_N,S1	AIM2.1, IRAK1.1, IRAK1.2, IRAK1.4, NFKB1.2, NLRC4.4, NLRP3.1, NLRP3.3, NLRP3.5, NLRP3.6, RELA.1, RELA.4, TAB2.2	13
PRODB_00956	N	N	Y	Ba_1001099B_141217_F6_01003	Bifidobacterium adolescentis	GMP synthase [glutamine-hydrolyzing]	Y	1680.BADO_0731	0.00E+00	1036	COG0518@1|root,COG0519@1|root,COG0518@2|Bacteria,COG0519@2|Bacteria,2GM09@201174|Actinobacteria,4CZC3@85004|Bifidobacteriales	201174|Actinobacteria	F	Catalyzes the synthesis of GMP from XMP	guaA	GO:0003674,GO:0003824,GO:0003921,GO:0003922,GO:0005575,GO:0005618,GO:0005623,GO:0006139,GO:0006163,GO:0006164,GO:0006177,GO:0006725,GO:0006753,GO:0006793,GO:0006796,GO:0006807,GO:0008150,GO:0008152,GO:0009058,GO:0009116,GO:0009117,GO:0009119,GO:0009123,GO:0009124,GO:0009126,GO:0009127,GO:0009150,GO:0009152,GO:0009156,GO:0009161,GO:0009163,GO:0009165,GO:0009167,GO:0009168,GO:0009259,GO:0009260,GO:0009987,GO:0016874,GO:0016879,GO:0016884,GO:0018130,GO:0019438,GO:0019637,GO:0019693,GO:0030312,GO:0034404,GO:0034641,GO:0034654,GO:0040007,GO:0042278,GO:0042451,GO:0042455,GO:0044237,GO:0044238,GO:0044249,GO:0044271,GO:0044281,GO:0044283,GO:0044464,GO:0046037,GO:0046128,GO:0046129,GO:0046390,GO:0046483,GO:0055086,GO:0071704,GO:0071944,GO:0072521,GO:0072522,GO:0090407,GO:1901068,GO:1901070,GO:1901135,GO:1901137,GO:1901293,GO:1901360,GO:1901362,GO:1901564,GO:1901566,GO:1901576,GO:1901657,GO:1901659	6.3.5.2	ko:K01951	ko00230,ko00983,ko01100,map00230,map00983,map01100	M00050	R01230,R01231,R08244	RC00010,RC00204	ko00000,ko00001,ko00002,ko01000,ko01002	-	-	-	GATase,GMP_synt_C,NAD_synthase	NFKB1.2, NLRP3.1, NLRP3.3, NLRP3.5, RELA.1, RELA.3, RELA.4, TAB2.1, TAB2.2	9
PRODB_00957	N	N	Y	Bb_1025st1_B5_1025SCRN_200924_00717	Bifidobacterium bifidum	Energy-dependent translational throttle protein EttA	Y	398513.BBNG_01661	0.00E+00	1102	COG0488@1|root,COG0488@2|Bacteria,2GKBQ@201174|Actinobacteria,4CYWH@85004|Bifidobacteriales	201174|Actinobacteria	S	ATP-binding cassette protein, ChvD family	yjjK	GO:0005575,GO:0005618,GO:0005622,GO:0005623,GO:0005737,GO:0005829,GO:0005886,GO:0008150,GO:0016020,GO:0030312,GO:0040007,GO:0044424,GO:0044444,GO:0044464,GO:0071944	-	-	-	-	-	-	-	-	-	-	ABC_tran,ABC_tran_Xtn	NFKB1.2	1
PRODB_00958	N	N	Y	Ba_2227st1_C9_2227SCRN_220401_00927	Bifidobacterium adolescentis	Phosphoribosylaminoimidazole-succinocarboxamide synthase	Y	1680.BADO_0537	1.97E-175	489	COG0152@1|root,COG0152@2|Bacteria,2GK3H@201174|Actinobacteria,4CZGQ@85004|Bifidobacteriales	201174|Actinobacteria	F	Belongs to the SAICAR synthetase family	purC	-	6.3.2.6	ko:K01923	ko00230,ko01100,ko01110,ko01130,map00230,map01100,map01110,map01130	M00048	R04591	RC00064,RC00162	ko00000,ko00001,ko00002,ko01000	-	-	-	SAICAR_synt		0
PRODB_00959	N	N	Y	Ba_1001262B_160229_D10_01608	Bifidobacterium adolescentis	Ribose-phosphate pyrophosphokinase	Y	1680.BADO_1534	6.23E-243	667	COG0462@1|root,COG0462@2|Bacteria,2GJ9S@201174|Actinobacteria,4CZPM@85004|Bifidobacteriales	201174|Actinobacteria	F	Involved in the biosynthesis of the central metabolite phospho-alpha-D-ribosyl-1-pyrophosphate (PRPP) via the transfer of pyrophosphoryl group from ATP to 1-hydroxyl of ribose-5-phosphate (Rib-5-P)	prs	GO:0000287,GO:0003674,GO:0003824,GO:0004749,GO:0005488,GO:0005575,GO:0005618,GO:0005623,GO:0005886,GO:0006015,GO:0006793,GO:0006796,GO:0008150,GO:0008152,GO:0009058,GO:0009987,GO:0016020,GO:0016740,GO:0016772,GO:0016778,GO:0019637,GO:0019693,GO:0030145,GO:0030312,GO:0040007,GO:0043167,GO:0043169,GO:0044237,GO:0044464,GO:0046390,GO:0046391,GO:0046872,GO:0046914,GO:0071704,GO:0071944,GO:0090407,GO:1901135,GO:1901137,GO:1901576	2.7.6.1	ko:K00948	ko00030,ko00230,ko01100,ko01110,ko01120,ko01130,ko01200,ko01230,map00030,map00230,map01100,map01110,map01120,map01130,map01200,map01230	M00005	R01049	RC00002,RC00078	ko00000,ko00001,ko00002,ko01000	-	-	-	Pribosyl_synth,Pribosyltran_N	AIM2.1, IRAK1.1, IRAK1.2, IRAK1.3, IRAK1.4, IRAK4.1, IRAK4.2, NAIP.1, NAIP.2, NFKB1.2, NFKBIA.1, NLRC4.1, NLRC4.2, NLRC4.3, NLRC4.4, NLRP1.1, NLRP1.2, NLRP1.3, NLRP1.4, NLRP1.5, NLRP12.1, NLRP12.2, NLRP12.3, NLRP12.4, NLRP12.5, NLRP12.6, NLRP12.7, NLRP3.1, NLRP3.2, NLRP3.3, NLRP3.4, NLRP3.5, NLRP3.6, NLRP6.1, NLRP6.2, RELA.1, RELA.2, RELA.3, RELA.4, TAB2.1, TAB2.2, TLR4.2, TLR4.3, TRAF6.1	44
PRODB_00960	N	N	Y	Bb_1001136B_160425_F1_01500	Bifidobacterium bifidum	putative RNA pseudouridine synthase	Y	398513.BBNG_00926	9.44E-187	518	COG1187@1|root,COG1187@2|Bacteria,2GJ4N@201174|Actinobacteria,4CZGG@85004|Bifidobacteriales	201174|Actinobacteria	J	Belongs to the pseudouridine synthase RsuA family	rluB	GO:0000154,GO:0000455,GO:0001522,GO:0003674,GO:0003824,GO:0005575,GO:0005622,GO:0005623,GO:0005737,GO:0005829,GO:0006139,GO:0006364,GO:0006396,GO:0006725,GO:0006807,GO:0008150,GO:0008152,GO:0009451,GO:0009982,GO:0009987,GO:0010467,GO:0016070,GO:0016072,GO:0016853,GO:0016866,GO:0022613,GO:0031118,GO:0034470,GO:0034641,GO:0034660,GO:0040007,GO:0042254,GO:0043170,GO:0043412,GO:0044085,GO:0044237,GO:0044238,GO:0044424,GO:0044444,GO:0044464,GO:0046483,GO:0071704,GO:0071840,GO:0090304,GO:1901360	5.4.99.19,5.4.99.22	ko:K06178,ko:K06183	-	-	-	-	ko00000,ko01000,ko03009	-	-	-	PseudoU_synth_2,S4	AIM2.1, IRAK1.1, IRAK1.2, IRAK1.3, IRAK1.4, IRAK4.1, NAIP.1, NAIP.2, NFKB1.2, NFKBIA.1, NLRC4.2, NLRC4.3, NLRC4.4, NLRP1.1, NLRP1.2, NLRP1.3, NLRP1.4, NLRP1.5, NLRP12.1, NLRP12.2, NLRP12.5, NLRP12.6, NLRP12.7, NLRP3.1, NLRP3.2, NLRP3.3, NLRP3.4, NLRP3.5, NLRP3.6, NLRP6.1, NLRP6.2, RELA.1, RELA.2, RELA.3, RELA.4, TAB2.1, TAB2.2, TLR4.1, TLR4.2, TLR4.3, TRAF6.1	41
PRODB_00961	N	N	Y	Bl_KCTC_5915_00020	Bifidobacterium longum	Peptide chain release factor 1	Y	216816.GS08_08220	1.40E-242	668	COG0216@1|root,COG0216@2|Bacteria,2GJWG@201174|Actinobacteria,4CYX4@85004|Bifidobacteriales	201174|Actinobacteria	J	Peptide chain release factor 1 directs the termination of translation in response to the peptide chain termination codons UAG and UAA	prfA	GO:0008150,GO:0040007	-	ko:K02835	-	-	-	-	ko00000,ko03012	-	-	-	PCRF,RF-1	AIM2.1, IRAK1.1, IRAK1.2, IRAK1.3, IRAK1.4, IRAK4.1, NAIP.1, NAIP.2, NFKB1.2, NLRC4.3, NLRC4.4, NLRP1.1, NLRP1.2, NLRP1.3, NLRP1.4, NLRP1.5, NLRP12.1, NLRP12.2, NLRP12.3, NLRP12.4, NLRP12.5, NLRP12.6, NLRP12.7, NLRP3.1, NLRP3.2, NLRP3.3, NLRP3.4, NLRP3.5, NLRP3.6, RELA.1, RELA.2, RELA.3, RELA.4, TAB2.1, TAB2.2, TLR4.3, TRAF6.1	37
PRODB_00962	N	N	Y	Ba_AD2-8_01386	Bifidobacterium adolescentis	hypothetical protein	Y	1680.BADO_0847	3.26E-65	199	COG3856@1|root,COG3856@2|Bacteria,2IKJW@201174|Actinobacteria,4D12G@85004|Bifidobacteriales	201174|Actinobacteria	S	Protein of unknown function (DUF1290)	sbp	-	-	-	-	-	-	-	-	-	-	-	DUF1290	AIM2.1, IKBKB.1, IKBKB.2, IKBKB.3, IKBKB.4, IRAK1.1, IRAK1.2, IRAK1.3, IRAK1.4, IRAK4.1, IRAK4.2, NAIP.1, NAIP.2, NFKB1.2, NFKBIA.1, NLRC4.1, NLRC4.2, NLRC4.3, NLRC4.4, NLRP1.1, NLRP1.2, NLRP1.3, NLRP1.4, NLRP1.5, NLRP12.1, NLRP12.2, NLRP12.3, NLRP12.4, NLRP12.5, NLRP12.6, NLRP12.7, NLRP3.1, NLRP3.2, NLRP3.3, NLRP3.4, NLRP3.5, NLRP3.6, NLRP6.1, NLRP6.2, RELA.1, RELA.2, RELA.3, RELA.4, TAB2.1, TAB2.2, TLR4.1, TLR4.2, TLR4.3, TRAF6.1	49
PRODB_00963	N	N	Y	Ba_2218st1_B1_2218SCRN_220325_00185	Bifidobacterium adolescentis	50S ribosomal protein L24	Y	1680.BADO_0339	7.37E-67	203	COG0198@1|root,COG0198@2|Bacteria,2IKP2@201174|Actinobacteria,4D10I@85004|Bifidobacteriales	201174|Actinobacteria	J	One of the proteins that surrounds the polypeptide exit tunnel on the outside of the subunit	rplX	GO:0005575,GO:0005618,GO:0005622,GO:0005623,GO:0005737,GO:0005829,GO:0005840,GO:0006412,GO:0006518,GO:0006807,GO:0008150,GO:0008152,GO:0009058,GO:0009059,GO:0009987,GO:0010467,GO:0015934,GO:0019538,GO:0022625,GO:0022626,GO:0030312,GO:0032991,GO:0034641,GO:0034645,GO:0040007,GO:0043043,GO:0043170,GO:0043226,GO:0043228,GO:0043229,GO:0043232,GO:0043603,GO:0043604,GO:0044237,GO:0044238,GO:0044249,GO:0044260,GO:0044267,GO:0044271,GO:0044391,GO:0044422,GO:0044424,GO:0044444,GO:0044445,GO:0044446,GO:0044464,GO:0071704,GO:0071944,GO:1901564,GO:1901566,GO:1901576,GO:1990904	-	ko:K02895	ko03010,map03010	M00178,M00179	-	-	br01610,ko00000,ko00001,ko00002,ko03011	-	-	-	KOW,ribosomal_L24	AIM2.1, IKBKB.3, IRAK1.1, IRAK1.2, IRAK1.3, IRAK1.4, IRAK4.1, IRAK4.2, NAIP.1, NAIP.2, NFKB1.2, NFKBIA.1, NLRC4.1, NLRC4.2, NLRC4.3, NLRC4.4, NLRP1.1, NLRP1.2, NLRP1.3, NLRP1.4, NLRP1.5, NLRP12.1, NLRP12.2, NLRP12.3, NLRP12.4, NLRP12.5, NLRP12.6, NLRP12.7, NLRP3.1, NLRP3.2, NLRP3.3, NLRP3.4, NLRP3.5, NLRP3.6, NLRP6.1, NLRP6.2, RELA.1, RELA.2, RELA.3, RELA.4, TAB2.1, TAB2.2, TLR4.1, TLR4.2, TLR4.3, TRAF6.1	46
PRODB_00964	N	N	Y	Bb_FHuNMY8M2_01760	Bifidobacterium bifidum	Glycogen operon protein GlgX	Y	326426.Bbr_0763	0.00E+00	1445	COG1523@1|root,COG1523@2|Bacteria,2GJ00@201174|Actinobacteria,4CZGR@85004|Bifidobacteriales	201174|Actinobacteria	G	Belongs to the glycosyl hydrolase 13 family	glgX	-	3.2.1.68	ko:K01214	ko00500,ko01100,ko01110,map00500,map01100,map01110	M00565	R09995,R11261	-	ko00000,ko00001,ko00002,ko01000	-	CBM48,GH13	-	Alpha-amylase,CBM_48	AIM2.1, IKBKB.3, IRAK1.1, IRAK1.2, IRAK1.3, IRAK1.4, NAIP.1, NAIP.2, NFKB1.2, NLRC4.3, NLRC4.4, NLRP1.1, NLRP1.2, NLRP1.3, NLRP1.4, NLRP12.2, NLRP12.4, NLRP12.5, NLRP12.6, NLRP3.1, NLRP3.2, NLRP3.3, NLRP3.4, NLRP3.5, NLRP3.6, RELA.1, RELA.2, RELA.3, RELA.4, TAB2.1, TAB2.2	31
PRODB_00965	N	N	Y	Ba_2227st1_C9_2227SCRN_220401_00266	Bifidobacterium adolescentis	50S ribosomal protein L16	Y	1680.BADO_0335	3.17E-97	282	COG0197@1|root,COG0197@2|Bacteria,2IFEI@201174|Actinobacteria,4D0Q8@85004|Bifidobacteriales	201174|Actinobacteria	J	Binds 23S rRNA and is also seen to make contacts with the A and possibly P site tRNAs	rplP	GO:0003674,GO:0003676,GO:0003723,GO:0003735,GO:0005198,GO:0005488,GO:0005575,GO:0005622,GO:0005623,GO:0005737,GO:0005829,GO:0005840,GO:0005886,GO:0008150,GO:0015934,GO:0016020,GO:0019843,GO:0022625,GO:0022626,GO:0032991,GO:0040007,GO:0043226,GO:0043228,GO:0043229,GO:0043232,GO:0044391,GO:0044422,GO:0044424,GO:0044444,GO:0044445,GO:0044446,GO:0044464,GO:0071944,GO:0097159,GO:1901363,GO:1990904	-	ko:K02878	ko03010,map03010	M00178	-	-	br01610,ko00000,ko00001,ko00002,ko03011	-	-	-	Ribosomal_L16	IRAK1.2, NFKB1.2, TAB2.1, TAB2.2	4
PRODB_00966	N	N	Y	Bl_1001254J_160919_E2_01192	Bifidobacterium longum	Glutamate 5-kinase	Y	216816.GS08_09475	1.97E-257	707	COG0263@1|root,COG0263@2|Bacteria,2GM8U@201174|Actinobacteria,4CZ2B@85004|Bifidobacteriales	201174|Actinobacteria	E	Catalyzes the transfer of a phosphate group to glutamate to form L-glutamate 5-phosphate	proB	GO:0003674,GO:0003824,GO:0004349,GO:0005575,GO:0005622,GO:0005623,GO:0005737,GO:0005829,GO:0006082,GO:0006520,GO:0006560,GO:0006561,GO:0006793,GO:0006796,GO:0006807,GO:0008150,GO:0008152,GO:0008652,GO:0009058,GO:0009064,GO:0009084,GO:0009987,GO:0016053,GO:0016301,GO:0016310,GO:0016740,GO:0016772,GO:0016774,GO:0018130,GO:0019202,GO:0019752,GO:0040007,GO:0043436,GO:0044237,GO:0044238,GO:0044249,GO:0044281,GO:0044283,GO:0044424,GO:0044444,GO:0044464,GO:0046394,GO:0046483,GO:0071704,GO:1901360,GO:1901362,GO:1901564,GO:1901566,GO:1901576,GO:1901605,GO:1901607	2.7.2.11	ko:K00931	ko00330,ko00332,ko01100,ko01130,ko01230,map00330,map00332,map01100,map01130,map01230	M00015	R00239	RC00002,RC00043	ko00000,ko00001,ko00002,ko01000	-	-	-	AA_kinase,PUA	AIM2.1, IRAK4.1, NFKB1.2, NLRC4.4, NLRP3.1, NLRP3.3, NLRP3.5, NLRP3.6, TAB2.1, TAB2.2	10
PRODB_00967	N	N	Y	Bb_30-1_01485	Bifidobacterium bifidum	Histidine--tRNA ligase	Y	1437610.BREU_0948	9.62E-308	844	COG0124@1|root,COG0124@2|Bacteria,2GIYJ@201174|Actinobacteria,4CYR9@85004|Bifidobacteriales	201174|Actinobacteria	J	Histidyl-tRNA synthetase	hisS	-	6.1.1.21	ko:K01892	ko00970,map00970	M00359,M00360	R03655	RC00055,RC00523	ko00000,ko00001,ko00002,ko01000,ko01007,ko03016	-	-	-	HGTP_anticodon,tRNA-synt_His	AIM2.1, IRAK1.1, IRAK1.2, IRAK1.3, IRAK1.4, IRAK4.1, NAIP.1, NAIP.2, NFKB1.2, NFKBIA.1, NLRC4.3, NLRC4.4, NLRP3.1, NLRP3.2, NLRP3.3, NLRP3.4, NLRP3.5, NLRP3.6, RELA.1, RELA.2, RELA.3, RELA.4, TAB2.1, TAB2.2, TLR4.3	25
PRODB_00968	N	N	Y	Bl_KCTC_5915_00760	Bifidobacterium longum	hypothetical protein	Y	216816.GS08_01655	8.88E-295	806	COG2270@1|root,COG2270@2|Bacteria,2GJCW@201174|Actinobacteria,4CZU3@85004|Bifidobacteriales	201174|Actinobacteria	S	Vacuole effluxer Atg22 like	-	-	-	ko:K06902	ko04138,map04138	-	-	-	ko00000,ko00001,ko02000,ko04131	2.A.1.24,9.A.15.1	-	-	ATG22	AIM2.1, IRAK1.1, IRAK1.2, IRAK1.3, IRAK1.4, IRAK4.1, NFKB1.2, NFKBIA.1, NLRC4.1, NLRC4.2, NLRC4.3, NLRC4.4, NLRP1.1, NLRP1.2, NLRP1.3, NLRP1.4, NLRP1.5, NLRP12.5, NLRP3.1, NLRP3.2, NLRP3.3, NLRP3.4, NLRP3.5, NLRP3.6, NLRP6.1, NLRP6.2, RELA.1, RELA.2, RELA.3, RELA.4, TAB2.1, TAB2.2, TLR4.3, TRAF6.1	34
PRODB_00969	N	N	Y	Ba_AM110-65_00510	Bifidobacterium adolescentis	dCTP deaminase, dUMP-forming	Y	78346.BRUM_1664	1.17E-141	399	COG0717@1|root,COG0717@2|Bacteria,2GKQQ@201174|Actinobacteria,4CZEB@85004|Bifidobacteriales	201174|Actinobacteria	F	Belongs to the dCTP deaminase family	dcd	GO:0003674,GO:0003824,GO:0004170,GO:0016462,GO:0016787,GO:0016810,GO:0016814,GO:0016817,GO:0016818,GO:0019239,GO:0033973,GO:0047429	3.5.4.13	ko:K01494	ko00240,ko01100,map00240,map01100	M00053	R00568,R02325	RC00074	ko00000,ko00001,ko00002,ko01000	-	-	-	DCD	AIM2.1, IRAK1.1, IRAK1.2, IRAK1.3, IRAK1.4, IRAK4.1, NAIP.1, NAIP.2, NFKB1.2, NFKBIA.1, NLRC4.3, NLRC4.4, NLRP1.1, NLRP1.2, NLRP1.3, NLRP1.4, NLRP1.5, NLRP12.1, NLRP12.2, NLRP12.4, NLRP12.5, NLRP12.6, NLRP12.7, NLRP3.1, NLRP3.2, NLRP3.3, NLRP3.4, NLRP3.5, NLRP3.6, NLRP6.1, NLRP6.2, RELA.1, RELA.2, RELA.3, RELA.4, TAB2.1, TAB2.2, TLR4.3, TRAF6.1	39
PRODB_00970	N	N	Y	Ba_703B_01619	Bifidobacterium adolescentis	L-lactate dehydrogenase 2	Y	1680.BADO_1167	5.62E-226	623	COG0039@1|root,COG0039@2|Bacteria,2GN5S@201174|Actinobacteria,4CYWK@85004|Bifidobacteriales	201174|Actinobacteria	C	Belongs to the LDH MDH superfamily. LDH family	ldh	-	1.1.1.27,1.1.1.37	ko:K00016,ko:K00024	ko00010,ko00020,ko00270,ko00620,ko00630,ko00640,ko00680,ko00710,ko00720,ko01100,ko01110,ko01120,ko01130,ko01200,ko04922,map00010,map00020,map00270,map00620,map00630,map00640,map00680,map00710,map00720,map01100,map01110,map01120,map01130,map01200,map04922	M00009,M00011,M00012,M00168,M00173,M00346,M00374,M00620,M00740	R00342,R00703,R01000,R03104,R07136	RC00031,RC00044	ko00000,ko00001,ko00002,ko01000,ko04147	-	-	-	Ldh_1_C,Ldh_1_N	AIM2.1, NFKB1.2, NLRP3.1, TAB2.2	4
PRODB_00971	N	N	Y	Bb_1001283st1_F5_1001283B150209_150212_01550	Bifidobacterium bifidum	Cystathionine gamma-synthase	Y	398513.BBNG_01297	3.01E-279	764	COG0626@1|root,COG0626@2|Bacteria,2GJ5S@201174|Actinobacteria,4CYY2@85004|Bifidobacteriales	201174|Actinobacteria	E	Cys/Met metabolism PLP-dependent enzyme	metB	GO:0000096,GO:0000097,GO:0003674,GO:0003824,GO:0003962,GO:0004123,GO:0005575,GO:0005622,GO:0005623,GO:0005737,GO:0005829,GO:0005886,GO:0006082,GO:0006520,GO:0006534,GO:0006555,GO:0006790,GO:0006807,GO:0008150,GO:0008152,GO:0008652,GO:0009058,GO:0009066,GO:0009067,GO:0009069,GO:0009070,GO:0009086,GO:0009092,GO:0009987,GO:0016020,GO:0016053,GO:0016740,GO:0016765,GO:0016829,GO:0016846,GO:0017144,GO:0019279,GO:0019343,GO:0019344,GO:0019752,GO:0043436,GO:0044237,GO:0044238,GO:0044249,GO:0044272,GO:0044281,GO:0044283,GO:0044424,GO:0044444,GO:0044464,GO:0046394,GO:0071265,GO:0071266,GO:0071704,GO:0071944,GO:1901564,GO:1901566,GO:1901576,GO:1901605,GO:1901607	2.5.1.48	ko:K01739	ko00270,ko00450,ko00920,ko01100,ko01110,ko01130,ko01230,map00270,map00450,map00920,map01100,map01110,map01130,map01230	M00017	R00999,R01288,R02508,R03217,R03260,R04944,R04945,R04946	RC00020,RC00056,RC00069,RC00420,RC02848,RC02866	ko00000,ko00001,ko00002,ko01000	-	-	iNJ661.Rv1079	Cys_Met_Meta_PP	AIM2.1, IRAK4.1, NFKB1.2, NFKBIA.1, NLRC4.4, NLRP12.5, NLRP3.1, NLRP3.3, NLRP3.4, NLRP3.5, NLRP3.6, TAB2.1, TAB2.2, TLR4.3, TRAF6.1	15
PRODB_00972	N	N	Y	Ba_1001270B_150601_E2_00056	Bifidobacterium adolescentis	hypothetical protein	Y	1680.BADO_0021	5.71E-48	153	2BFAJ@1|root,3293I@2|Bacteria,2ISGB@201174|Actinobacteria,4D185@85004|Bifidobacteriales	201174|Actinobacteria	-	-	-	-	-	-	-	-	-	-	-	-	-	-	-	AIM2.1, IKBKB.1, IKBKB.2, IKBKB.3, IKBKB.4, IRAK1.1, IRAK1.2, IRAK1.3, IRAK1.4, IRAK4.1, IRAK4.2, NAIP.1, NAIP.2, NFKB1.2, NFKBIA.1, NLRC4.1, NLRC4.2, NLRC4.3, NLRC4.4, NLRP1.1, NLRP1.2, NLRP1.3, NLRP1.4, NLRP1.5, NLRP12.1, NLRP12.2, NLRP12.3, NLRP12.4, NLRP12.5, NLRP12.6, NLRP12.7, NLRP3.1, NLRP3.2, NLRP3.3, NLRP3.4, NLRP3.5, NLRP3.6, NLRP6.1, NLRP6.2, RELA.1, RELA.2, RELA.3, RELA.4, TAB2.1, TAB2.2, TLR4.1, TLR4.2, TLR4.3, TRAF6.1	49
PRODB_00973	N	N	Y	Bb_12L_01324	Bifidobacterium bifidum	hypothetical protein	Y	326426.Bbr_1359	8.67E-88	258	COG1278@1|root,COG1278@2|Bacteria,2IKXN@201174|Actinobacteria,4D0V4@85004|Bifidobacteriales	201174|Actinobacteria	K	'Cold-shock' DNA-binding domain	cspB	-	-	ko:K03704	-	-	-	-	ko00000,ko03000	-	-	-	CSD	AIM2.1, IKBKB.2, IKBKB.3, IKBKB.4, IRAK1.1, IRAK1.2, IRAK1.3, IRAK1.4, IRAK4.1, IRAK4.2, NAIP.1, NAIP.2, NFKB1.2, NFKBIA.1, NLRC4.1, NLRC4.2, NLRC4.3, NLRC4.4, NLRP1.1, NLRP1.2, NLRP1.3, NLRP1.4, NLRP1.5, NLRP12.1, NLRP12.2, NLRP12.3, NLRP12.4, NLRP12.5, NLRP12.6, NLRP12.7, NLRP3.1, NLRP3.2, NLRP3.3, NLRP3.4, NLRP3.5, NLRP3.6, NLRP6.1, NLRP6.2, RELA.1, RELA.2, RELA.3, RELA.4, TAB2.1, TAB2.2, TLR4.1, TLR4.2, TLR4.3, TRAF6.1	48
PRODB_00974	N	N	Y	Ba_70B_00761	Bifidobacterium adolescentis	putative glutamine ABC transporter permease protein GlnM	Y	1680.BADO_0594	7.30E-145	410	COG0765@1|root,COG0765@2|Bacteria,2GNUR@201174|Actinobacteria,4CZ5M@85004|Bifidobacteriales	201174|Actinobacteria	E	Binding-protein-dependent transport system inner membrane component	gluC	-	-	ko:K10006	ko02010,map02010	M00233	-	-	ko00000,ko00001,ko00002,ko02000	3.A.1.3.9	-	-	BPD_transp_1	AIM2.1, IKBKB.3, IRAK1.1, IRAK1.2, IRAK1.3, IRAK1.4, IRAK4.1, IRAK4.2, NAIP.1, NAIP.2, NFKB1.2, NFKBIA.1, NLRC4.1, NLRC4.2, NLRC4.3, NLRC4.4, NLRP1.1, NLRP1.2, NLRP1.3, NLRP1.4, NLRP1.5, NLRP12.1, NLRP12.2, NLRP12.3, NLRP12.4, NLRP12.5, NLRP12.6, NLRP12.7, NLRP3.1, NLRP3.2, NLRP3.3, NLRP3.4, NLRP3.5, NLRP3.6, NLRP6.1, NLRP6.2, RELA.1, RELA.2, RELA.3, RELA.4, TAB2.1, TAB2.2, TLR4.1, TLR4.2, TLR4.3, TRAF6.1	46
PRODB_00975	N	N	Y	Bb_JCM_7017_00235	Bifidobacterium bifidum	hypothetical protein	Y	216816.GS08_01205	0.00E+00	886	COG0305@1|root,COG0305@2|Bacteria,2GKXQ@201174|Actinobacteria,4CYY3@85004|Bifidobacteriales	201174|Actinobacteria	L	Participates in initiation and elongation during chromosome replication	dnaB	-	3.6.4.12	ko:K02314	ko03030,ko04112,map03030,map04112	-	-	-	ko00000,ko00001,ko01000,ko03032	-	-	-	DnaB,DnaB_C	AIM2.1, NFKB1.2, NLRC4.4, NLRP12.2, NLRP12.5, NLRP3.1, NLRP3.3, NLRP3.5, NLRP3.6, RELA.1, RELA.2, RELA.4, TAB2.1, TAB2.2, TLR4.3	15
PRODB_00976	N	N	Y	Bb_A4_hBSD2780061687b_210117_00368	Bifidobacterium bifidum	Cysteine--tRNA ligase	Y	398513.BBNG_00246	0.00E+00	1068	COG0215@1|root,COG0215@2|Bacteria,2GJF2@201174|Actinobacteria,4CZZ9@85004|Bifidobacteriales	201174|Actinobacteria	J	Belongs to the class-I aminoacyl-tRNA synthetase family	cysS	GO:0000166,GO:0003674,GO:0003824,GO:0004812,GO:0004817,GO:0005488,GO:0005524,GO:0005575,GO:0005622,GO:0005623,GO:0005737,GO:0005829,GO:0006082,GO:0006139,GO:0006399,GO:0006412,GO:0006418,GO:0006423,GO:0006518,GO:0006520,GO:0006725,GO:0006807,GO:0008144,GO:0008150,GO:0008152,GO:0009058,GO:0009059,GO:0009987,GO:0010467,GO:0016070,GO:0016874,GO:0016875,GO:0017076,GO:0019538,GO:0019752,GO:0030554,GO:0032553,GO:0032555,GO:0032559,GO:0034641,GO:0034645,GO:0034660,GO:0035639,GO:0036094,GO:0040007,GO:0043038,GO:0043039,GO:0043043,GO:0043167,GO:0043168,GO:0043170,GO:0043436,GO:0043603,GO:0043604,GO:0044237,GO:0044238,GO:0044249,GO:0044260,GO:0044267,GO:0044271,GO:0044281,GO:0044424,GO:0044444,GO:0044464,GO:0046483,GO:0071704,GO:0090304,GO:0097159,GO:0097367,GO:0140098,GO:0140101,GO:1901265,GO:1901360,GO:1901363,GO:1901564,GO:1901566,GO:1901576	6.1.1.16	ko:K01883	ko00970,map00970	M00359,M00360	R03650	RC00055,RC00523	ko00000,ko00001,ko00002,ko01000,ko01007,ko03016	-	-	-	DALR_2,tRNA-synt_1e	IRAK1.1, IRAK1.2, IRAK1.4, IRAK4.1, NFKB1.2, NFKBIA.1, NLRC4.4, NLRP1.4, NLRP12.5, NLRP3.1, NLRP3.2, NLRP3.3, NLRP3.4, NLRP3.5, NLRP3.6, RELA.1, RELA.3, RELA.4, TAB2.1, TAB2.2, TRAF6.1	21
PRODB_00977	N	N	Y	Ba_AM08-20_00281	Bifidobacterium adolescentis	50S ribosomal protein L22	Y	1680.BADO_0333	9.00E-74	221	COG0091@1|root,COG0091@2|Bacteria,2IM3J@201174|Actinobacteria,4D0UZ@85004|Bifidobacteriales	201174|Actinobacteria	J	The globular domain of the protein is located near the polypeptide exit tunnel on the outside of the subunit, while an extended beta-hairpin is found that lines the wall of the exit tunnel in the center of the 70S ribosome	rplV	GO:0003674,GO:0003735,GO:0005198,GO:0005575,GO:0005618,GO:0005622,GO:0005623,GO:0005737,GO:0005829,GO:0005840,GO:0008150,GO:0015934,GO:0022625,GO:0022626,GO:0030312,GO:0032991,GO:0040007,GO:0043226,GO:0043228,GO:0043229,GO:0043232,GO:0044391,GO:0044422,GO:0044424,GO:0044444,GO:0044445,GO:0044446,GO:0044464,GO:0071944,GO:1990904	-	ko:K02890	ko03010,map03010	M00178,M00179	-	-	br01610,ko00000,ko00001,ko00002,ko03011	-	-	-	Ribosomal_L22	AIM2.1, IKBKB.3, IRAK1.1, IRAK1.2, IRAK1.3, IRAK1.4, IRAK4.1, IRAK4.2, NAIP.1, NAIP.2, NFKB1.2, NFKBIA.1, NLRC4.1, NLRC4.2, NLRC4.3, NLRC4.4, NLRP1.1, NLRP1.2, NLRP1.3, NLRP1.4, NLRP1.5, NLRP12.1, NLRP12.2, NLRP12.3, NLRP12.4, NLRP12.5, NLRP12.6, NLRP12.7, NLRP3.1, NLRP3.2, NLRP3.3, NLRP3.4, NLRP3.5, NLRP3.6, NLRP6.1, NLRP6.2, RELA.1, RELA.2, RELA.3, RELA.4, TAB2.1, TAB2.2, TLR4.1, TLR4.2, TLR4.3, TRAF6.1	46
PRODB_00978	N	N	Y	Ba_AF51-06b1_00491	Bifidobacterium adolescentis	Peptide chain release factor 2	Y	1680.BADO_0480	1.75E-255	702	COG1186@1|root,COG1186@2|Bacteria,2GJ0F@201174|Actinobacteria,4CZJX@85004|Bifidobacteriales	201174|Actinobacteria	J	Peptide chain release factor 2 directs the termination of translation in response to the peptide chain termination codons UGA and UAA	prfB	-	-	ko:K02836	-	-	-	-	ko00000,ko03012	-	-	-	PCRF,RF-1	AIM2.1, IRAK1.1, IRAK1.2, IRAK1.3, IRAK1.4, IRAK4.1, NFKB1.2, NLRC4.3, NLRC4.4, NLRP12.5, NLRP3.1, NLRP3.2, NLRP3.3, NLRP3.4, NLRP3.5, NLRP3.6, RELA.1, RELA.2, RELA.3, RELA.4, TAB2.1, TAB2.2, TRAF6.1	23
PRODB_00979	N	N	Y	Bl_N2G10_01283	Bifidobacterium longum	Elongation factor P	Y	216816.GS08_07300	5.19E-113	326	COG0231@1|root,COG0231@2|Bacteria,2GJMS@201174|Actinobacteria,4CYY6@85004|Bifidobacteriales	201174|Actinobacteria	J	Involved in peptide bond synthesis. Stimulates efficient translation and peptide-bond synthesis on native or reconstituted 70S ribosomes in vitro. Probably functions indirectly by altering the affinity of the ribosome for aminoacyl-tRNA, thus increasing their reactivity as acceptors for peptidyl transferase	efp	GO:0003674,GO:0003676,GO:0003723,GO:0003746,GO:0005488,GO:0005575,GO:0005622,GO:0005623,GO:0005737,GO:0006412,GO:0006414,GO:0006518,GO:0006807,GO:0008135,GO:0008150,GO:0008152,GO:0009058,GO:0009059,GO:0009987,GO:0010467,GO:0019538,GO:0034641,GO:0034645,GO:0040007,GO:0043043,GO:0043170,GO:0043603,GO:0043604,GO:0044237,GO:0044238,GO:0044249,GO:0044260,GO:0044267,GO:0044271,GO:0044424,GO:0044464,GO:0071704,GO:0097159,GO:1901363,GO:1901564,GO:1901566,GO:1901576	-	ko:K02356	-	-	-	-	ko00000,ko03012	-	-	-	EFP,EFP_N,Elong-fact-P_C	AIM2.1, IKBKB.1, IKBKB.2, IKBKB.3, IKBKB.4, IRAK1.1, IRAK1.2, IRAK1.3, IRAK1.4, IRAK4.1, IRAK4.2, NAIP.1, NAIP.2, NFKB1.2, NFKBIA.1, NLRC4.1, NLRC4.2, NLRC4.3, NLRC4.4, NLRP1.1, NLRP1.2, NLRP1.3, NLRP1.4, NLRP1.5, NLRP12.1, NLRP12.2, NLRP12.3, NLRP12.4, NLRP12.5, NLRP12.6, NLRP12.7, NLRP3.1, NLRP3.2, NLRP3.3, NLRP3.4, NLRP3.5, NLRP3.6, NLRP6.1, NLRP6.2, RELA.1, RELA.2, RELA.3, RELA.4, TAB2.1, TAB2.2, TLR4.1, TLR4.2, TLR4.3, TRAF6.1	49
PRODB_00980	N	N	Y	Ba_AF102-65_00615	Bifidobacterium adolescentis	Elongation factor Tu	Y	1680.BADO_0545	1.05E-295	806	COG0050@1|root,COG0050@2|Bacteria,2GK4T@201174|Actinobacteria,4CYY7@85004|Bifidobacteriales	201174|Actinobacteria	J	This protein promotes the GTP-dependent binding of aminoacyl-tRNA to the A-site of ribosomes during protein biosynthesis	tuf	GO:0001666,GO:0003674,GO:0005488,GO:0005515,GO:0005575,GO:0005576,GO:0005618,GO:0005622,GO:0005623,GO:0005737,GO:0005829,GO:0005886,GO:0006950,GO:0008150,GO:0009628,GO:0010035,GO:0010038,GO:0010039,GO:0016020,GO:0019899,GO:0030312,GO:0035375,GO:0036293,GO:0040007,GO:0042221,GO:0044424,GO:0044444,GO:0044464,GO:0050896,GO:0070482,GO:0071944	-	ko:K02358	-	-	-	-	ko00000,ko03012,ko03029,ko04147	-	-	-	GTP_EFTU,GTP_EFTU_D2,GTP_EFTU_D3		0
PRODB_00981	N	N	Y	Bb_1001283st1_F3_1001283B150210_160208_00073	Bifidobacterium bifidum	putative membrane protein	Y	702459.BBPR_0746	2.05E-230	635	COG0861@1|root,COG0861@2|Bacteria,2GIWU@201174|Actinobacteria,4CYW2@85004|Bifidobacteriales	201174|Actinobacteria	P	Integral membrane protein, TerC family	terC	-	-	ko:K05794	-	-	-	-	ko00000	-	-	-	TerC	AIM2.1, IRAK1.1, IRAK1.2, IRAK1.3, IRAK1.4, IRAK4.1, IRAK4.2, NAIP.1, NAIP.2, NFKB1.2, NFKBIA.1, NLRC4.1, NLRC4.2, NLRC4.3, NLRC4.4, NLRP1.1, NLRP1.2, NLRP1.3, NLRP1.4, NLRP1.5, NLRP12.1, NLRP12.2, NLRP12.5, NLRP12.6, NLRP12.7, NLRP3.1, NLRP3.2, NLRP3.3, NLRP3.4, NLRP3.5, NLRP3.6, NLRP6.1, NLRP6.2, RELA.1, RELA.2, RELA.3, RELA.4, TAB2.1, TAB2.2, TLR4.1, TLR4.2, TLR4.3, TRAF6.1	43
PRODB_00982	N	N	Y	Bl_2074B_01337	Bifidobacterium longum	Aspartate aminotransferase	Y	216816.GS08_09470	7.66E-289	789	COG0436@1|root,COG0436@2|Bacteria,2GJ7R@201174|Actinobacteria,4CZFY@85004|Bifidobacteriales	201174|Actinobacteria	E	DegT/DnrJ/EryC1/StrS aminotransferase family	aspC	-	2.6.1.1,2.6.1.2,2.6.1.66	ko:K00812,ko:K14260	ko00220,ko00250,ko00270,ko00290,ko00330,ko00350,ko00360,ko00400,ko00401,ko00950,ko00960,ko01100,ko01110,ko01130,ko01210,ko01230,map00220,map00250,map00270,map00290,map00330,map00350,map00360,map00400,map00401,map00950,map00960,map01100,map01110,map01130,map01210,map01230	-	R00258,R00355,R00694,R00734,R00896,R01215,R02433,R02619,R05052	RC00006,RC00008,RC00036	ko00000,ko00001,ko01000,ko01007	-	-	-	Aminotran_1_2	NFKB1.2, NLRP3.1, TAB2.2	3
PRODB_00983	N	N	Y	Ba_1001283B150304_161114_G1_01015	Bifidobacterium adolescentis	50S ribosomal protein L11	Y	1680.BADO_0256	2.38E-94	275	COG0080@1|root,COG0080@2|Bacteria,2IFCK@201174|Actinobacteria,4D0PA@85004|Bifidobacteriales	201174|Actinobacteria	J	Forms part of the ribosomal stalk which helps the ribosome interact with GTP-bound translation factors	rplK	GO:0000027,GO:0003674,GO:0003676,GO:0003723,GO:0003735,GO:0005198,GO:0005488,GO:0005575,GO:0005618,GO:0005622,GO:0005623,GO:0005737,GO:0005829,GO:0005840,GO:0006412,GO:0006518,GO:0006807,GO:0006996,GO:0008150,GO:0008152,GO:0009058,GO:0009059,GO:0009987,GO:0010467,GO:0015934,GO:0016043,GO:0019538,GO:0019843,GO:0022607,GO:0022613,GO:0022618,GO:0022625,GO:0022626,GO:0030312,GO:0032991,GO:0034622,GO:0034641,GO:0034645,GO:0040007,GO:0042254,GO:0042255,GO:0042273,GO:0043043,GO:0043170,GO:0043226,GO:0043228,GO:0043229,GO:0043232,GO:0043603,GO:0043604,GO:0043933,GO:0044085,GO:0044237,GO:0044238,GO:0044249,GO:0044260,GO:0044267,GO:0044271,GO:0044391,GO:0044422,GO:0044424,GO:0044444,GO:0044445,GO:0044446,GO:0044464,GO:0065003,GO:0070925,GO:0071704,GO:0071826,GO:0071840,GO:0071944,GO:0097159,GO:1901363,GO:1901564,GO:1901566,GO:1901576,GO:1990904	-	ko:K02867	ko03010,map03010	M00178,M00179	-	-	br01610,ko00000,ko00001,ko00002,ko03011	-	-	-	Ribosomal_L11,Ribosomal_L11_N	AIM2.1, IKBKB.1, IKBKB.2, IKBKB.3, IKBKB.4, IRAK1.1, IRAK1.2, IRAK1.3, IRAK1.4, IRAK4.1, IRAK4.2, NAIP.1, NAIP.2, NFKB1.2, NFKBIA.1, NLRC4.1, NLRC4.2, NLRC4.3, NLRC4.4, NLRP1.1, NLRP1.2, NLRP1.3, NLRP1.4, NLRP1.5, NLRP12.1, NLRP12.2, NLRP12.3, NLRP12.4, NLRP12.5, NLRP12.6, NLRP12.7, NLRP3.1, NLRP3.2, NLRP3.3, NLRP3.4, NLRP3.5, NLRP3.6, NLRP6.1, NLRP6.2, RELA.1, RELA.2, RELA.3, RELA.4, TAB2.1, TAB2.2, TLR4.1, TLR4.2, TLR4.3, TRAF6.1	49
PRODB_00984	N	N	Y	Ba_AM100-PB1-1D-7A_00990	Bifidobacterium adolescentis	NADP-specific glutamate dehydrogenase	Y	1680.BADO_0008	0.00E+00	890	COG0334@1|root,COG0334@2|Bacteria,2GKXG@201174|Actinobacteria,4CYTN@85004|Bifidobacteriales	201174|Actinobacteria	E	Belongs to the Glu Leu Phe Val dehydrogenases family	gdhA	GO:0003674,GO:0003824,GO:0004353,GO:0004354,GO:0005575,GO:0005622,GO:0005623,GO:0005737,GO:0006082,GO:0006520,GO:0006536,GO:0006537,GO:0006807,GO:0008150,GO:0008152,GO:0008652,GO:0009058,GO:0009064,GO:0009084,GO:0009987,GO:0016053,GO:0016491,GO:0016638,GO:0016639,GO:0019752,GO:0043436,GO:0043648,GO:0043650,GO:0044237,GO:0044238,GO:0044249,GO:0044281,GO:0044283,GO:0044424,GO:0044464,GO:0046394,GO:0055114,GO:0071704,GO:1901564,GO:1901566,GO:1901576,GO:1901605,GO:1901607	1.4.1.4	ko:K00262	ko00220,ko00250,ko00910,ko01100,map00220,map00250,map00910,map01100	-	R00248	RC00006,RC02799	ko00000,ko00001,ko01000	-	-	-	ELFV_dehydrog,ELFV_dehydrog_N	AIM2.1, NFKB1.2, NLRC4.4, NLRP3.1, NLRP3.3	5
PRODB_00985	N	N	Y	Bl_B1_00277	Bifidobacterium longum	hypothetical protein	Y	216816.GS08_09015	4.87E-75	226	COG0256@1|root,COG0256@2|Bacteria,2IKTX@201174|Actinobacteria,4D0WE@85004|Bifidobacteriales	201174|Actinobacteria	J	This is one of the proteins that binds and probably mediates the attachment of the 5S RNA into the large ribosomal subunit, where it forms part of the central protuberance	rplR	GO:0003674,GO:0003676,GO:0003723,GO:0005488,GO:0005575,GO:0005622,GO:0005623,GO:0005737,GO:0005829,GO:0005840,GO:0008097,GO:0008150,GO:0015934,GO:0019843,GO:0022625,GO:0022626,GO:0032991,GO:0040007,GO:0043226,GO:0043228,GO:0043229,GO:0043232,GO:0044391,GO:0044422,GO:0044424,GO:0044444,GO:0044445,GO:0044446,GO:0044464,GO:0097159,GO:1901363,GO:1990904	-	ko:K02881	ko03010,map03010	M00178,M00179	-	-	br01610,ko00000,ko00001,ko00002,ko03011	-	-	-	Ribosomal_L18p	AIM2.1, IRAK1.1, IRAK1.2, IRAK1.3, IRAK4.1, NFKB1.2, NLRC4.4, NLRP12.5, TAB2.1, TAB2.2	10
PRODB_00986	N	N	Y	Bl_N5E04_00832	Bifidobacterium longum	Divalent metal cation transporter MntH	Y	216816.GS08_02200	7.63E-279	768	COG1914@1|root,COG1914@2|Bacteria,2GJSM@201174|Actinobacteria,4CZZB@85004|Bifidobacteriales	201174|Actinobacteria	P	H( )-stimulated, divalent metal cation uptake system	mntH	GO:0000041,GO:0006810,GO:0006811,GO:0006812,GO:0006826,GO:0006828,GO:0006829,GO:0008150,GO:0030001,GO:0034220,GO:0034755,GO:0051179,GO:0051234,GO:0055085,GO:0070838,GO:0071421,GO:0071577,GO:0071578,GO:0072511,GO:0098655,GO:0098657,GO:0098659,GO:0098660,GO:0098662,GO:0098739,GO:0099587	-	ko:K03322	-	-	-	-	ko00000,ko02000	2.A.55.2.6,2.A.55.3	-	-	Nramp	AIM2.1, IRAK1.1, IRAK1.2, IRAK1.3, IRAK1.4, NFKB1.2, NFKBIA.1, NLRC4.2, NLRC4.3, NLRC4.4, NLRP1.1, NLRP3.1, NLRP3.2, NLRP3.3, NLRP3.4, NLRP3.5, NLRP3.6, TAB2.1, TAB2.2, TRAF6.1	20
PRODB_00987	N	N	Y	Ba_1001095IJ_161003_A7_00709	Bifidobacterium adolescentis	putative N-acetyl-LL-diaminopimelate aminotransferase	Y	1680.BADO_0204	9.29E-293	798	COG0436@1|root,COG0436@2|Bacteria,2GPM3@201174|Actinobacteria,4CZ6T@85004|Bifidobacteriales	201174|Actinobacteria	E	Psort location Cytoplasmic, score 8.87	-	-	2.6.1.1	ko:K11358	ko00220,ko00250,ko00270,ko00330,ko00350,ko00360,ko00400,ko00401,ko00950,ko00960,ko01100,ko01110,ko01130,ko01210,ko01230,map00220,map00250,map00270,map00330,map00350,map00360,map00400,map00401,map00950,map00960,map01100,map01110,map01130,map01210,map01230	-	R00355,R00694,R00734,R00896,R02433,R02619,R05052	RC00006	ko00000,ko00001,ko01000,ko01007	-	-	-	Aminotran_1_2	NLRC4.4, TAB2.2	2
PRODB_00988	N	N	Y	Ba_AF21-27_01516	Bifidobacterium adolescentis	Isoleucine--tRNA ligase	Y	1680.BADO_1333	0.00E+00	2179	COG0060@1|root,COG0060@2|Bacteria,2GK9M@201174|Actinobacteria,4CYT7@85004|Bifidobacteriales	201174|Actinobacteria	J	amino acids such as valine, to avoid such errors it has two additional distinct tRNA(Ile)-dependent editing activities. One activity is designated as 'pretransfer' editing and involves the hydrolysis of activated Val-AMP. The other activity is designated 'posttransfer' editing and involves deacylation of mischarged Val-tRNA(Ile)	ileS	GO:0003674,GO:0003824,GO:0004812,GO:0004822,GO:0005575,GO:0005618,GO:0005622,GO:0005623,GO:0005737,GO:0005886,GO:0006082,GO:0006139,GO:0006399,GO:0006412,GO:0006418,GO:0006428,GO:0006518,GO:0006520,GO:0006725,GO:0006807,GO:0008150,GO:0008152,GO:0009058,GO:0009059,GO:0009987,GO:0010467,GO:0016020,GO:0016070,GO:0016874,GO:0016875,GO:0019538,GO:0019752,GO:0030312,GO:0034641,GO:0034645,GO:0034660,GO:0043038,GO:0043039,GO:0043043,GO:0043170,GO:0043436,GO:0043603,GO:0043604,GO:0044237,GO:0044238,GO:0044249,GO:0044260,GO:0044267,GO:0044271,GO:0044281,GO:0044424,GO:0044464,GO:0046483,GO:0071704,GO:0071944,GO:0090304,GO:0140098,GO:0140101,GO:1901360,GO:1901564,GO:1901566,GO:1901576	6.1.1.5	ko:K01870	ko00970,map00970	M00359,M00360	R03656	RC00055,RC00523	ko00000,ko00001,ko00002,ko01000,ko01007,ko03016	-	-	-	Anticodon_1,tRNA-synt_1	NFKB1.2	1
PRODB_00989	N	N	Y	Ba_1001283B150304_161114_G1_01084	Bifidobacterium adolescentis	hypothetical protein	Y	1680.BADO_0319	3.31E-97	284	COG0103@1|root,COG0103@2|Bacteria,2GNDY@201174|Actinobacteria,4CZ9Y@85004|Bifidobacteriales	201174|Actinobacteria	J	Belongs to the universal ribosomal protein uS9 family	rpsI	GO:0000462,GO:0003674,GO:0003676,GO:0003723,GO:0003735,GO:0005198,GO:0005488,GO:0005575,GO:0005622,GO:0005623,GO:0005737,GO:0005829,GO:0005840,GO:0005886,GO:0006139,GO:0006364,GO:0006396,GO:0006412,GO:0006518,GO:0006725,GO:0006807,GO:0008150,GO:0008152,GO:0009058,GO:0009059,GO:0009987,GO:0010467,GO:0015935,GO:0016020,GO:0016070,GO:0016072,GO:0019538,GO:0022613,GO:0022626,GO:0022627,GO:0030490,GO:0032991,GO:0034470,GO:0034641,GO:0034645,GO:0034660,GO:0042254,GO:0042274,GO:0043043,GO:0043170,GO:0043226,GO:0043228,GO:0043229,GO:0043232,GO:0043603,GO:0043604,GO:0044085,GO:0044237,GO:0044238,GO:0044249,GO:0044260,GO:0044267,GO:0044271,GO:0044391,GO:0044422,GO:0044424,GO:0044444,GO:0044445,GO:0044446,GO:0044464,GO:0046483,GO:0071704,GO:0071840,GO:0071944,GO:0090304,GO:0097159,GO:1901360,GO:1901363,GO:1901564,GO:1901566,GO:1901576,GO:1990904	-	ko:K02996	ko03010,map03010	M00178,M00179	-	-	br01610,ko00000,ko00001,ko00002,ko03011	-	-	-	Ribosomal_S9	AIM2.1, IKBKB.1, IKBKB.2, IKBKB.3, IKBKB.4, IRAK1.1, IRAK1.2, IRAK1.3, IRAK1.4, IRAK4.1, IRAK4.2, NAIP.1, NAIP.2, NFKB1.2, NFKBIA.1, NLRC4.1, NLRC4.2, NLRC4.3, NLRC4.4, NLRP1.1, NLRP1.2, NLRP1.3, NLRP1.4, NLRP1.5, NLRP12.1, NLRP12.2, NLRP12.3, NLRP12.4, NLRP12.5, NLRP12.6, NLRP12.7, NLRP3.1, NLRP3.2, NLRP3.3, NLRP3.4, NLRP3.5, NLRP3.6, NLRP6.1, NLRP6.2, RELA.1, RELA.2, RELA.3, RELA.4, TAB2.1, TAB2.2, TLR4.1, TLR4.2, TLR4.3, TRAF6.1	49
PRODB_00990	N	N	Y	Ba_2218st1_B1_2218SCRN_220325_00841	Bifidobacterium adolescentis	Long-chain-fatty-acid--CoA ligase FadD15	Y	1680.BADO_0770	0.00E+00	1354	COG1022@1|root,COG1022@2|Bacteria,2GIXQ@201174|Actinobacteria,4CYYJ@85004|Bifidobacteriales	201174|Actinobacteria	I	AMP-binding enzyme	fadD2	-	6.2.1.3	ko:K01897	ko00061,ko00071,ko01100,ko01212,ko02024,ko03320,ko04146,ko04216,ko04714,ko04920,map00061,map00071,map01100,map01212,map02024,map03320,map04146,map04216,map04714,map04920	M00086	R01280	RC00004,RC00014	ko00000,ko00001,ko00002,ko01000,ko01004,ko04147	4.C.1.1	-	-	AMP-binding	NFKB1.2	1
PRODB_00991	N	N	Y	Ba_AF91-08b2A_01429	Bifidobacterium adolescentis	Universal stress protein/MSMEI_3859	Y	1680.BADO_0392	1.46E-240	662	COG0589@1|root,COG0589@2|Bacteria,2GMFE@201174|Actinobacteria,4CZ6V@85004|Bifidobacteriales	201174|Actinobacteria	T	Universal stress protein family	-	-	-	-	-	-	-	-	-	-	-	-	Usp	AIM2.1, NFKB1.2, NLRC4.4, NLRP3.1, NLRP3.2, NLRP3.3, NLRP3.4, NLRP3.5, NLRP3.6, RELA.4, TAB2.1, TAB2.2	12
PRODB_00992	N	N	Y	Ba_1001713B170214_170313_A6_01613	Bifidobacterium adolescentis	ATP synthase subunit alpha	Y	1680.BADO_1602	0.00E+00	1040	COG0056@1|root,COG0056@2|Bacteria,2GJRJ@201174|Actinobacteria,4CZI7@85004|Bifidobacteriales	201174|Actinobacteria	C	Produces ATP from ADP in the presence of a proton gradient across the membrane. The alpha chain is a regulatory subunit	atpA	GO:0005575,GO:0005618,GO:0005623,GO:0005886,GO:0008150,GO:0016020,GO:0030312,GO:0040007,GO:0044464,GO:0071944	3.6.3.14	ko:K02111	ko00190,ko00195,ko01100,map00190,map00195,map01100	M00157	-	-	ko00000,ko00001,ko00002,ko00194,ko01000	3.A.2.1	-	-	ATP-synt_ab,ATP-synt_ab_C,ATP-synt_ab_N	AIM2.1, IRAK1.1, IRAK1.2, IRAK1.3, IRAK1.4, NFKB1.2, NLRC4.3, NLRC4.4, NLRP3.1, NLRP3.3, NLRP3.4, NLRP3.5, NLRP3.6, RELA.1, RELA.2, RELA.3, RELA.4, TLR4.3	18
PRODB_00993	N	N	Y	Ba_AF21-27_00245	Bifidobacterium adolescentis	50S ribosomal protein L5	Y	1680.BADO_0340	2.66E-132	375	COG0094@1|root,COG0094@2|Bacteria,2GJW7@201174|Actinobacteria,4CZCA@85004|Bifidobacteriales	201174|Actinobacteria	J	This is 1 of the proteins that binds and probably mediates the attachment of the 5S RNA into the large ribosomal subunit, where it forms part of the central protuberance. In the 70S ribosome it contacts protein S13 of the 30S subunit (bridge B1b), connecting the 2 subunits	rplE	GO:0000027,GO:0003674,GO:0003676,GO:0003723,GO:0003735,GO:0005198,GO:0005488,GO:0005575,GO:0005622,GO:0005623,GO:0005737,GO:0005829,GO:0005840,GO:0006412,GO:0006518,GO:0006807,GO:0006996,GO:0008150,GO:0008152,GO:0009058,GO:0009059,GO:0009987,GO:0010467,GO:0015934,GO:0016043,GO:0019538,GO:0022607,GO:0022613,GO:0022618,GO:0022625,GO:0022626,GO:0032991,GO:0034622,GO:0034641,GO:0034645,GO:0042254,GO:0042255,GO:0042273,GO:0043043,GO:0043170,GO:0043226,GO:0043228,GO:0043229,GO:0043232,GO:0043603,GO:0043604,GO:0043933,GO:0044085,GO:0044237,GO:0044238,GO:0044249,GO:0044260,GO:0044267,GO:0044271,GO:0044391,GO:0044422,GO:0044424,GO:0044444,GO:0044445,GO:0044446,GO:0044464,GO:0065003,GO:0070925,GO:0071704,GO:0071826,GO:0071840,GO:0097159,GO:1901363,GO:1901564,GO:1901566,GO:1901576,GO:1990904	-	ko:K02931	ko03010,map03010	M00178,M00179	-	-	br01610,ko00000,ko00001,ko00002,ko03011	-	-	-	Ribosomal_L5,Ribosomal_L5_C	AIM2.1, IRAK1.1, IRAK1.2, IRAK1.3, IRAK1.4, IRAK4.1, NAIP.1, NAIP.2, NFKB1.2, NFKBIA.1, NLRC4.1, NLRC4.2, NLRC4.3, NLRC4.4, NLRP1.1, NLRP1.2, NLRP1.3, NLRP1.4, NLRP1.5, NLRP12.2, NLRP12.4, NLRP12.5, NLRP3.1, NLRP3.2, NLRP3.3, NLRP3.4, NLRP3.5, NLRP3.6, RELA.1, RELA.2, RELA.3, RELA.4, TAB2.1, TAB2.2, TLR4.1, TLR4.2, TLR4.3, TRAF6.1	38
PRODB_00994	N	N	Y	Ba_B4A4_01090	Bifidobacterium adolescentis	GTPase HflX	Y	1680.BADO_1168	0.00E+00	935	COG2262@1|root,COG2262@2|Bacteria,2GK55@201174|Actinobacteria,4CZCB@85004|Bifidobacteriales	201174|Actinobacteria	S	GTPase that associates with the 50S ribosomal subunit and may have a role during protein synthesis or ribosome biogenesis	hflX	GO:0003674,GO:0003824,GO:0005575,GO:0005622,GO:0005623,GO:0005737,GO:0016462,GO:0016787,GO:0016817,GO:0016818,GO:0016887,GO:0017111,GO:0044424,GO:0044464	-	ko:K03665	-	-	-	-	ko00000,ko03009	-	-	-	GTP-bdg_M,GTP-bdg_N,MMR_HSR1	AIM2.1, IRAK1.1, IRAK1.2, IRAK1.3, IRAK1.4, NFKB1.2, NLRC4.3, NLRC4.4, NLRP3.1, NLRP3.2, NLRP3.3, NLRP3.4, NLRP3.5, NLRP3.6, RELA.4, TAB2.1, TAB2.2	17
PRODB_00995	N	N	Y	Bl_YGMCC0846_01573	Bifidobacterium longum	NAD(P) transhydrogenase subunit beta	Y	216816.GS08_04640	0.00E+00	846	COG1282@1|root,COG1282@2|Bacteria,2GNKB@201174|Actinobacteria,4CZF5@85004|Bifidobacteriales	201174|Actinobacteria	C	The transhydrogenation between NADH and NADP is coupled to respiration and ATP hydrolysis and functions as a proton pump across the membrane	pntB	-	1.6.1.2	ko:K00325	ko00760,ko01100,map00760,map01100	-	R00112	RC00001	ko00000,ko00001,ko01000	-	-	-	PNTB	AIM2.1, IRAK1.1, IRAK1.2, IRAK1.3, IRAK1.4, IRAK4.1, NFKB1.2, NFKBIA.1, NLRC4.3, NLRC4.4, NLRP1.1, NLRP1.2, NLRP1.3, NLRP1.4, NLRP12.5, NLRP3.1, NLRP3.2, NLRP3.3, NLRP3.4, NLRP3.5, NLRP3.6, NLRP6.1, NLRP6.2, RELA.1, RELA.2, RELA.3, RELA.4, TAB2.1, TAB2.2, TLR4.3, TRAF6.1	31
PRODB_00996	N	N	Y	Bb_1001283st1_G4_1001283B150217_161031_00304	Bifidobacterium bifidum	4-hydroxy-3-methylbut-2-enyl diphosphate reductase 2	Y	398513.BBNG_00503	1.48E-227	628	COG0761@1|root,COG0761@2|Bacteria,2GIZ7@201174|Actinobacteria,4CZ8B@85004|Bifidobacteriales	201174|Actinobacteria	IM	Catalyzes the conversion of 1-hydroxy-2-methyl-2-(E)- butenyl 4-diphosphate (HMBPP) into a mixture of isopentenyl diphosphate (IPP) and dimethylallyl diphosphate (DMAPP). Acts in the terminal step of the DOXP MEP pathway for isoprenoid precursor biosynthesis	ispH	-	1.17.7.4	ko:K03527	ko00900,ko01100,ko01110,ko01130,map00900,map01100,map01110,map01130	M00096	R05884,R08210	RC01137,RC01487	ko00000,ko00001,ko00002,ko01000	-	-	-	LYTB	AIM2.1, IRAK1.1, IRAK1.2, IRAK1.3, IRAK1.4, IRAK4.1, NFKB1.2, NLRC4.3, NLRC4.4, NLRP12.5, NLRP3.1, NLRP3.2, NLRP3.3, NLRP3.4, NLRP3.5, NLRP3.6, RELA.1, RELA.2, RELA.3, RELA.4, TAB2.1, TAB2.2, TRAF6.1	23
PRODB_00997	N	N	Y	Ba_AM04S-55_01077	Bifidobacterium adolescentis	Exodeoxyribonuclease	Y	1680.BADO_1108	1.13E-217	599	COG0708@1|root,COG0708@2|Bacteria,2GKIS@201174|Actinobacteria,4CYVB@85004|Bifidobacteriales	201174|Actinobacteria	L	Endonuclease/Exonuclease/phosphatase family	xth	-	3.1.11.2	ko:K01142	ko03410,map03410	-	-	-	ko00000,ko00001,ko01000,ko03400	-	-	-	Exo_endo_phos	AIM2.1, NFKB1.2, NLRC4.4, NLRP3.1, TAB2.1, TAB2.2	6
PRODB_00998	N	N	Y	Bb_1900B_01267	Bifidobacterium bifidum	hypothetical protein	Y	326426.Bbr_1809	6.41E-236	648	COG0084@1|root,COG0084@2|Bacteria,2GMJJ@201174|Actinobacteria,4CYZI@85004|Bifidobacteriales	201174|Actinobacteria	L	TatD related DNase	tatD	GO:0003674,GO:0003824,GO:0004518,GO:0004536,GO:0005575,GO:0005623,GO:0005886,GO:0006139,GO:0006259,GO:0006308,GO:0006725,GO:0006807,GO:0008150,GO:0008152,GO:0009056,GO:0009057,GO:0009987,GO:0016020,GO:0016787,GO:0016788,GO:0019439,GO:0034641,GO:0034655,GO:0043170,GO:0044237,GO:0044238,GO:0044248,GO:0044260,GO:0044265,GO:0044270,GO:0044464,GO:0046483,GO:0046700,GO:0071704,GO:0071944,GO:0090304,GO:0090305,GO:0140097,GO:1901360,GO:1901361,GO:1901575	-	ko:K03424	-	-	-	-	ko00000,ko01000	-	-	-	TatD_DNase	AIM2.1, IRAK1.1, IRAK1.2, IRAK1.3, IRAK1.4, IRAK4.1, NAIP.1, NAIP.2, NFKB1.2, NFKBIA.1, NLRC4.3, NLRC4.4, NLRP1.1, NLRP1.2, NLRP1.3, NLRP1.4, NLRP1.5, NLRP12.1, NLRP12.2, NLRP12.4, NLRP12.5, NLRP12.6, NLRP12.7, NLRP3.1, NLRP3.2, NLRP3.3, NLRP3.4, NLRP3.5, NLRP3.6, RELA.1, RELA.2, RELA.3, RELA.4, TAB2.1, TAB2.2, TLR4.1, TLR4.2, TLR4.3, TRAF6.1	39
PRODB_00999	N	N	Y	Bl_KACC_91563_00046	Bifidobacterium longum	hypothetical protein	Y	216816.GS08_09850	0.00E+00	1559	COG3158@1|root,COG3158@2|Bacteria,2GMPQ@201174|Actinobacteria,4CZM3@85004|Bifidobacteriales	201174|Actinobacteria	P	Transport of potassium into the cell	kup	-	-	ko:K03549	-	-	-	-	ko00000,ko02000	2.A.72	-	-	K_trans	AIM2.1, IRAK1.2, IRAK1.4, NFKB1.2, NLRC4.4, NLRP1.1, NLRP1.2, NLRP1.4, NLRP12.5, NLRP3.1, NLRP3.2, NLRP3.3, NLRP3.4, NLRP3.5, NLRP3.6, RELA.1, RELA.2, RELA.3, RELA.4, TAB2.1, TAB2.2, TLR4.3, TRAF6.1	23
PRODB_01000	N	N	Y	Ba_2227st1_C9_2227SCRN_220401_00398	Bifidobacterium adolescentis	1-(5-phosphoribosyl)-5-[(5-phosphoribosylamino)methylideneamino] imidazole-4-carboxamide isomerase	Y	1680.BADO_1182	6.84E-167	467	COG0106@1|root,COG0106@2|Bacteria,2GJ4V@201174|Actinobacteria,4CZEA@85004|Bifidobacteriales	201174|Actinobacteria	E	Histidine biosynthesis protein	hisA	GO:0000105,GO:0000162,GO:0003674,GO:0003824,GO:0003949,GO:0005575,GO:0005622,GO:0005623,GO:0005737,GO:0006082,GO:0006520,GO:0006547,GO:0006568,GO:0006576,GO:0006586,GO:0006725,GO:0006807,GO:0008150,GO:0008152,GO:0008652,GO:0009058,GO:0009072,GO:0009073,GO:0009308,GO:0009309,GO:0009987,GO:0016053,GO:0016853,GO:0016860,GO:0016861,GO:0018130,GO:0019438,GO:0019752,GO:0034641,GO:0040007,GO:0042401,GO:0042430,GO:0042435,GO:0043436,GO:0044106,GO:0044237,GO:0044238,GO:0044249,GO:0044271,GO:0044281,GO:0044283,GO:0044424,GO:0044464,GO:0046219,GO:0046394,GO:0046483,GO:0052803,GO:0071704,GO:1901360,GO:1901362,GO:1901564,GO:1901566,GO:1901576,GO:1901605,GO:1901607	5.3.1.16,5.3.1.24	ko:K01814,ko:K01817	ko00340,ko00400,ko01100,ko01110,ko01130,ko01230,map00340,map00400,map01100,map01110,map01130,map01230	M00023,M00026	R03509,R04640	RC00945	ko00000,ko00001,ko00002,ko01000	-	-	-	His_biosynth	AIM2.1, IRAK1.1, IRAK1.2, NFKB1.2, NLRC4.3, NLRC4.4, NLRP12.5, NLRP3.1, NLRP3.3, NLRP3.5, NLRP3.6, TAB2.2	12
PRODB_01001	N	N	Y	Ba_703B_00497	Bifidobacterium adolescentis	Ribosomal RNA large subunit methyltransferase H	Y	1680.BADO_0478	1.03E-104	303	COG1576@1|root,COG1576@2|Bacteria,2IJE0@201174|Actinobacteria,4D0P5@85004|Bifidobacteriales	201174|Actinobacteria	J	Specifically methylates the pseudouridine at position 1915 (m3Psi1915) in 23S rRNA	rlmH	-	2.1.1.177	ko:K00783	-	-	-	-	ko00000,ko01000,ko03009	-	-	-	SPOUT_MTase	AIM2.1, IKBKB.1, IKBKB.2, IKBKB.3, IKBKB.4, IRAK1.1, IRAK1.2, IRAK1.3, IRAK1.4, IRAK4.1, IRAK4.2, NAIP.1, NAIP.2, NFKB1.2, NFKBIA.1, NLRC4.1, NLRC4.2, NLRC4.3, NLRC4.4, NLRP1.1, NLRP1.2, NLRP1.3, NLRP1.4, NLRP1.5, NLRP12.1, NLRP12.2, NLRP12.3, NLRP12.4, NLRP12.5, NLRP12.6, NLRP12.7, NLRP3.1, NLRP3.2, NLRP3.3, NLRP3.4, NLRP3.5, NLRP3.6, NLRP6.1, NLRP6.2, RELA.1, RELA.2, RELA.3, RELA.4, TAB2.1, TAB2.2, TLR4.1, TLR4.2, TLR4.3, TRAF6.1	49
PRODB_01002	N	N	Y	Ba_AF35-2A_00285	Bifidobacterium adolescentis	Translation initiation factor IF-1	Y	1435051.BMOU_1728	1.98E-44	144	COG0361@1|root,COG0361@2|Bacteria,2IQ4B@201174|Actinobacteria,4D16H@85004|Bifidobacteriales	201174|Actinobacteria	J	One of the essential components for the initiation of protein synthesis. Stabilizes the binding of IF-2 and IF-3 on the 30S subunit to which N-formylmethionyl-tRNA(fMet) subsequently binds. Helps modulate mRNA selection, yielding the 30S pre- initiation complex (PIC). Upon addition of the 50S ribosomal subunit IF-1, IF-2 and IF-3 are released leaving the mature 70S translation initation complex	infA	-	-	ko:K02518	-	-	-	-	ko00000,ko03012	-	-	-	eIF-1a	AIM2.1, IKBKB.3, IRAK1.1, IRAK1.2, IRAK1.3, IRAK1.4, IRAK4.1, IRAK4.2, NAIP.1, NAIP.2, NFKB1.2, NFKBIA.1, NLRC4.1, NLRC4.2, NLRC4.3, NLRC4.4, NLRP1.1, NLRP1.2, NLRP1.3, NLRP1.4, NLRP1.5, NLRP12.1, NLRP12.2, NLRP12.3, NLRP12.4, NLRP12.5, NLRP12.6, NLRP12.7, NLRP3.1, NLRP3.2, NLRP3.3, NLRP3.4, NLRP3.5, NLRP3.6, NLRP6.1, NLRP6.2, RELA.1, RELA.2, RELA.3, RELA.4, TAB2.1, TAB2.2, TLR4.1, TLR4.2, TLR4.3, TRAF6.1	46
PRODB_01003	N	N	Y	Ba_1001095IJ_161003_A7_00573	Bifidobacterium adolescentis	50S ribosomal protein L23	Y	1435051.BMOU_1708	4.39E-62	190	COG0089@1|root,COG0089@2|Bacteria,2IQ7V@201174|Actinobacteria,4D11N@85004|Bifidobacteriales	201174|Actinobacteria	J	One of the early assembly proteins it binds 23S rRNA. One of the proteins that surrounds the polypeptide exit tunnel on the outside of the ribosome. Forms the main docking site for trigger factor binding to the ribosome	rplW	GO:0000027,GO:0003674,GO:0003676,GO:0003723,GO:0003735,GO:0005198,GO:0005488,GO:0005575,GO:0005622,GO:0005623,GO:0005737,GO:0005829,GO:0005840,GO:0005886,GO:0006412,GO:0006518,GO:0006807,GO:0006996,GO:0008150,GO:0008152,GO:0009058,GO:0009059,GO:0009987,GO:0010467,GO:0015934,GO:0016020,GO:0016043,GO:0019538,GO:0022607,GO:0022613,GO:0022618,GO:0022625,GO:0022626,GO:0032991,GO:0034622,GO:0034641,GO:0034645,GO:0040007,GO:0042254,GO:0042255,GO:0042273,GO:0043043,GO:0043170,GO:0043226,GO:0043228,GO:0043229,GO:0043232,GO:0043603,GO:0043604,GO:0043933,GO:0044085,GO:0044237,GO:0044238,GO:0044249,GO:0044260,GO:0044267,GO:0044271,GO:0044391,GO:0044422,GO:0044424,GO:0044444,GO:0044445,GO:0044446,GO:0044464,GO:0065003,GO:0070925,GO:0071704,GO:0071826,GO:0071840,GO:0071944,GO:0097159,GO:1901363,GO:1901564,GO:1901566,GO:1901576,GO:1990904	-	ko:K02892	ko03010,map03010	M00178,M00179	-	-	br01610,ko00000,ko00001,ko00002,ko03011	-	-	-	Ribosomal_L23	AIM2.1, IKBKB.1, IKBKB.2, IKBKB.3, IKBKB.4, IRAK1.1, IRAK1.2, IRAK1.3, IRAK1.4, IRAK4.1, IRAK4.2, NAIP.1, NAIP.2, NFKB1.2, NFKBIA.1, NLRC4.1, NLRC4.2, NLRC4.3, NLRC4.4, NLRP1.1, NLRP1.2, NLRP1.3, NLRP1.4, NLRP1.5, NLRP12.1, NLRP12.2, NLRP12.3, NLRP12.4, NLRP12.5, NLRP12.6, NLRP12.7, NLRP3.1, NLRP3.2, NLRP3.3, NLRP3.4, NLRP3.5, NLRP3.6, NLRP6.1, NLRP6.2, RELA.1, RELA.2, RELA.3, RELA.4, TAB2.1, TAB2.2, TLR4.1, TLR4.2, TLR4.3, TRAF6.1	49
PRODB_01004	N	N	Y	Ba_AF51-06b1_00856	Bifidobacterium adolescentis	Branched-chain-amino-acid aminotransferase	Y	1680.BADO_0791	7.81E-288	784	COG0115@1|root,COG0115@2|Bacteria,2GKJ1@201174|Actinobacteria,4CZD9@85004|Bifidobacteriales	201174|Actinobacteria	E	Amino-transferase class IV	ilvE	-	2.6.1.42	ko:K00826	ko00270,ko00280,ko00290,ko00770,ko01100,ko01110,ko01130,ko01210,ko01230,map00270,map00280,map00290,map00770,map01100,map01110,map01130,map01210,map01230	M00019,M00036,M00119,M00570	R01090,R01214,R02199,R10991	RC00006,RC00036	ko00000,ko00001,ko00002,ko01000,ko01007	-	-	-	Aminotran_4	AIM2.1, IRAK1.1, IRAK1.2, IRAK1.3, IRAK1.4, IRAK4.1, NFKB1.2, NLRC4.4, NLRP12.5, NLRP3.1, NLRP3.2, NLRP3.3, NLRP3.5, NLRP3.6, RELA.1, RELA.2, RELA.3, RELA.4, TAB2.1, TAB2.2	20
PRODB_01005	N	N	Y	Ba_AM22-8LB_01237	Bifidobacterium adolescentis	Glutamine synthetase	Y	1680.BADO_1181	0.00E+00	910	COG0174@1|root,COG0174@2|Bacteria,2GJ2I@201174|Actinobacteria,4CZ0G@85004|Bifidobacteriales	201174|Actinobacteria	E	glutamine synthetase	glnA2	GO:0003674,GO:0003824,GO:0005575,GO:0005623,GO:0005886,GO:0016020,GO:0016787,GO:0016810,GO:0016811,GO:0044464,GO:0050001,GO:0071944	6.3.1.2	ko:K01915	ko00220,ko00250,ko00630,ko00910,ko01100,ko01120,ko01230,ko02020,ko04217,ko04724,ko04727,map00220,map00250,map00630,map00910,map01100,map01120,map01230,map02020,map04217,map04724,map04727	-	R00253	RC00010,RC02798	ko00000,ko00001,ko01000,ko04147	-	-	-	Gln-synt_C,Gln-synt_N	AIM2.1, IRAK1.1, IRAK1.2, IRAK1.3, IRAK1.4, NAIP.2, NFKB1.2, NLRC4.3, NLRC4.4, NLRP3.1, NLRP3.5, RELA.1, RELA.2, RELA.3, RELA.4, TAB2.2, TLR4.3	17
PRODB_01006	N	N	Y	Ba_2227st1_C9_2227SCRN_220401_00859	Bifidobacterium adolescentis	Alanine--tRNA ligase	Y	78346.BRUM_0908	0.00E+00	1714	COG0013@1|root,COG0013@2|Bacteria,2GIUG@201174|Actinobacteria,4CZQN@85004|Bifidobacteriales	201174|Actinobacteria	J	Catalyzes the attachment of alanine to tRNA(Ala) in a two-step reaction alanine is first activated by ATP to form Ala- AMP and then transferred to the acceptor end of tRNA(Ala). Also edits incorrectly charged Ser-tRNA(Ala) and Gly-tRNA(Ala) via its editing domain	alaS	GO:0003674,GO:0003824,GO:0004812,GO:0004813,GO:0005488,GO:0005575,GO:0005618,GO:0005622,GO:0005623,GO:0005737,GO:0005829,GO:0005886,GO:0006082,GO:0006139,GO:0006396,GO:0006399,GO:0006400,GO:0006412,GO:0006418,GO:0006419,GO:0006518,GO:0006520,GO:0006725,GO:0006807,GO:0008033,GO:0008150,GO:0008152,GO:0009058,GO:0009059,GO:0009451,GO:0009987,GO:0010467,GO:0016020,GO:0016070,GO:0016597,GO:0016874,GO:0016875,GO:0019538,GO:0019752,GO:0030312,GO:0031406,GO:0034470,GO:0034641,GO:0034645,GO:0034660,GO:0036094,GO:0040007,GO:0043038,GO:0043039,GO:0043043,GO:0043167,GO:0043168,GO:0043170,GO:0043177,GO:0043412,GO:0043436,GO:0043603,GO:0043604,GO:0044237,GO:0044238,GO:0044249,GO:0044260,GO:0044267,GO:0044271,GO:0044281,GO:0044424,GO:0044444,GO:0044464,GO:0046483,GO:0071704,GO:0071944,GO:0090304,GO:0140098,GO:0140101,GO:1901360,GO:1901564,GO:1901566,GO:1901576	6.1.1.7	ko:K01872	ko00970,map00970	M00359,M00360	R03038	RC00055,RC00523	ko00000,ko00001,ko00002,ko01000,ko01007,ko03016	-	-	-	DHHA1,tRNA-synt_2c,tRNA_SAD	NLRC4.3, NLRC4.4, NLRP12.5, NLRP3.1, NLRP3.3, RELA.1, RELA.3, RELA.4	8
PRODB_01007	N	N	Y	Bl_JCM_7007_02017	Bifidobacterium longum	Serine--tRNA ligase	Y	216816.GS08_08820	6.06E-298	817	COG0172@1|root,COG0172@2|Bacteria,2GIWP@201174|Actinobacteria,4CZ40@85004|Bifidobacteriales	201174|Actinobacteria	J	Catalyzes the attachment of serine to tRNA(Ser). Is also able to aminoacylate tRNA(Sec) with serine, to form the misacylated tRNA L-seryl-tRNA(Sec), which will be further converted into selenocysteinyl-tRNA(Sec)	serS	GO:0005575,GO:0005623,GO:0005886,GO:0008150,GO:0016020,GO:0040007,GO:0044464,GO:0071944	6.1.1.11	ko:K01875	ko00970,map00970	M00359,M00360	R03662,R08218	RC00055,RC00523	ko00000,ko00001,ko00002,ko01000,ko01007,ko03016	-	-	-	Seryl_tRNA_N,tRNA-synt_2b	AIM2.1, IRAK1.1, IRAK1.2, IRAK1.3, IRAK1.4, NFKB1.2, NLRC4.4, NLRP12.5, NLRP3.1, NLRP3.2, NLRP3.3, NLRP3.4, NLRP3.5, NLRP3.6, RELA.1, RELA.2, RELA.3, RELA.4, TAB2.1, TAB2.2	20
PRODB_01008	N	N	Y	Bl_Bifidobacterium_longum_BgEED06_01228	Bifidobacterium longum	Aspartate-semialdehyde dehydrogenase	Y	216816.GS08_00790	2.40E-266	731	COG0136@1|root,COG0136@2|Bacteria,2GJJ8@201174|Actinobacteria,4CZPY@85004|Bifidobacteriales	201174|Actinobacteria	E	Catalyzes the NADPH-dependent formation of L-aspartate- semialdehyde (L-ASA) by the reductive dephosphorylation of L- aspartyl-4-phosphate	asd	GO:0003674,GO:0003824,GO:0004073,GO:0005575,GO:0005618,GO:0005623,GO:0005886,GO:0006082,GO:0006520,GO:0006553,GO:0006807,GO:0008150,GO:0008152,GO:0008652,GO:0009058,GO:0009066,GO:0009067,GO:0009085,GO:0009089,GO:0009987,GO:0016020,GO:0016053,GO:0016491,GO:0016620,GO:0016903,GO:0019752,GO:0019877,GO:0030312,GO:0040007,GO:0043436,GO:0043648,GO:0043650,GO:0044237,GO:0044238,GO:0044249,GO:0044281,GO:0044283,GO:0044464,GO:0046394,GO:0046451,GO:0055114,GO:0071704,GO:0071944,GO:1901564,GO:1901566,GO:1901576,GO:1901605,GO:1901607	1.2.1.11	ko:K00133	ko00260,ko00261,ko00270,ko00300,ko01100,ko01110,ko01120,ko01130,ko01210,ko01230,map00260,map00261,map00270,map00300,map01100,map01110,map01120,map01130,map01210,map01230	M00016,M00017,M00018,M00033,M00525,M00526,M00527	R02291	RC00684	ko00000,ko00001,ko00002,ko01000	-	-	iNJ661.Rv3708c	Semialdhyde_dh,Semialdhyde_dhC	AIM2.1, IRAK1.1, IRAK1.2, IRAK1.3, IRAK1.4, IRAK4.1, NAIP.1, NAIP.2, NFKB1.2, NFKBIA.1, NLRC4.1, NLRC4.2, NLRC4.3, NLRC4.4, NLRP1.1, NLRP1.2, NLRP1.4, NLRP12.2, NLRP12.5, NLRP12.6, NLRP3.1, NLRP3.2, NLRP3.3, NLRP3.4, NLRP3.5, NLRP3.6, NLRP6.1, NLRP6.2, RELA.1, RELA.2, RELA.3, RELA.4, TAB2.1, TAB2.2, TLR4.1, TLR4.2, TLR4.3	37
PRODB_01009	N	N	Y	Bl_DPC6320_01874	Bifidobacterium longum	hypothetical protein	Y	216816.GS08_10435	0.00E+00	912	COG0515@1|root,COG0515@2|Bacteria,2I2F0@201174|Actinobacteria,4CZ2E@85004|Bifidobacteriales	201174|Actinobacteria	KLT	Domain of unknown function (DUF4032)	-	-	-	-	-	-	-	-	-	-	-	-	DUF4032,Kdo	IRAK1.1, IRAK1.2, IRAK1.4, IRAK4.1, NFKB1.2, NLRC4.3, NLRC4.4, NLRP3.1, NLRP3.3, NLRP3.5, RELA.2, RELA.4, TAB2.1, TAB2.2	14
PRODB_01010	N	N	Y	Bb_1001274st1_H8_1001274B_151102_00934	Bifidobacterium bifidum	O-acetyl-L-homoserine sulfhydrylase	Y	326426.Bbr_0807	0.00E+00	860	COG2873@1|root,COG2873@2|Bacteria,2I2EB@201174|Actinobacteria,4CZCT@85004|Bifidobacteriales	201174|Actinobacteria	E	Aminotransferase class-V	-	-	2.5.1.49	ko:K01740	ko00270,ko01100,map00270,map01100	-	R01287,R04859	RC00020,RC02821,RC02848	ko00000,ko00001,ko01000	-	-	-	Cys_Met_Meta_PP	AIM2.1, IRAK1.1, IRAK1.2, IRAK1.3, IRAK4.1, NFKB1.2, NLRC4.3, NLRC4.4, NLRP12.5, NLRP3.1, NLRP3.2, NLRP3.3, NLRP3.4, NLRP3.5, NLRP3.6, TAB2.1, TAB2.2, TRAF6.1	18
PRODB_01011	N	N	Y	Ba_1001713B170214_170313_A6_00487	Bifidobacterium adolescentis	hypothetical protein	Y	1680.BADO_1003	0.00E+00	900	COG0624@1|root,COG0624@2|Bacteria,2GM84@201174|Actinobacteria,4CYZT@85004|Bifidobacteriales	201174|Actinobacteria	E	Peptidase dimerisation domain	argE	-	-	-	-	-	-	-	-	-	-	-	M20_dimer,Peptidase_M20	AIM2.1, IRAK1.1, IRAK1.2, IRAK1.4, NFKB1.2, NFKBIA.1, NLRC4.4, NLRP12.5, NLRP3.1, NLRP3.2, NLRP3.3, NLRP3.4, NLRP3.5, NLRP3.6, RELA.1, RELA.2, RELA.3, RELA.4, TAB2.1, TAB2.2, TLR4.3	21
PRODB_01012	N	N	Y	Bb_12L_01657	Bifidobacterium bifidum	Sensory transduction protein regX3	Y	326426.Bbr_1683	1.23E-181	505	COG0745@1|root,COG0745@2|Bacteria,2GKFS@201174|Actinobacteria,4CZTX@85004|Bifidobacteriales	201174|Actinobacteria	KT	Transcriptional regulatory protein, C terminal	regX3	GO:0003674,GO:0003676,GO:0003677,GO:0005488,GO:0006355,GO:0008150,GO:0009405,GO:0009889,GO:0010468,GO:0010556,GO:0010565,GO:0019216,GO:0019217,GO:0019219,GO:0019220,GO:0019222,GO:0031323,GO:0031326,GO:0044419,GO:0048583,GO:0050789,GO:0050794,GO:0051171,GO:0051174,GO:0051252,GO:0051704,GO:0060255,GO:0062012,GO:0065007,GO:0080090,GO:0080134,GO:0097159,GO:1901363,GO:1902882,GO:1903506,GO:2000112,GO:2001141	-	ko:K07776	ko02020,map02020	M00443	-	-	ko00000,ko00001,ko00002,ko02022	-	-	-	Response_reg,Trans_reg_C	AIM2.1, IRAK1.1, IRAK1.2, IRAK1.3, IRAK1.4, IRAK4.1, NFKB1.2, NLRC4.4, NLRP12.6, NLRP3.1, NLRP3.2, NLRP3.3, NLRP3.4, NLRP3.5, NLRP3.6, RELA.1, RELA.2, RELA.3, RELA.4, TAB2.1, TAB2.2, TRAF6.1	22
PRODB_01013	N	N	Y	Ba_AM36-3AC_00774	Bifidobacterium adolescentis	ATP phosphoribosyltransferase	Y	1680.BADO_0844	8.75E-200	553	COG0040@1|root,COG0040@2|Bacteria,2GNAX@201174|Actinobacteria,4CZ66@85004|Bifidobacteriales	201174|Actinobacteria	F	ATP phosphoribosyltransferase	hisG	GO:0000105,GO:0003674,GO:0003824,GO:0003879,GO:0006082,GO:0006520,GO:0006547,GO:0006725,GO:0006807,GO:0008150,GO:0008152,GO:0008652,GO:0009058,GO:0009987,GO:0016053,GO:0016740,GO:0016757,GO:0016763,GO:0018130,GO:0019438,GO:0019752,GO:0034641,GO:0043436,GO:0044237,GO:0044238,GO:0044249,GO:0044281,GO:0044283,GO:0046394,GO:0046483,GO:0052803,GO:0071704,GO:1901360,GO:1901362,GO:1901564,GO:1901566,GO:1901576,GO:1901605,GO:1901607	2.4.2.17	ko:K00765,ko:K02502	ko00340,ko01100,ko01110,ko01230,map00340,map01100,map01110,map01230	M00026	R01071	RC02819,RC03200	ko00000,ko00001,ko00002,ko01000	-	-	-	HisG,HisG_C	IRAK1.1, IRAK1.2, IRAK1.4, IRAK4.1, NFKB1.2, NLRC4.4, NLRP12.5, NLRP3.1, NLRP3.2, NLRP3.3, NLRP3.4, NLRP3.5, NLRP3.6, RELA.1, RELA.2, RELA.3, RELA.4, TAB2.2, TLR4.3	19
PRODB_01014	N	N	Y	Bb_1025st1_D2_1025SCRN_200924_00195	Bifidobacterium bifidum	hypothetical protein	Y	398513.BBNG_00569	3.93E-51	162	COG4842@1|root,COG4842@2|Bacteria,2GQI8@201174|Actinobacteria,4D17K@85004|Bifidobacteriales	201174|Actinobacteria	S	Proteins of 100 residues with WXG	-	-	-	-	-	-	-	-	-	-	-	-	WXG100	AIM2.1, IKBKB.1, IKBKB.2, IKBKB.3, IKBKB.4, IRAK1.1, IRAK1.2, IRAK1.3, IRAK1.4, IRAK4.1, IRAK4.2, NAIP.1, NAIP.2, NFKB1.2, NFKBIA.1, NLRC4.1, NLRC4.2, NLRC4.3, NLRC4.4, NLRP1.1, NLRP1.2, NLRP1.3, NLRP1.4, NLRP1.5, NLRP12.1, NLRP12.2, NLRP12.3, NLRP12.4, NLRP12.5, NLRP12.6, NLRP12.7, NLRP3.1, NLRP3.2, NLRP3.3, NLRP3.4, NLRP3.5, NLRP3.6, NLRP6.1, NLRP6.2, RELA.1, RELA.2, RELA.3, RELA.4, TAB2.1, TAB2.2, TLR4.1, TLR4.2, TLR4.3, TRAF6.1	49
PRODB_01015	N	N	Y	Bb_DPC_6330_00083	Bifidobacterium bifidum	hypothetical protein	Y	326426.Bbr_1338	0.00E+00	1683	COG4581@1|root,COG4581@2|Bacteria,2GJSV@201174|Actinobacteria,4CZVX@85004|Bifidobacteriales	201174|Actinobacteria	L	DEAD DEAH box helicase	-	-	-	-	-	-	-	-	-	-	-	-	DEAD,DUF3516,Helicase_C	AIM2.1, IRAK1.1, IRAK1.2, IRAK1.3, IRAK1.4, IRAK4.1, NAIP.1, NAIP.2, NFKB1.2, NLRP1.1, NLRP1.2, NLRP1.4, NLRP12.1, NLRP12.2, NLRP12.4, NLRP12.6, NLRP12.7, NLRP3.1, NLRP3.2, NLRP3.3, NLRP3.4, NLRP3.5, NLRP3.6, RELA.1, RELA.2, RELA.3, RELA.4, TAB2.1, TAB2.2	29
PRODB_01016	N	N	Y	Bb_1001254st1_B10_1001254J_160919_00160	Bifidobacterium bifidum	50S ribosomal protein L28	Y	326426.Bbr_1709	7.42E-41	134	COG0227@1|root,COG0227@2|Bacteria,2GQNU@201174|Actinobacteria,4D17Q@85004|Bifidobacteriales	201174|Actinobacteria	J	Ribosomal L28 family	rpmB	GO:0003674,GO:0003735,GO:0005198	-	ko:K02902	ko03010,map03010	M00178	-	-	br01610,ko00000,ko00001,ko00002,ko03011	-	-	-	Ribosomal_L28	AIM2.1, IKBKB.1, IKBKB.2, IKBKB.3, IKBKB.4, IRAK1.1, IRAK1.2, IRAK1.3, IRAK1.4, IRAK4.1, IRAK4.2, NAIP.1, NAIP.2, NFKB1.2, NFKBIA.1, NLRC4.1, NLRC4.2, NLRC4.3, NLRC4.4, NLRP1.1, NLRP1.2, NLRP1.3, NLRP1.4, NLRP1.5, NLRP12.1, NLRP12.2, NLRP12.3, NLRP12.4, NLRP12.5, NLRP12.6, NLRP12.7, NLRP3.1, NLRP3.2, NLRP3.3, NLRP3.4, NLRP3.5, NLRP3.6, NLRP6.1, NLRP6.2, RELA.1, RELA.2, RELA.3, RELA.4, TAB2.1, TAB2.2, TLR4.1, TLR4.2, TLR4.3, TRAF6.1	49
PRODB_01017	N	N	Y	Bb_1025st1_A12_1025SCRN_200924_00346	Bifidobacterium bifidum	hypothetical protein	Y	398513.BBNG_00541	3.44E-70	211	COG1758@1|root,COG1758@2|Bacteria,2IQHU@201174|Actinobacteria,4D12C@85004|Bifidobacteriales	201174|Actinobacteria	K	Promotes RNA polymerase assembly. Latches the N- and C- terminal regions of the beta' subunit thereby facilitating its interaction with the beta and alpha subunits	rpoZ	GO:0005575,GO:0005618,GO:0005623,GO:0008150,GO:0030312,GO:0040007,GO:0044464,GO:0071944	2.7.7.6	ko:K03060	ko00230,ko00240,ko01100,ko03020,map00230,map00240,map01100,map03020	M00183	R00435,R00441,R00442,R00443	RC02795	br01611,ko00000,ko00001,ko00002,ko01000,ko03021,ko03400	-	-	-	RNA_pol_Rpb6	AIM2.1, IRAK1.1, IRAK1.2, IRAK1.3, IRAK1.4, IRAK4.1, NAIP.1, NAIP.2, NFKB1.2, NFKBIA.1, NLRC4.1, NLRC4.2, NLRC4.3, NLRC4.4, NLRP1.1, NLRP1.2, NLRP1.3, NLRP1.4, NLRP12.1, NLRP12.2, NLRP12.4, NLRP12.5, NLRP12.6, NLRP12.7, NLRP3.1, NLRP3.2, NLRP3.3, NLRP3.4, NLRP3.5, NLRP3.6, RELA.1, RELA.2, RELA.3, RELA.4, TAB2.1, TAB2.2, TLR4.1, TLR4.2, TLR4.3, TRAF6.1	40
PRODB_01018	N	N	Y	Ba_AM04S-30_00314	Bifidobacterium adolescentis	50S ribosomal protein L31	Y	1680.BADO_0455	6.44E-49	155	COG0254@1|root,COG0254@2|Bacteria,2IQ4I@201174|Actinobacteria,4D17F@85004|Bifidobacteriales	201174|Actinobacteria	J	Binds the 23S rRNA	rpmE	GO:0008150,GO:0040007	-	ko:K02909	ko03010,map03010	M00178	-	-	br01610,ko00000,ko00001,ko00002,ko03011	-	-	-	Ribosomal_L31	AIM2.1, IKBKB.1, IKBKB.2, IKBKB.3, IKBKB.4, IRAK1.1, IRAK1.2, IRAK1.3, IRAK1.4, IRAK4.1, IRAK4.2, NAIP.1, NAIP.2, NFKB1.2, NFKBIA.1, NLRC4.1, NLRC4.2, NLRC4.3, NLRC4.4, NLRP1.1, NLRP1.2, NLRP1.3, NLRP1.4, NLRP1.5, NLRP12.1, NLRP12.2, NLRP12.3, NLRP12.4, NLRP12.5, NLRP12.6, NLRP12.7, NLRP3.1, NLRP3.2, NLRP3.3, NLRP3.4, NLRP3.5, NLRP3.6, NLRP6.1, NLRP6.2, RELA.1, RELA.2, RELA.3, RELA.4, TAB2.1, TAB2.2, TLR4.1, TLR4.2, TLR4.3, TRAF6.1	49
PRODB_01019	N	N	Y	Bb_180W83_00311	Bifidobacterium bifidum	Homoserine O-acetyltransferase	Y	326426.Bbr_0322	7.07E-263	719	COG1897@1|root,COG1897@2|Bacteria,2GK5E@201174|Actinobacteria,4CZRK@85004|Bifidobacteriales	201174|Actinobacteria	E	Transfers an acetyl group from acetyl-CoA to L- homoserine, forming acetyl-L-homoserine	metAA	-	2.3.1.46	ko:K00651	ko00270,ko00920,ko01100,ko01110,ko01230,map00270,map00920,map01100,map01110,map01230	M00017	R01777	RC00004,RC00041	ko00000,ko00001,ko00002,ko01000	-	-	-	HTS	AIM2.1, IRAK1.1, IRAK1.2, IRAK1.3, IRAK1.4, IRAK4.1, NFKB1.2, NLRC4.3, NLRC4.4, NLRP1.1, NLRP1.2, NLRP1.4, NLRP12.5, NLRP3.1, NLRP3.2, NLRP3.3, NLRP3.4, NLRP3.5, NLRP3.6, RELA.1, RELA.2, RELA.3, RELA.4, TAB2.1, TAB2.2	25
PRODB_01020	N	N	Y	Bb_BIF195_00956	Bifidobacterium bifidum	5-methyltetrahydropteroyltriglutamate--homocysteine methyltransferase	Y	326426.Bbr_0969	0.00E+00	1500	COG0620@1|root,COG0620@2|Bacteria,2GIXA@201174|Actinobacteria,4CYWM@85004|Bifidobacteriales	201174|Actinobacteria	E	Catalyzes the transfer of a methyl group from 5- methyltetrahydrofolate to homocysteine resulting in methionine formation	metE	GO:0000096,GO:0000097,GO:0003674,GO:0003824,GO:0003871,GO:0005575,GO:0005576,GO:0005618,GO:0005622,GO:0005623,GO:0005737,GO:0005829,GO:0005886,GO:0006082,GO:0006520,GO:0006555,GO:0006790,GO:0006807,GO:0008150,GO:0008152,GO:0008168,GO:0008172,GO:0008652,GO:0008705,GO:0009058,GO:0009066,GO:0009067,GO:0009086,GO:0009987,GO:0016020,GO:0016053,GO:0016740,GO:0016741,GO:0019752,GO:0030312,GO:0032259,GO:0040007,GO:0042084,GO:0042085,GO:0043436,GO:0044237,GO:0044238,GO:0044249,GO:0044272,GO:0044281,GO:0044283,GO:0044424,GO:0044444,GO:0044464,GO:0046394,GO:0050667,GO:0071704,GO:0071944,GO:1901564,GO:1901566,GO:1901576,GO:1901605,GO:1901607	2.1.1.14	ko:K00549	ko00270,ko00450,ko01100,ko01110,ko01230,map00270,map00450,map01100,map01110,map01230	M00017	R04405,R09365	RC00035,RC00113,RC01241	ko00000,ko00001,ko00002,ko01000	-	-	-	Meth_synt_1,Meth_synt_2	AIM2.1, IRAK1.1, IRAK1.2, IRAK1.3, IRAK1.4, IRAK4.1, NAIP.1, NFKB1.2, NLRC4.3, NLRC4.4, NLRP1.1, NLRP1.4, NLRP12.2, NLRP12.6, NLRP3.1, NLRP3.2, NLRP3.3, NLRP3.4, NLRP3.5, NLRP3.6, RELA.1, RELA.2, RELA.4, TAB2.1, TAB2.2	25
PRODB_01021	N	N	Y	Bb_1001254st1_B10_1001254J_160919_01217	Bifidobacterium bifidum	hypothetical protein	Y	326426.Bbr_0542	3.69E-134	379	COG1670@1|root,COG1670@2|Bacteria,2HBE2@201174|Actinobacteria,4CZTR@85004|Bifidobacteriales	201174|Actinobacteria	J	COG1670 acetyltransferases, including N-acetylases of ribosomal proteins	cysE	-	-	-	-	-	-	-	-	-	-	-	-	AIM2.1, IKBKB.1, IKBKB.2, IKBKB.3, IKBKB.4, IRAK1.1, IRAK1.2, IRAK1.3, IRAK1.4, IRAK4.1, IRAK4.2, NAIP.1, NAIP.2, NFKB1.2, NFKBIA.1, NLRC4.1, NLRC4.2, NLRC4.3, NLRC4.4, NLRP1.1, NLRP1.2, NLRP1.3, NLRP1.4, NLRP1.5, NLRP12.1, NLRP12.2, NLRP12.3, NLRP12.4, NLRP12.5, NLRP12.6, NLRP12.7, NLRP3.1, NLRP3.2, NLRP3.3, NLRP3.4, NLRP3.5, NLRP3.6, NLRP6.1, NLRP6.2, RELA.1, RELA.2, RELA.3, RELA.4, TAB2.1, TAB2.2, TLR4.1, TLR4.2, TLR4.3, TRAF6.1	49
PRODB_01022	N	N	Y	Bl_AF11-12_02367	Bifidobacterium longum	S-adenosylmethionine synthase	Y	216816.GS08_07805	2.82E-285	781	COG0192@1|root,COG0192@2|Bacteria,2GJ4U@201174|Actinobacteria,4CZ5D@85004|Bifidobacteriales	201174|Actinobacteria	H	Catalyzes the formation of S-adenosylmethionine (AdoMet) from methionine and ATP. The overall synthetic reaction is composed of two sequential steps, AdoMet formation and the subsequent tripolyphosphate hydrolysis which occurs prior to release of AdoMet from the enzyme	metK	GO:0003674,GO:0003824,GO:0004478,GO:0005488,GO:0005515,GO:0005575,GO:0005618,GO:0005622,GO:0005623,GO:0005737,GO:0005829,GO:0005886,GO:0008150,GO:0016020,GO:0016740,GO:0016765,GO:0019899,GO:0030312,GO:0035375,GO:0040007,GO:0044424,GO:0044444,GO:0044464,GO:0071944	2.5.1.6	ko:K00789	ko00270,ko01100,ko01110,ko01230,map00270,map01100,map01110,map01230	M00034,M00035,M00368,M00609	R00177,R04771	RC00021,RC01211	ko00000,ko00001,ko00002,ko01000	-	-	-	S-AdoMet_synt_C,S-AdoMet_synt_M,S-AdoMet_synt_N	AIM2.1, IRAK1.1, IRAK1.2, IRAK1.4, IRAK4.1, NFKB1.2, NFKBIA.1, NLRC4.4, NLRP3.1, NLRP3.2, NLRP3.3, NLRP3.4, NLRP3.5, NLRP3.6, TAB2.1, TAB2.2, TRAF6.1	17
PRODB_01023	N	N	Y	Bb_BIOML-A10_dup_PMFXM_01004	Bifidobacterium bifidum	Endonuclease NucS	Y	702459.BBPR_1645	1.76E-165	462	COG1637@1|root,COG1637@2|Bacteria,2GIYB@201174|Actinobacteria,4CYXA@85004|Bifidobacteriales	201174|Actinobacteria	L	Cleaves both 3' and 5' ssDNA extremities of branched DNA structures	nucS	-	-	ko:K07503	-	-	-	-	ko00000,ko01000	-	-	-	NucS	IRAK1.1, IRAK1.2, IRAK1.4, NFKB1.2, NLRP3.1, NLRP3.3, NLRP3.5, TAB2.1, TAB2.2	9
PRODB_01024	N	N	Y	Ba_1001283B150304_161114_G1_00948	Bifidobacterium adolescentis	UDP-N-acetylglucosamine 1-carboxyvinyltransferase 1	Y	1680.BADO_0191	0.00E+00	879	COG0766@1|root,COG0766@2|Bacteria,2GJPW@201174|Actinobacteria,4CZN7@85004|Bifidobacteriales	201174|Actinobacteria	M	Cell wall formation. Adds enolpyruvyl to UDP-N- acetylglucosamine	murA	-	2.5.1.7	ko:K00790	ko00520,ko00550,ko01100,map00520,map00550,map01100	-	R00660	RC00350	ko00000,ko00001,ko01000,ko01011	-	-	-	EPSP_synthase	AIM2.1, IRAK1.1, IRAK1.2, IRAK1.3, IRAK1.4, IRAK4.1, NAIP.1, NFKB1.2, NFKBIA.1, NLRC4.1, NLRC4.4, NLRP1.1, NLRP1.4, NLRP12.1, NLRP12.2, NLRP12.4, NLRP12.5, NLRP12.6, NLRP12.7, NLRP3.1, NLRP3.2, NLRP3.3, NLRP3.4, NLRP3.5, NLRP3.6, RELA.1, RELA.2, RELA.3, RELA.4, TAB2.1, TAB2.2, TLR4.3	32
PRODB_01025	N	N	Y	Bb_K05_01093	Bifidobacterium bifidum	Methionine--tRNA ligase	Y	702459.BBPR_1786	0.00E+00	1272	COG0143@1|root,COG0143@2|Bacteria,2GK4S@201174|Actinobacteria,4CZ20@85004|Bifidobacteriales	201174|Actinobacteria	J	Is required not only for elongation of protein synthesis but also for the initiation of all mRNA translation through initiator tRNA(fMet) aminoacylation	metG	-	6.1.1.10	ko:K01874	ko00450,ko00970,map00450,map00970	M00359,M00360	R03659,R04773	RC00055,RC00523	ko00000,ko00001,ko00002,ko01000,ko01007,ko03016	-	-	-	Anticodon_1,tRNA-synt_1g	AIM2.1, IRAK1.1, IRAK1.2, IRAK1.3, IRAK1.4, NFKB1.2, NLRC4.3, NLRC4.4, NLRP12.5, NLRP3.1, NLRP3.2, NLRP3.3, NLRP3.4, NLRP3.5, NLRP3.6, RELA.4, TAB2.1, TAB2.2	18
PRODB_01026	N	N	Y	Ba_AF91-08b2A_01063	Bifidobacterium adolescentis	3-isopropylmalate dehydratase small subunit	Y	1680.BADO_0188	4.68E-168	469	COG0066@1|root,COG0066@2|Bacteria,2GJ8Z@201174|Actinobacteria,4CZ2F@85004|Bifidobacteriales	201174|Actinobacteria	E	Catalyzes the isomerization between 2-isopropylmalate and 3-isopropylmalate, via the formation of 2-isopropylmaleate	leuD	-	4.2.1.33,4.2.1.35	ko:K01704	ko00290,ko00660,ko01100,ko01110,ko01210,ko01230,map00290,map00660,map01100,map01110,map01210,map01230	M00432,M00535	R03896,R03898,R03968,R04001,R10170	RC00976,RC00977,RC01041,RC01046,RC03072	br01601,ko00000,ko00001,ko00002,ko01000	-	-	-	Aconitase_C	AIM2.1, IRAK1.1, IRAK1.2, IRAK1.4, NFKB1.2, NLRC4.3, NLRC4.4, NLRP3.1, NLRP3.2, NLRP3.3, NLRP3.5, NLRP3.6, TAB2.1, TAB2.2	14
PRODB_01027	N	N	Y	Ba_1001271st1_A4_00955	Bifidobacterium adolescentis	Aspartokinase	Y	1680.BADO_0150	1.42E-126	360	COG0527@1|root,COG0527@2|Bacteria,2GN0G@201174|Actinobacteria,4D00P@85004|Bifidobacteriales	201174|Actinobacteria	E	ACT domain	ask	GO:0003674,GO:0003824,GO:0004072,GO:0005575,GO:0005618,GO:0005622,GO:0005623,GO:0005737,GO:0005886,GO:0006082,GO:0006520,GO:0006553,GO:0006793,GO:0006796,GO:0006807,GO:0008150,GO:0008152,GO:0008652,GO:0009058,GO:0009066,GO:0009067,GO:0009085,GO:0009089,GO:0009987,GO:0016020,GO:0016053,GO:0016301,GO:0016310,GO:0016740,GO:0016772,GO:0016774,GO:0019202,GO:0019752,GO:0019877,GO:0030312,GO:0040007,GO:0043436,GO:0043648,GO:0043650,GO:0044237,GO:0044238,GO:0044249,GO:0044281,GO:0044283,GO:0044424,GO:0044464,GO:0046394,GO:0046451,GO:0071704,GO:0071944,GO:1901564,GO:1901566,GO:1901576,GO:1901605,GO:1901607	2.7.2.4	ko:K00928	ko00260,ko00261,ko00270,ko00300,ko01100,ko01110,ko01120,ko01130,ko01210,ko01230,map00260,map00261,map00270,map00300,map01100,map01110,map01120,map01130,map01210,map01230	M00016,M00017,M00018,M00033,M00525,M00526,M00527	R00480	RC00002,RC00043	ko00000,ko00001,ko00002,ko01000	-	-	-	AA_kinase,ACT,ACT_7	AIM2.1, IRAK1.1, IRAK1.2, IRAK1.3, IRAK1.4, IRAK4.1, NFKB1.2, NFKBIA.1, NLRC4.4, NLRP12.5, NLRP3.1, NLRP3.3, NLRP3.5, NLRP3.6, TAB2.1, TAB2.2	16
PRODB_01028	N	N	Y	Bb_LMG_11582_01331	Bifidobacterium bifidum	hypothetical protein	Y	702459.BBPR_0671	1.56E-245	677	COG0765@1|root,COG0765@2|Bacteria,2GNBH@201174|Actinobacteria,4CZB4@85004|Bifidobacteriales	201174|Actinobacteria	E	Binding-protein-dependent transport system inner membrane component	gluD	-	-	ko:K10007	ko02010,map02010	M00233	-	-	ko00000,ko00001,ko00002,ko02000	3.A.1.3.9	-	-	BPD_transp_1	AIM2.1, IKBKB.2, IKBKB.3, IKBKB.4, IRAK1.1, IRAK1.2, IRAK1.3, IRAK1.4, IRAK4.1, IRAK4.2, NAIP.1, NAIP.2, NFKB1.2, NFKBIA.1, NLRC4.1, NLRC4.2, NLRC4.3, NLRC4.4, NLRP1.1, NLRP1.2, NLRP1.3, NLRP1.4, NLRP1.5, NLRP12.1, NLRP12.2, NLRP12.3, NLRP12.4, NLRP12.5, NLRP12.6, NLRP12.7, NLRP3.1, NLRP3.2, NLRP3.3, NLRP3.4, NLRP3.5, NLRP3.6, NLRP6.1, NLRP6.2, RELA.1, RELA.2, RELA.3, RELA.4, TAB2.1, TAB2.2, TLR4.1, TLR4.2, TLR4.3, TRAF6.1	48
PRODB_01029	N	N	Y	Bl_APC1468_01020	Bifidobacterium longum	hypothetical protein	Y	216816.GS08_05395	0.00E+00	1360	COG0283@1|root,COG1160@1|root,COG0283@2|Bacteria,COG1160@2|Bacteria,2GJ8J@201174|Actinobacteria,4CYSE@85004|Bifidobacteriales	201174|Actinobacteria	F	GTPase that plays an essential role in the late steps of ribosome biogenesis	der	GO:0005575,GO:0005618,GO:0005623,GO:0005886,GO:0008150,GO:0016020,GO:0030312,GO:0040007,GO:0044464,GO:0071944	-	ko:K03977	-	-	-	-	ko00000,ko03009	-	-	-	Cytidylate_kin,KH_dom-like,MMR_HSR1	NFKB1.2, NLRC4.4, NLRP3.1, NLRP3.5, TAB2.1, TAB2.2	6
PRODB_01030	N	N	Y	Bb_1001274st1_G4_1001274B_151102_00290	Bifidobacterium bifidum	N5-carboxyaminoimidazole ribonucleotide mutase	Y	326426.Bbr_0567	3.30E-108	312	COG0041@1|root,COG0041@2|Bacteria,2IFFD@201174|Actinobacteria,4CYQZ@85004|Bifidobacteriales	201174|Actinobacteria	F	Catalyzes the conversion of N5-carboxyaminoimidazole ribonucleotide (N5-CAIR) to 4-carboxy-5-aminoimidazole ribonucleotide (CAIR)	purE	GO:0008150,GO:0040007	5.4.99.18	ko:K01588	ko00230,ko01100,ko01110,ko01130,map00230,map01100,map01110,map01130	M00048	R07405	RC01947	ko00000,ko00001,ko00002,ko01000	-	-	iNJ661.Rv3275c	AIRC	AIM2.1, IRAK1.1, IRAK1.2, IRAK1.3, IRAK1.4, IRAK4.1, NAIP.1, NAIP.2, NFKB1.2, NFKBIA.1, NLRC4.2, NLRC4.3, NLRC4.4, NLRP1.1, NLRP1.2, NLRP1.3, NLRP1.4, NLRP1.5, NLRP12.1, NLRP12.2, NLRP12.5, NLRP12.6, NLRP12.7, NLRP3.1, NLRP3.2, NLRP3.3, NLRP3.4, NLRP3.5, NLRP3.6, RELA.1, RELA.2, RELA.3, RELA.4, TAB2.1, TAB2.2, TLR4.3, TRAF6.1	37
PRODB_01031	N	N	Y	Bb_1001283st1_A1_1001285H_161024_01035	Bifidobacterium bifidum	Recombination protein RecR	Y	398513.BBNG_01356	4.92E-142	400	COG0353@1|root,COG0353@2|Bacteria,2GJY0@201174|Actinobacteria,4CZRI@85004|Bifidobacteriales	201174|Actinobacteria	L	May play a role in DNA repair. It seems to be involved in an RecBC-independent recombinational process of DNA repair. It may act with RecF and RecO	recR	-	-	ko:K06187	ko03440,map03440	-	-	-	ko00000,ko00001,ko03400	-	-	-	HHH,RecR,Toprim_4	IRAK1.1, IRAK1.2, IRAK1.4, IRAK4.1, NFKB1.2, NLRC4.2, NLRC4.3, NLRC4.4, NLRP3.1, NLRP3.2, NLRP3.3, NLRP3.4, NLRP3.5, NLRP3.6, TAB2.1, TAB2.2, TRAF6.1	17
PRODB_01032	N	N	Y	Bb_1001285H_161024_A11_00770	Bifidobacterium bifidum	hypothetical protein	Y	326426.Bbr_1368	5.11E-244	672	COG0714@1|root,COG0714@2|Bacteria,2GK07@201174|Actinobacteria,4CZ2I@85004|Bifidobacteriales	201174|Actinobacteria	S	ATPase family associated with various cellular activities (AAA)	moxR	-	-	ko:K03924	-	-	-	-	ko00000,ko01000	-	-	-	AAA_3	AIM2.1, IRAK1.1, IRAK1.2, IRAK1.3, IRAK1.4, IRAK4.1, NAIP.1, NAIP.2, NFKB1.2, NFKBIA.1, NLRC4.3, NLRC4.4, NLRP1.1, NLRP1.2, NLRP1.4, NLRP12.2, NLRP12.5, NLRP3.1, NLRP3.2, NLRP3.3, NLRP3.4, NLRP3.5, NLRP3.6, RELA.1, RELA.2, RELA.3, RELA.4, TAB2.1, TAB2.2, TLR4.1, TLR4.3, TRAF6.1	32
PRODB_01033	N	N	Y	Bb_2226st1_E4_2226SCRN_200925_01041	Bifidobacterium bifidum	Glucose-6-phosphate 1-dehydrogenase 2	Y	702459.BBPR_1500	0.00E+00	1066	COG0364@1|root,COG0364@2|Bacteria,2GISI@201174|Actinobacteria,4CYQM@85004|Bifidobacteriales	201174|Actinobacteria	G	Catalyzes the oxidation of glucose 6-phosphate to 6- phosphogluconolactone	zwf	-	1.1.1.363,1.1.1.49	ko:K00036	ko00030,ko00480,ko01100,ko01110,ko01120,ko01130,ko01200,ko05230,map00030,map00480,map01100,map01110,map01120,map01130,map01200,map05230	M00004,M00006,M00008	R00835,R02736,R10907	RC00001,RC00066	ko00000,ko00001,ko00002,ko01000,ko04147	-	-	-	G6PD_C,G6PD_N	AIM2.1, IRAK1.1, IRAK1.2, NFKB1.2, NLRC4.4, NLRP3.1, NLRP3.3, NLRP3.5, NLRP3.6, RELA.1, RELA.2, RELA.4, TAB2.1, TAB2.2	14
PRODB_01034	N	N	Y	Ba_1001270J_160509_E8_01500	Bifidobacterium adolescentis	Alpha-maltose-1-phosphate synthase	Y	1680.BADO_0799	0.00E+00	848	COG0297@1|root,COG0297@2|Bacteria,2I2EE@201174|Actinobacteria,4CZKY@85004|Bifidobacteriales	201174|Actinobacteria	G	Starch synthase catalytic domain	glgA	GO:0000271,GO:0003674,GO:0003824,GO:0005975,GO:0005976,GO:0006073,GO:0008150,GO:0008152,GO:0009058,GO:0009059,GO:0009250,GO:0009987,GO:0016051,GO:0016740,GO:0016757,GO:0033692,GO:0034637,GO:0034645,GO:0043170,GO:0044042,GO:0044237,GO:0044238,GO:0044249,GO:0044260,GO:0044262,GO:0044264,GO:0071704,GO:1901576	2.4.1.342	ko:K16148	ko00500,ko01100,map00500,map01100	-	R02421,R11530	RC00005,RC00049,RC02748	ko00000,ko00001,ko01000,ko01003	-	GT4	-	Glyco_transf_4,Glycos_transf_1	AIM2.1, IRAK1.1, IRAK1.2, IRAK1.3, IRAK1.4, IRAK4.1, NAIP.1, NAIP.2, NFKB1.2, NFKBIA.1, NLRC4.3, NLRC4.4, NLRP1.1, NLRP1.4, NLRP12.1, NLRP12.2, NLRP12.4, NLRP12.5, NLRP12.6, NLRP12.7, NLRP3.1, NLRP3.2, NLRP3.3, NLRP3.4, NLRP3.5, NLRP3.6, RELA.1, RELA.2, RELA.3, RELA.4, TAB2.1, TAB2.2, TLR4.1, TLR4.2, TLR4.3	35
PRODB_01035	N	N	Y	Bb_139W423_01698	Bifidobacterium bifidum	Lactaldehyde reductase	Y	326426.Bbr_1505	6.80E-269	737	COG1454@1|root,COG1454@2|Bacteria,2I2FD@201174|Actinobacteria,4CZ71@85004|Bifidobacteriales	201174|Actinobacteria	C	Iron-containing alcohol dehydrogenase	fucO	-	1.1.1.77,1.1.99.37,1.2.98.1	ko:K00048,ko:K17067	ko00625,ko00630,ko00640,ko00680,ko01120,ko01200,map00625,map00630,map00640,map00680,map01120,map01200	-	R00614,R01781,R02257	RC00034,RC00087,RC00099,RC00188	ko00000,ko00001,ko01000	-	-	-	Fe-ADH	AIM2.1, IRAK1.1, IRAK1.2, IRAK1.3, IRAK1.4, IRAK4.1, NAIP.2, NFKB1.2, NLRC4.2, NLRC4.3, NLRC4.4, NLRP1.1, NLRP1.2, NLRP1.4, NLRP12.5, NLRP3.1, NLRP3.2, NLRP3.3, NLRP3.4, NLRP3.5, NLRP3.6, RELA.1, RELA.2, RELA.3, RELA.4, TAB2.1, TAB2.2, TLR4.3, TRAF6.1	29
PRODB_01036	N	N	Y	Ba_1001271B_150615_A4_00525	Bifidobacterium adolescentis	Glyceraldehyde-3-phosphate dehydrogenase	Y	1680.BADO_1130	4.82E-254	696	COG0057@1|root,COG0057@2|Bacteria,2GJK4@201174|Actinobacteria,4CZ97@85004|Bifidobacteriales	201174|Actinobacteria	G	Belongs to the glyceraldehyde-3-phosphate dehydrogenase family	gap	-	1.2.1.12	ko:K00134	ko00010,ko00710,ko01100,ko01110,ko01120,ko01130,ko01200,ko01230,ko04066,ko05010,map00010,map00710,map01100,map01110,map01120,map01130,map01200,map01230,map04066,map05010	M00001,M00002,M00003,M00165,M00166,M00308,M00552	R01061	RC00149	ko00000,ko00001,ko00002,ko01000,ko04131,ko04147	-	-	-	Gp_dh_C,Gp_dh_N	IRAK1.1, IRAK1.2, IRAK1.3, IRAK1.4, NFKB1.2, NFKBIA.1, NLRC4.4, NLRP3.1, NLRP3.3, NLRP3.5, NLRP3.6, RELA.1, RELA.2, RELA.4, TAB2.1, TAB2.2, TLR4.3	17
PRODB_01037	N	N	Y	Bb_1001216st1_H2_BSD2780120875b_170604_00662	Bifidobacterium bifidum	hypothetical protein	Y	398513.BBNG_00123	2.64E-178	498	COG1414@1|root,COG1414@2|Bacteria,2GKB0@201174|Actinobacteria,4CZ9D@85004|Bifidobacteriales	201174|Actinobacteria	K	Transcriptional regulator, IclR family, C-terminal domain protein	ltbR	-	-	-	-	-	-	-	-	-	-	-	HTH_IclR,IclR	AIM2.1, IKBKB.3, IRAK1.1, IRAK1.2, IRAK1.3, IRAK1.4, IRAK4.1, NAIP.1, NAIP.2, NFKB1.2, NFKBIA.1, NLRC4.2, NLRC4.3, NLRC4.4, NLRP1.1, NLRP1.2, NLRP1.3, NLRP1.4, NLRP1.5, NLRP12.2, NLRP12.5, NLRP3.1, NLRP3.2, NLRP3.3, NLRP3.4, NLRP3.5, NLRP3.6, RELA.1, RELA.2, RELA.3, RELA.4, TAB2.1, TAB2.2, TLR4.1, TLR4.3, TRAF6.1	36
PRODB_01038	N	N	Y	Bb_1025st1_F12_1025SCRN_200924_01005	Bifidobacterium bifidum	Arginine biosynthesis bifunctional protein ArgJ	Y	398513.BBNG_01086	2.89E-272	746	COG1364@1|root,COG1364@2|Bacteria,2GIW0@201174|Actinobacteria,4CZQQ@85004|Bifidobacteriales	201174|Actinobacteria	E	Catalyzes two activities which are involved in the cyclic version of arginine biosynthesis the synthesis of N- acetylglutamate from glutamate and acetyl-CoA as the acetyl donor, and of ornithine by transacetylation between N(2)-acetylornithine and glutamate	argJ	GO:0003674,GO:0003824,GO:0004042,GO:0004358,GO:0005575,GO:0005622,GO:0005623,GO:0005737,GO:0006082,GO:0006520,GO:0006525,GO:0006526,GO:0006591,GO:0006592,GO:0006807,GO:0008080,GO:0008150,GO:0008152,GO:0008652,GO:0009058,GO:0009064,GO:0009084,GO:0009987,GO:0016053,GO:0016407,GO:0016410,GO:0016740,GO:0016746,GO:0016747,GO:0019752,GO:0040007,GO:0043436,GO:0044237,GO:0044238,GO:0044249,GO:0044281,GO:0044283,GO:0044424,GO:0044464,GO:0046394,GO:0071704,GO:1901564,GO:1901566,GO:1901576,GO:1901605,GO:1901607	2.3.1.1,2.3.1.35	ko:K00620	ko00220,ko01100,ko01110,ko01130,ko01210,ko01230,map00220,map01100,map01110,map01130,map01210,map01230	M00028	R00259,R02282	RC00004,RC00064	ko00000,ko00001,ko00002,ko01000	-	-	-	ArgJ	AIM2.1, IRAK1.1, IRAK1.2, IRAK1.3, IRAK1.4, IRAK4.1, IRAK4.2, NAIP.1, NAIP.2, NFKB1.2, NFKBIA.1, NLRC4.1, NLRC4.2, NLRC4.3, NLRC4.4, NLRP1.1, NLRP1.2, NLRP1.3, NLRP1.4, NLRP12.1, NLRP12.2, NLRP12.5, NLRP12.6, NLRP12.7, NLRP3.1, NLRP3.2, NLRP3.3, NLRP3.4, NLRP3.5, NLRP3.6, NLRP6.1, NLRP6.2, RELA.1, RELA.2, RELA.3, RELA.4, TAB2.1, TAB2.2, TLR4.1, TLR4.2, TLR4.3, TRAF6.1	42
PRODB_01039	N	N	Y	Ba_AF96-43M2TA_00397	Bifidobacterium adolescentis	Tyrosine--tRNA ligase	Y	1680.BADO_0979	0.00E+00	867	COG0162@1|root,COG0162@2|Bacteria,2GJPR@201174|Actinobacteria,4CZKG@85004|Bifidobacteriales	201174|Actinobacteria	J	Catalyzes the attachment of tyrosine to tRNA(Tyr) in a two-step reaction tyrosine is first activated by ATP to form Tyr- AMP and then transferred to the acceptor end of tRNA(Tyr)	tyrS	GO:0003674,GO:0003824,GO:0004812,GO:0004831,GO:0005575,GO:0005618,GO:0005622,GO:0005623,GO:0005737,GO:0005829,GO:0005886,GO:0006082,GO:0006139,GO:0006399,GO:0006520,GO:0006725,GO:0006807,GO:0008150,GO:0008152,GO:0009987,GO:0016020,GO:0016070,GO:0016874,GO:0016875,GO:0019752,GO:0030312,GO:0034641,GO:0034660,GO:0040007,GO:0043038,GO:0043039,GO:0043170,GO:0043436,GO:0044237,GO:0044238,GO:0044281,GO:0044424,GO:0044444,GO:0044464,GO:0046483,GO:0071704,GO:0071944,GO:0090304,GO:0140098,GO:0140101,GO:1901360,GO:1901564	6.1.1.1	ko:K01866	ko00970,map00970	M00359,M00360	R02918	RC00055,RC00523	ko00000,ko00001,ko00002,ko01000,ko01007,ko03016,ko03029	-	-	-	S4,tRNA-synt_1b	AIM2.1, IRAK1.1, IRAK1.2, IRAK1.3, IRAK1.4, NAIP.1, NAIP.2, NFKB1.2, NLRC4.4, NLRP3.1, NLRP3.2, NLRP3.3, NLRP3.4, NLRP3.5, NLRP3.6, RELA.1, RELA.2, RELA.3, RELA.4, TAB2.2, TLR4.3	21
PRODB_01040	N	N	Y	Bb_FZJHZD20M12_01934	Bifidobacterium bifidum	Phenylalanine--tRNA ligase alpha subunit	Y	326426.Bbr_0679	3.58E-254	698	COG0016@1|root,COG0016@2|Bacteria,2GJGG@201174|Actinobacteria,4CZ78@85004|Bifidobacteriales	201174|Actinobacteria	J	Belongs to the class-II aminoacyl-tRNA synthetase family. Phe-tRNA synthetase alpha subunit type 1 subfamily	pheS	GO:0003674,GO:0003824,GO:0004812,GO:0004826,GO:0005575,GO:0005622,GO:0005623,GO:0005737,GO:0005886,GO:0006082,GO:0006139,GO:0006399,GO:0006412,GO:0006418,GO:0006432,GO:0006518,GO:0006520,GO:0006725,GO:0006807,GO:0008150,GO:0008152,GO:0009058,GO:0009059,GO:0009987,GO:0010467,GO:0016020,GO:0016070,GO:0016874,GO:0016875,GO:0019538,GO:0019752,GO:0034641,GO:0034645,GO:0034660,GO:0040007,GO:0043038,GO:0043039,GO:0043043,GO:0043170,GO:0043436,GO:0043603,GO:0043604,GO:0044237,GO:0044238,GO:0044249,GO:0044260,GO:0044267,GO:0044271,GO:0044281,GO:0044424,GO:0044464,GO:0046483,GO:0071704,GO:0071944,GO:0090304,GO:0140098,GO:0140101,GO:1901360,GO:1901564,GO:1901566,GO:1901576	6.1.1.20	ko:K01889	ko00970,map00970	M00359,M00360	R03660	RC00055,RC00523	ko00000,ko00001,ko00002,ko01000,ko01007,ko03016	-	-	-	Phe_tRNA-synt_N,tRNA-synt_2d	IRAK1.1, IRAK1.2, NFKB1.2, NLRC4.4, TAB2.2	5
PRODB_01041	N	N	Y	Ba_1001271st1_A4_01488	Bifidobacterium adolescentis	Acetylornithine aminotransferase	Y	1680.BADO_0987	0.00E+00	857	COG4992@1|root,COG4992@2|Bacteria,2GKE9@201174|Actinobacteria,4CZGW@85004|Bifidobacteriales	201174|Actinobacteria	E	Aminotransferase class-III	argD	GO:0003674,GO:0005488,GO:0005515,GO:0008144,GO:0008150,GO:0019842,GO:0030170,GO:0036094,GO:0040007,GO:0042802,GO:0043167,GO:0043168,GO:0048037,GO:0050662,GO:0070279,GO:0097159,GO:1901363	2.6.1.11,2.6.1.17	ko:K00821	ko00220,ko00300,ko01100,ko01110,ko01120,ko01130,ko01210,ko01230,map00220,map00300,map01100,map01110,map01120,map01130,map01210,map01230	M00016,M00028,M00845	R02283,R04475	RC00006,RC00062	ko00000,ko00001,ko00002,ko01000,ko01007	-	-	-	Aminotran_3	AIM2.1, IRAK1.1, IRAK1.2, IRAK1.3, IRAK1.4, IRAK4.1, NFKB1.2, NFKBIA.1, NLRC4.4, NLRP12.5, NLRP3.1, NLRP3.3, NLRP3.5, RELA.1, RELA.2, RELA.3, RELA.4, TAB2.1, TAB2.2, TLR4.3	20
PRODB_01042	N	N	Y	Bl_2233B_00707	Bifidobacterium longum	Argininosuccinate lyase	Y	216816.GS08_03345	0.00E+00	939	COG0165@1|root,COG0165@2|Bacteria,2GJ2A@201174|Actinobacteria,4CZ50@85004|Bifidobacteriales	201174|Actinobacteria	E	argininosuccinate lyase	argH	GO:0003674,GO:0003824,GO:0004056,GO:0005575,GO:0005618,GO:0005622,GO:0005623,GO:0005737,GO:0006082,GO:0006520,GO:0006525,GO:0006526,GO:0006591,GO:0006807,GO:0008150,GO:0008152,GO:0008652,GO:0009058,GO:0009064,GO:0009084,GO:0009987,GO:0016053,GO:0016829,GO:0016840,GO:0016842,GO:0019752,GO:0030312,GO:0040007,GO:0042450,GO:0043436,GO:0044237,GO:0044238,GO:0044249,GO:0044281,GO:0044283,GO:0044424,GO:0044464,GO:0046394,GO:0071704,GO:0071944,GO:1901564,GO:1901566,GO:1901576,GO:1901605,GO:1901607	4.3.2.1	ko:K01755	ko00220,ko00250,ko01100,ko01110,ko01130,ko01230,map00220,map00250,map01100,map01110,map01130,map01230	M00029,M00844,M00845	R01086	RC00445,RC00447	ko00000,ko00001,ko00002,ko01000,ko04147	-	-	-	ASL_C2,Lyase_1	AIM2.1, IRAK1.1, IRAK1.2, IRAK1.3, IRAK1.4, IRAK4.1, NAIP.1, NAIP.2, NFKB1.2, NFKBIA.1, NLRC4.2, NLRC4.3, NLRC4.4, NLRP1.1, NLRP1.2, NLRP1.3, NLRP1.4, NLRP1.5, NLRP3.1, NLRP3.2, NLRP3.3, NLRP3.4, NLRP3.5, NLRP3.6, RELA.1, RELA.4, TAB2.1, TAB2.2, TLR4.3, TRAF6.1	30
PRODB_01043	N	N	Y	Ba_4-2_00129	Bifidobacterium adolescentis	50S ribosomal protein L6	Y	1680.BADO_0343	6.88E-125	355	COG0097@1|root,COG0097@2|Bacteria,2GK35@201174|Actinobacteria,4CYQV@85004|Bifidobacteriales	201174|Actinobacteria	J	This protein binds to the 23S rRNA, and is important in its secondary structure. It is located near the subunit interface in the base of the L7 L12 stalk, and near the tRNA binding site of the peptidyltransferase center	rplF	GO:0002181,GO:0003674,GO:0003676,GO:0003723,GO:0003735,GO:0005198,GO:0005488,GO:0005575,GO:0005618,GO:0005622,GO:0005623,GO:0005737,GO:0005829,GO:0005840,GO:0005886,GO:0006412,GO:0006518,GO:0006807,GO:0008150,GO:0008152,GO:0009058,GO:0009059,GO:0009987,GO:0010467,GO:0015934,GO:0016020,GO:0019538,GO:0022625,GO:0022626,GO:0030312,GO:0032991,GO:0034641,GO:0034645,GO:0040007,GO:0043043,GO:0043170,GO:0043226,GO:0043228,GO:0043229,GO:0043232,GO:0043603,GO:0043604,GO:0044237,GO:0044238,GO:0044249,GO:0044260,GO:0044267,GO:0044271,GO:0044391,GO:0044422,GO:0044424,GO:0044444,GO:0044445,GO:0044446,GO:0044464,GO:0071704,GO:0071944,GO:0097159,GO:1901363,GO:1901564,GO:1901566,GO:1901576,GO:1990904	-	ko:K02933	ko03010,map03010	M00178,M00179	-	-	br01610,ko00000,ko00001,ko00002,ko03011	-	-	-	Ribosomal_L6	AIM2.1, IRAK1.1, IRAK1.2, IRAK1.3, IRAK1.4, IRAK4.1, NAIP.1, NAIP.2, NFKB1.2, NFKBIA.1, NLRC4.1, NLRC4.2, NLRC4.3, NLRC4.4, NLRP1.1, NLRP1.2, NLRP1.3, NLRP1.4, NLRP1.5, NLRP12.1, NLRP12.2, NLRP12.3, NLRP12.4, NLRP12.5, NLRP12.6, NLRP12.7, NLRP3.1, NLRP3.2, NLRP3.3, NLRP3.4, NLRP3.5, NLRP3.6, NLRP6.1, NLRP6.2, RELA.1, RELA.2, RELA.3, RELA.4, TAB2.1, TAB2.2, TLR4.1, TLR4.2, TLR4.3, TRAF6.1	44
PRODB_01044	N	N	Y	Bb_2226st1_E4_2226SCRN_200925_01538	Bifidobacterium bifidum	Bifunctional (p)ppGpp synthase/hydrolase RelA	Y	398513.BBNG_01202	0.00E+00	1522	COG0317@1|root,COG0317@2|Bacteria,2GJYQ@201174|Actinobacteria,4CZCW@85004|Bifidobacteriales	201174|Actinobacteria	KT	In eubacteria ppGpp (guanosine 3'-diphosphate 5-' diphosphate) is a mediator of the stringent response that coordinates a variety of cellular activities in response to changes in nutritional abundance	relA	GO:0003674,GO:0003824,GO:0005488,GO:0005575,GO:0005618,GO:0005623,GO:0005886,GO:0006139,GO:0006163,GO:0006164,GO:0006725,GO:0006753,GO:0006793,GO:0006796,GO:0006807,GO:0006950,GO:0007154,GO:0008150,GO:0008152,GO:0008728,GO:0008893,GO:0009058,GO:0009116,GO:0009117,GO:0009119,GO:0009150,GO:0009152,GO:0009163,GO:0009165,GO:0009259,GO:0009260,GO:0009267,GO:0009405,GO:0009605,GO:0009987,GO:0009991,GO:0015968,GO:0015969,GO:0015970,GO:0016020,GO:0016740,GO:0016772,GO:0016778,GO:0016787,GO:0016788,GO:0016794,GO:0018130,GO:0019438,GO:0019637,GO:0019693,GO:0030145,GO:0030312,GO:0031667,GO:0031668,GO:0031669,GO:0033554,GO:0033865,GO:0033866,GO:0033875,GO:0034030,GO:0034032,GO:0034033,GO:0034035,GO:0034036,GO:0034404,GO:0034641,GO:0034654,GO:0042278,GO:0042451,GO:0042455,GO:0042578,GO:0042594,GO:0043167,GO:0043169,GO:0044237,GO:0044238,GO:0044249,GO:0044271,GO:0044281,GO:0044283,GO:0044419,GO:0044464,GO:0046128,GO:0046129,GO:0046390,GO:0046483,GO:0046872,GO:0046914,GO:0050896,GO:0051704,GO:0051716,GO:0055086,GO:0071496,GO:0071704,GO:0071944,GO:0072521,GO:0072522,GO:0090407,GO:1901068,GO:1901070,GO:1901135,GO:1901137,GO:1901293,GO:1901360,GO:1901362,GO:1901564,GO:1901566,GO:1901576,GO:1901657,GO:1901659	2.7.6.5,3.1.7.2	ko:K00951,ko:K01139	ko00230,map00230	-	R00336,R00429	RC00002,RC00078	ko00000,ko00001,ko01000,ko03009	-	-	-	ACT_4,HD_4,RelA_SpoT,TGS	AIM2.1, IRAK1.1, IRAK1.2, IRAK1.3, IRAK1.4, IRAK4.1, NAIP.1, NAIP.2, NFKB1.2, NLRC4.3, NLRC4.4, NLRP12.1, NLRP12.2, NLRP12.5, NLRP12.6, NLRP12.7, NLRP3.1, NLRP3.2, NLRP3.3, NLRP3.4, NLRP3.5, NLRP3.6, RELA.1, RELA.2, RELA.3, RELA.4, TAB2.1, TAB2.2, TLR4.3	29
PRODB_01045	N	N	Y	Bb_NRBB51_00341	Bifidobacterium bifidum	hypothetical protein	Y	326426.Bbr_0381	3.46E-82	246	COG0228@1|root,COG0228@2|Bacteria,2IKU0@201174|Actinobacteria,4D0PE@85004|Bifidobacteriales	201174|Actinobacteria	J	Belongs to the bacterial ribosomal protein bS16 family	rpsP	GO:0003674,GO:0003735,GO:0005198,GO:0005575,GO:0005622,GO:0005623,GO:0005737,GO:0005840,GO:0005886,GO:0006412,GO:0006518,GO:0006807,GO:0008150,GO:0008152,GO:0009058,GO:0009059,GO:0009987,GO:0010467,GO:0015935,GO:0016020,GO:0019538,GO:0032991,GO:0034641,GO:0034645,GO:0043043,GO:0043170,GO:0043226,GO:0043228,GO:0043229,GO:0043232,GO:0043603,GO:0043604,GO:0044237,GO:0044238,GO:0044249,GO:0044260,GO:0044267,GO:0044271,GO:0044391,GO:0044422,GO:0044424,GO:0044444,GO:0044446,GO:0044464,GO:0071704,GO:0071944,GO:1901564,GO:1901566,GO:1901576,GO:1990904	-	ko:K02959	ko03010,map03010	M00178	-	-	br01610,ko00000,ko00001,ko00002,ko03011,ko03029	-	-	-	Ribosomal_S16	AIM2.1, IKBKB.1, IKBKB.2, IKBKB.3, IKBKB.4, IRAK1.1, IRAK1.2, IRAK1.3, IRAK1.4, IRAK4.1, IRAK4.2, NAIP.1, NAIP.2, NFKB1.2, NFKBIA.1, NLRC4.1, NLRC4.2, NLRC4.3, NLRC4.4, NLRP1.1, NLRP1.2, NLRP1.3, NLRP1.4, NLRP1.5, NLRP12.1, NLRP12.2, NLRP12.3, NLRP12.4, NLRP12.5, NLRP12.6, NLRP12.7, NLRP3.1, NLRP3.2, NLRP3.3, NLRP3.4, NLRP3.5, NLRP3.6, NLRP6.1, NLRP6.2, RELA.1, RELA.2, RELA.3, RELA.4, TAB2.1, TAB2.2, TLR4.1, TLR4.2, TLR4.3, TRAF6.1	49
PRODB_01046	N	N	Y	Bb_AFF13-13A_01539	Bifidobacterium bifidum	Chorismate synthase	Y	326426.Bbr_0902	7.97E-273	748	COG0082@1|root,COG0082@2|Bacteria,2GJJN@201174|Actinobacteria,4CZ43@85004|Bifidobacteriales	201174|Actinobacteria	E	Catalyzes the anti-1,4-elimination of the C-3 phosphate and the C-6 proR hydrogen from 5-enolpyruvylshikimate-3-phosphate (EPSP) to yield chorismate, which is the branch point compound that serves as the starting substrate for the three terminal pathways of aromatic amino acid biosynthesis. This reaction introduces a second double bond into the aromatic ring system	aroC	GO:0000166,GO:0003674,GO:0003824,GO:0004107,GO:0005488,GO:0005575,GO:0005622,GO:0005623,GO:0005737,GO:0005829,GO:0006082,GO:0006520,GO:0006725,GO:0006807,GO:0008150,GO:0008152,GO:0008652,GO:0009058,GO:0009072,GO:0009073,GO:0009423,GO:0009987,GO:0010181,GO:0016053,GO:0016491,GO:0016651,GO:0016829,GO:0016835,GO:0016838,GO:0019438,GO:0019752,GO:0032553,GO:0036094,GO:0040007,GO:0043167,GO:0043168,GO:0043436,GO:0043648,GO:0043650,GO:0044237,GO:0044238,GO:0044249,GO:0044281,GO:0044283,GO:0044424,GO:0044444,GO:0044464,GO:0046394,GO:0046417,GO:0048037,GO:0050662,GO:0051287,GO:0055114,GO:0071704,GO:0097159,GO:0097367,GO:1901265,GO:1901360,GO:1901362,GO:1901363,GO:1901564,GO:1901566,GO:1901576	4.2.3.5	ko:K01736	ko00400,ko01100,ko01110,ko01130,ko01230,map00400,map01100,map01110,map01130,map01230	M00022	R01714	RC00586	ko00000,ko00001,ko00002,ko01000	-	-	iNJ661.Rv2540c	Chorismate_synt	AIM2.1, IKBKB.2, IKBKB.3, IKBKB.4, IRAK1.1, IRAK1.2, IRAK1.3, IRAK1.4, IRAK4.1, IRAK4.2, NAIP.1, NAIP.2, NFKB1.2, NFKBIA.1, NLRC4.1, NLRC4.2, NLRC4.3, NLRC4.4, NLRP1.1, NLRP1.2, NLRP1.3, NLRP1.4, NLRP1.5, NLRP12.1, NLRP12.2, NLRP12.3, NLRP12.4, NLRP12.5, NLRP12.6, NLRP12.7, NLRP3.1, NLRP3.2, NLRP3.3, NLRP3.4, NLRP3.5, NLRP3.6, NLRP6.1, NLRP6.2, RELA.1, RELA.2, RELA.3, RELA.4, TAB2.1, TAB2.2, TLR4.1, TLR4.2, TLR4.3, TRAF6.1	48
PRODB_01047	N	N	Y	Bb_1001270B_150601_B2_00917	Bifidobacterium bifidum	hypothetical protein	Y	326426.Bbr_0914	2.26E-211	583	COG0566@1|root,COG0566@2|Bacteria,2GJ12@201174|Actinobacteria,4CYQ6@85004|Bifidobacteriales	201174|Actinobacteria	J	SpoU rRNA Methylase family	spoU2	-	-	-	-	-	-	-	-	-	-	-	SpoU_methylase	IRAK1.2, NFKB1.2	2
PRODB_01048	N	Y	N	Sa_B509_00670	Streptococcus agalactiae	Putative nucleoside permease NupX	Y	211110.gbs2025	6.08E-259	713	COG1972@1|root,COG1972@2|Bacteria,1TRSK@1239|Firmicutes,4HA8N@91061|Bacilli	91061|Bacilli	F	Belongs to the concentrative nucleoside transporter (CNT) (TC 2.A.41) family	-	-	-	ko:K03317	-	-	-	-	ko00000	2.A.41	-	-	Nucleos_tra2_C,Nucleos_tra2_N	AIM2.1, IRAK4.1, NFKB1.2, NLRC4.2, NLRP1.1, NLRP1.2, NLRP1.4, NLRP3.1, NLRP3.2, NLRP3.3, NLRP3.4, NLRP3.5, NLRP3.6, TAB2.1, TAB2.2, TRAF6.1	16
PRODB_01049	N	Y	N	Sa_B509_00799	Streptococcus agalactiae	Oligosaccharides import ATP-binding protein MsmX	Y	211110.gbs1912	3.78E-271	742	COG3842@1|root,COG3842@2|Bacteria,1TP2M@1239|Firmicutes,4HAMQ@91061|Bacilli	91061|Bacilli	P	Belongs to the ABC transporter superfamily	msmK	-	-	ko:K10112	ko02010,map02010	M00194,M00196,M00197,M00200,M00201,M00206,M00207,M00491,M00602,M00605,M00606	-	-	ko00000,ko00001,ko00002,ko02000	3.A.1.1	-	-	ABC_tran,TOBE,TOBE_2	AIM2.1, IRAK1.1, IRAK1.2, IRAK1.3, IRAK1.4, NFKB1.2, NLRC4.4, NLRP3.1, NLRP3.3, NLRP3.5, NLRP3.6, RELA.1, RELA.2, RELA.4, TAB2.2	15
PRODB_01050	N	Y	N	Cp_1293_86_01331	Clostridium perfringens	Glyceraldehyde-3-phosphate dehydrogenase	Y	195103.CPF_1511	7.19E-235	646	COG0057@1|root,COG0057@2|Bacteria,1TNYU@1239|Firmicutes,247IZ@186801|Clostridia,36DD0@31979|Clostridiaceae	186801|Clostridia	G	Belongs to the glyceraldehyde-3-phosphate dehydrogenase family	gap	GO:0000166,GO:0003674,GO:0003824,GO:0004365,GO:0005488,GO:0008150,GO:0008152,GO:0016491,GO:0016620,GO:0016903,GO:0036094,GO:0043891,GO:0048037,GO:0050662,GO:0051287,GO:0055114,GO:0097159,GO:1901265,GO:1901363	1.2.1.12	ko:K00134	ko00010,ko00710,ko01100,ko01110,ko01120,ko01130,ko01200,ko01230,ko04066,ko05010,map00010,map00710,map01100,map01110,map01120,map01130,map01200,map01230,map04066,map05010	M00001,M00002,M00003,M00165,M00166,M00308,M00552	R01061	RC00149	ko00000,ko00001,ko00002,ko01000,ko04131,ko04147	-	-	-	Gp_dh_C,Gp_dh_N	AIM2.1, IRAK4.1, NFKB1.2, NLRC4.4, NLRP3.1, NLRP3.3, TAB2.2	7
PRODB_01051	N	Y	N	Ab_1656-2_03410	Acinetobacter baumannii	50S ribosomal protein L14	Y	1217710.F969_03557	6.26E-80	237	COG0093@1|root,COG0093@2|Bacteria,1RCWZ@1224|Proteobacteria,1S3Z3@1236|Gammaproteobacteria,3NN4P@468|Moraxellaceae	1236|Gammaproteobacteria	J	Binds to 23S rRNA. Forms part of two intersubunit bridges in the 70S ribosome	rplN	GO:0003674,GO:0003676,GO:0003723,GO:0003735,GO:0005198,GO:0005488,GO:0005575,GO:0005622,GO:0005623,GO:0005737,GO:0005829,GO:0005840,GO:0006412,GO:0006518,GO:0006807,GO:0008150,GO:0008152,GO:0009058,GO:0009059,GO:0009987,GO:0010467,GO:0015934,GO:0019538,GO:0019843,GO:0022625,GO:0022626,GO:0032991,GO:0034641,GO:0034645,GO:0043043,GO:0043170,GO:0043226,GO:0043228,GO:0043229,GO:0043232,GO:0043603,GO:0043604,GO:0044237,GO:0044238,GO:0044249,GO:0044260,GO:0044267,GO:0044271,GO:0044391,GO:0044422,GO:0044424,GO:0044444,GO:0044445,GO:0044446,GO:0044464,GO:0070180,GO:0071704,GO:0097159,GO:1901363,GO:1901564,GO:1901566,GO:1901576,GO:1990904	-	ko:K02874	ko03010,map03010	M00178,M00179	-	-	br01610,ko00000,ko00001,ko00002,ko03011	-	-	-	Ribosomal_L14	AIM2.1, IKBKB.3, IKBKB.4, IRAK1.1, IRAK1.2, IRAK1.3, IRAK1.4, IRAK4.1, IRAK4.2, NAIP.1, NAIP.2, NFKB1.2, NFKBIA.1, NLRC4.1, NLRC4.2, NLRC4.3, NLRC4.4, NLRP1.1, NLRP1.2, NLRP1.3, NLRP1.4, NLRP1.5, NLRP12.1, NLRP12.2, NLRP12.3, NLRP12.4, NLRP12.5, NLRP12.6, NLRP12.7, NLRP3.1, NLRP3.2, NLRP3.3, NLRP3.4, NLRP3.5, NLRP3.6, NLRP6.1, NLRP6.2, RELA.1, RELA.2, RELA.3, RELA.4, TAB2.1, TAB2.2, TLR4.1, TLR4.2, TLR4.3, TRAF6.1	47
PRODB_01052	N	Y	N	Cd_Cd5_03845	Clostridioides difficile	50S ribosomal protein L34	Y	1151292.QEW_4344	4.93E-20	80.5	COG0230@1|root,COG0230@2|Bacteria,1VK90@1239|Firmicutes,24UGN@186801|Clostridia,25RUD@186804|Peptostreptococcaceae	186801|Clostridia	J	Belongs to the bacterial ribosomal protein bL34 family	rpmH	-	-	ko:K02914	ko03010,map03010	M00178	-	-	br01610,ko00000,ko00001,ko00002,ko03011	-	-	-	Ribosomal_L34	IRAK1.2, NFKB1.2, TAB2.1, TAB2.2	4
PRODB_01053	N	Y	N	Cd_ATCC_43255_00124	Clostridioides difficile	50S ribosomal protein L11	Y	1151292.QEW_0069	5.43E-90	264	COG0080@1|root,COG0080@2|Bacteria,1V1BS@1239|Firmicutes,24FSQ@186801|Clostridia,25RBI@186804|Peptostreptococcaceae	186801|Clostridia	J	Forms part of the ribosomal stalk which helps the ribosome interact with GTP-bound translation factors	rplK	-	-	ko:K02867	ko03010,map03010	M00178,M00179	-	-	br01610,ko00000,ko00001,ko00002,ko03011	-	-	-	Ribosomal_L11,Ribosomal_L11_N	AIM2.1, IRAK1.1, IRAK1.2, IRAK1.3, IRAK1.4, IRAK4.1, NAIP.1, NAIP.2, NFKB1.2, NFKBIA.1, NLRC4.2, NLRC4.3, NLRC4.4, NLRP1.1, NLRP1.2, NLRP1.3, NLRP1.4, NLRP12.1, NLRP12.2, NLRP12.5, NLRP12.6, NLRP12.7, NLRP3.1, NLRP3.2, NLRP3.3, NLRP3.4, NLRP3.5, NLRP3.6, RELA.1, RELA.2, RELA.3, RELA.4, TAB2.1, TAB2.2, TLR4.1, TLR4.2, TLR4.3, TRAF6.1	38
PRODB_01054	N	Y	N	Ab_13A297n_02077	Acinetobacter baumannii	Iron-sulfur cluster assembly scaffold protein IscU	Y	470.IX87_18980	5.45E-86	253	COG0822@1|root,COG0822@2|Bacteria,1RD5K@1224|Proteobacteria,1S3P1@1236|Gammaproteobacteria,3NN35@468|Moraxellaceae	1236|Gammaproteobacteria	C	A scaffold on which IscS assembles Fe-S clusters. It is likely that Fe-S cluster coordination is flexible as the role of this complex is to build and then hand off Fe-S clusters	iscU	GO:0003674,GO:0003824,GO:0005488,GO:0005506,GO:0005515,GO:0005575,GO:0005622,GO:0005623,GO:0005737,GO:0005829,GO:0006790,GO:0006807,GO:0006873,GO:0006875,GO:0006879,GO:0008150,GO:0008152,GO:0008198,GO:0009987,GO:0010467,GO:0016043,GO:0016226,GO:0016740,GO:0016782,GO:0019538,GO:0019725,GO:0022607,GO:0030003,GO:0031163,GO:0036455,GO:0042592,GO:0042802,GO:0043167,GO:0043169,GO:0043170,GO:0044085,GO:0044237,GO:0044238,GO:0044424,GO:0044444,GO:0044464,GO:0046872,GO:0046914,GO:0046916,GO:0048037,GO:0048878,GO:0050801,GO:0051186,GO:0051536,GO:0051537,GO:0051539,GO:0051540,GO:0051604,GO:0055065,GO:0055072,GO:0055076,GO:0055080,GO:0055082,GO:0065007,GO:0065008,GO:0071704,GO:0071840,GO:0097428,GO:0098771,GO:1901564	-	ko:K04488	-	-	-	-	ko00000	-	-	iAPECO1_1312.APECO1_3996,iB21_1397.B21_02385,iBWG_1329.BWG_2293,iE2348C_1286.E2348C_2812,iEC042_1314.EC042_2733,iEC55989_1330.EC55989_2814,iECABU_c1320.ECABU_c28350,iECBD_1354.ECBD_1155,iECB_1328.ECB_02421,iECDH10B_1368.ECDH10B_2696,iECDH1ME8569_1439.ECDH1ME8569_2456,iECD_1391.ECD_02421,iECED1_1282.ECED1_2960,iECH74115_1262.ECH74115_3761,iECIAI1_1343.ECIAI1_2581,iECIAI39_1322.ECIAI39_2730,iECNA114_1301.ECNA114_2608,iECO103_1326.ECO103_3046,iECO111_1330.ECO111_3253,iECO26_1355.ECO26_3576,iECOK1_1307.ECOK1_2878,iECP_1309.ECP_2534,iECS88_1305.ECS88_2705,iECSE_1348.ECSE_2815,iECSF_1327.ECSF_2373,iECSP_1301.ECSP_3473,iECUMN_1333.ECUMN_2849,iECW_1372.ECW_m2755,iECs_1301.ECs3395,iEKO11_1354.EKO11_1204,iETEC_1333.ETEC_2686,iEcDH1_1363.EcDH1_1139,iEcE24377_1341.EcE24377A_2814,iEcHS_1320.EcHS_A2680,iEcSMS35_1347.EcSMS35_2682,iEcolC_1368.EcolC_1148,iG2583_1286.G2583_3059,iJO1366.b2529,iSDY_1059.SDY_2725,iSFV_1184.SFV_2577,iSF_1195.SF2576,iSFxv_1172.SFxv_2832,iSSON_1240.SSON_2611,iS_1188.S2748,iUMN146_1321.UM146_04055,iUMNK88_1353.UMNK88_3182,iUTI89_1310.UTI89_C2851,iWFL_1372.ECW_m2755,iY75_1357.Y75_RS13200,iZ_1308.Z3796,ic_1306.c3055	NifU_N	AIM2.1, IKBKB.1, IKBKB.2, IKBKB.3, IKBKB.4, IRAK1.1, IRAK1.2, IRAK1.3, IRAK1.4, IRAK4.1, IRAK4.2, NAIP.1, NAIP.2, NFKB1.2, NFKBIA.1, NLRC4.1, NLRC4.2, NLRC4.3, NLRC4.4, NLRP1.1, NLRP1.2, NLRP1.3, NLRP1.4, NLRP1.5, NLRP12.1, NLRP12.2, NLRP12.3, NLRP12.4, NLRP12.5, NLRP12.6, NLRP12.7, NLRP3.1, NLRP3.2, NLRP3.3, NLRP3.4, NLRP3.5, NLRP3.6, NLRP6.1, NLRP6.2, RELA.1, RELA.2, RELA.3, RELA.4, TAB2.1, TAB2.2, TLR4.1, TLR4.2, TLR4.3, TRAF6.1	49
PRODB_01055	N	Y	N	Ef_2-1_02507	Enterococcus faecalis	PTS system mannose-specific EIID component	Y	226185.EF_3213	2.37E-184	514	COG3716@1|root,COG3716@2|Bacteria,1UT1F@1239|Firmicutes,4HDUM@91061|Bacilli,4B67A@81852|Enterococcaceae	91061|Bacilli	G	PTS system mannose/fructose/sorbose family IID component	ptsD	-	-	ko:K02796,ko:K19509	ko00051,ko00520,ko01100,ko02060,map00051,map00520,map01100,map02060	M00276,M00764	R02630	RC00017,RC03206	ko00000,ko00001,ko00002,ko02000	4.A.6.1,4.A.6.1.19	-	-	EIID-AGA	AIM2.1, IKBKB.3, IKBKB.4, IRAK1.1, IRAK1.2, IRAK1.3, IRAK1.4, IRAK4.1, IRAK4.2, NAIP.1, NAIP.2, NFKB1.2, NFKBIA.1, NLRC4.1, NLRC4.2, NLRC4.3, NLRC4.4, NLRP1.1, NLRP1.2, NLRP1.3, NLRP1.4, NLRP1.5, NLRP12.1, NLRP12.2, NLRP12.3, NLRP12.4, NLRP12.5, NLRP12.6, NLRP12.7, NLRP3.1, NLRP3.2, NLRP3.3, NLRP3.4, NLRP3.5, NLRP3.6, NLRP6.1, NLRP6.2, RELA.1, RELA.2, RELA.3, RELA.4, TAB2.1, TAB2.2, TLR4.1, TLR4.2, TLR4.3, TRAF6.1	47
PRODB_01056	N	Y	N	Sa_1.7_02160	Streptococcus agalactiae	Elongation factor Tu	Y	1280.SAXN108_0602	3.33E-285	779	COG0050@1|root,COG0050@2|Bacteria,1TPKC@1239|Firmicutes,4HAEH@91061|Bacilli,4GXMK@90964|Staphylococcaceae	91061|Bacilli	J	This protein promotes the GTP-dependent binding of aminoacyl-tRNA to the A-site of ribosomes during protein biosynthesis	tuf	GO:0005575,GO:0005622,GO:0005623,GO:0005737,GO:0044424,GO:0044464	-	ko:K02358	-	-	-	-	ko00000,ko03012,ko03029,ko04147	-	-	iSB619.SA_RS02960	GTP_EFTU,GTP_EFTU_D2,GTP_EFTU_D3	AIM2.1, IRAK1.1, IRAK1.2, IRAK1.3, IRAK1.4, IRAK4.1, NAIP.1, NAIP.2, NFKB1.2, NFKBIA.1, NLRC4.3, NLRC4.4, NLRP12.2, NLRP12.6, NLRP3.1, NLRP3.2, NLRP3.3, NLRP3.4, NLRP3.5, NLRP3.6, RELA.1, RELA.2, RELA.3, RELA.4, TAB2.1, TAB2.2, TLR4.3	27
PRODB_01057	N	Y	N	Sa_GBSIR0001_01936	Streptococcus agalactiae	hypothetical protein	Y	211110.gbs1939	1.33E-90	266	COG2893@1|root,COG2893@2|Bacteria,1VCPP@1239|Firmicutes,4HKCP@91061|Bacilli	91061|Bacilli	G	PTS system fructose IIA component	-	-	2.7.1.191	ko:K02793	ko00051,ko00520,ko01100,ko02060,map00051,map00520,map01100,map02060	M00276	R02630	RC00017,RC03206	ko00000,ko00001,ko00002,ko01000,ko02000	4.A.6.1	-	-	EIIA-man	AIM2.1, IKBKB.1, IKBKB.2, IKBKB.3, IKBKB.4, IRAK1.1, IRAK1.2, IRAK1.3, IRAK1.4, IRAK4.1, IRAK4.2, NAIP.1, NAIP.2, NFKB1.2, NFKBIA.1, NLRC4.1, NLRC4.2, NLRC4.3, NLRC4.4, NLRP1.1, NLRP1.2, NLRP1.3, NLRP1.4, NLRP1.5, NLRP12.1, NLRP12.2, NLRP12.3, NLRP12.4, NLRP12.5, NLRP12.6, NLRP12.7, NLRP3.1, NLRP3.2, NLRP3.3, NLRP3.4, NLRP3.5, NLRP3.6, NLRP6.1, NLRP6.2, RELA.1, RELA.2, RELA.3, RELA.4, TAB2.1, TAB2.2, TLR4.1, TLR4.2, TLR4.3, TRAF6.1	49
PRODB_01058	N	Y	N	Sa_SG-M6_00654	Streptococcus agalactiae	putative metallo-hydrolase	Y	211110.gbs0568	1.30E-156	438	COG0491@1|root,COG0491@2|Bacteria,1V6FA@1239|Firmicutes,4HHRQ@91061|Bacilli	91061|Bacilli	S	COG0491 Zn-dependent hydrolases, including glyoxylases	yqgX	-	3.1.2.6	ko:K01069	ko00620,map00620	-	R01736	RC00004,RC00137	ko00000,ko00001,ko01000	-	-	-	Lactamase_B	AIM2.1, IKBKB.3, IRAK1.1, IRAK1.2, IRAK1.3, IRAK1.4, IRAK4.1, NAIP.1, NAIP.2, NFKB1.2, NFKBIA.1, NLRC4.1, NLRC4.2, NLRC4.3, NLRC4.4, NLRP1.1, NLRP1.2, NLRP1.3, NLRP1.4, NLRP1.5, NLRP12.1, NLRP12.2, NLRP12.3, NLRP12.4, NLRP12.5, NLRP12.6, NLRP12.7, NLRP3.1, NLRP3.2, NLRP3.3, NLRP3.4, NLRP3.5, NLRP3.6, NLRP6.1, NLRP6.2, RELA.1, RELA.2, RELA.3, RELA.4, TAB2.1, TAB2.2, TLR4.1, TLR4.2, TLR4.3, TRAF6.1	45
PRODB_01059	N	Y	N	Sa_CU_GBS_08_01879	Streptococcus agalactiae	N-acetylgalactosamine permease IIC component 1	Y	211110.gbs1937	3.61E-176	493	COG3715@1|root,COG3715@2|Bacteria,1UZ1T@1239|Firmicutes,4HF54@91061|Bacilli	91061|Bacilli	G	PTS system sorbose-specific iic component	ptsC	-	-	ko:K02795	ko00051,ko00520,ko01100,ko02060,map00051,map00520,map01100,map02060	M00276	R02630	RC00017,RC03206	ko00000,ko00001,ko00002,ko02000	4.A.6.1	-	-	EII-Sor	AIM2.1, IRAK1.1, IRAK1.2, IRAK1.3, IRAK1.4, IRAK4.1, IRAK4.2, NFKB1.2, NFKBIA.1, NLRC4.3, NLRC4.4, NLRP1.1, NLRP1.2, NLRP1.3, NLRP1.4, NLRP1.5, NLRP12.5, NLRP3.1, NLRP3.2, NLRP3.3, NLRP3.4, NLRP3.5, NLRP3.6, NLRP6.1, NLRP6.2, RELA.1, RELA.2, RELA.3, RELA.4, TAB2.1, TAB2.2, TLR4.3, TRAF6.1	33
PRODB_01060	N	Y	N	Ab_2022CK-00337_03061	Acinetobacter baumannii	30S ribosomal protein S12	Y	118797.XP_007453125.1	1.36E-84	249	COG0048@1|root,KOG1750@2759|Eukaryota,3A1XA@33154|Opisthokonta,3BRCC@33208|Metazoa,3D69C@33213|Bilateria	33208|Metazoa	J	structural constituent of ribosome	MRPS12	GO:0000313,GO:0000314,GO:0003674,GO:0003735,GO:0005198,GO:0005575,GO:0005622,GO:0005623,GO:0005737,GO:0005739,GO:0005740,GO:0005743,GO:0005759,GO:0005761,GO:0005763,GO:0005840,GO:0006412,GO:0006414,GO:0006415,GO:0006518,GO:0006807,GO:0008150,GO:0008152,GO:0009058,GO:0009059,GO:0009987,GO:0010467,GO:0015935,GO:0016020,GO:0016043,GO:0019538,GO:0019866,GO:0022411,GO:0031090,GO:0031966,GO:0031967,GO:0031974,GO:0031975,GO:0032543,GO:0032984,GO:0032991,GO:0034641,GO:0034645,GO:0043043,GO:0043170,GO:0043226,GO:0043227,GO:0043228,GO:0043229,GO:0043231,GO:0043232,GO:0043233,GO:0043603,GO:0043604,GO:0043624,GO:0043933,GO:0044237,GO:0044238,GO:0044249,GO:0044260,GO:0044267,GO:0044271,GO:0044391,GO:0044422,GO:0044424,GO:0044429,GO:0044444,GO:0044446,GO:0044464,GO:0070013,GO:0070125,GO:0070126,GO:0071704,GO:0071840,GO:0098798,GO:0140053,GO:1901564,GO:1901566,GO:1901576,GO:1990904	-	ko:K02950	ko03010,map03010	M00178,M00179	-	-	br01610,ko00000,ko00001,ko00002,ko03011	-	-	-	Ribosom_S12_S23	AIM2.1, IRAK1.1, IRAK1.2, IRAK1.3, IRAK1.4, NFKB1.2, NLRC4.4, NLRP3.1, NLRP3.3, NLRP3.5, NLRP3.6, RELA.1, RELA.2, RELA.4, TAB2.1, TAB2.2	16
PRODB_01061	N	Y	N	Ec_131_00010	Escherichia coli	ATP synthase subunit beta	Y	1440052.EAKF1_ch2201	0.00E+00	889	COG0055@1|root,COG0055@2|Bacteria,1MUFU@1224|Proteobacteria,1RN6U@1236|Gammaproteobacteria,3XPEM@561|Escherichia	1236|Gammaproteobacteria	F	Produces ATP from ADP in the presence of a proton gradient across the membrane. The catalytic sites are hosted primarily by the beta subunits	atpD	GO:0003674,GO:0003824,GO:0005215,GO:0005575,GO:0005622,GO:0005623,GO:0005886,GO:0006139,GO:0006163,GO:0006164,GO:0006725,GO:0006753,GO:0006754,GO:0006793,GO:0006796,GO:0006807,GO:0006810,GO:0006811,GO:0006812,GO:0008150,GO:0008152,GO:0008324,GO:0009058,GO:0009117,GO:0009123,GO:0009124,GO:0009126,GO:0009127,GO:0009141,GO:0009142,GO:0009144,GO:0009145,GO:0009150,GO:0009152,GO:0009156,GO:0009161,GO:0009165,GO:0009167,GO:0009168,GO:0009199,GO:0009201,GO:0009205,GO:0009206,GO:0009259,GO:0009260,GO:0009987,GO:0015075,GO:0015077,GO:0015078,GO:0015318,GO:0015399,GO:0015405,GO:0015672,GO:0015985,GO:0015986,GO:0016020,GO:0016462,GO:0016469,GO:0016787,GO:0016817,GO:0016818,GO:0016887,GO:0017111,GO:0017144,GO:0018130,GO:0019438,GO:0019637,GO:0019693,GO:0019829,GO:0022804,GO:0022853,GO:0022857,GO:0022890,GO:0032991,GO:0033178,GO:0034220,GO:0034641,GO:0034654,GO:0036442,GO:0042623,GO:0042625,GO:0042626,GO:0043492,GO:0044237,GO:0044238,GO:0044249,GO:0044271,GO:0044281,GO:0044424,GO:0044425,GO:0044459,GO:0044464,GO:0044769,GO:0045259,GO:0045260,GO:0045261,GO:0045262,GO:0046034,GO:0046390,GO:0046483,GO:0046933,GO:0046961,GO:0051179,GO:0051234,GO:0055085,GO:0055086,GO:0071704,GO:0071944,GO:0072521,GO:0072522,GO:0090407,GO:0090662,GO:0098655,GO:0098660,GO:0098662,GO:0098796,GO:0098797,GO:0099131,GO:0099132,GO:1901135,GO:1901137,GO:1901293,GO:1901360,GO:1901362,GO:1901564,GO:1901566,GO:1901576,GO:1902600	3.6.3.14	ko:K02112	ko00190,ko00195,ko01100,map00190,map00195,map01100	M00157	-	-	ko00000,ko00001,ko00002,ko00194,ko01000	3.A.2.1	-	e_coli_core.b3732,iAF1260.b3732,iAPECO1_1312.APECO1_2729,iB21_1397.B21_03560,iBWG_1329.BWG_3423,iE2348C_1286.E2348C_4042,iEC042_1314.EC042_4119,iEC55989_1330.EC55989_4207,iECABU_c1320.ECABU_c42160,iECBD_1354.ECBD_4300,iECB_1328.ECB_03616,iECDH10B_1368.ECDH10B_3919,iECDH1ME8569_1439.ECDH1ME8569_3620,iECD_1391.ECD_03616,iECED1_1282.ECED1_4422,iECH74115_1262.ECH74115_5168,iECIAI1_1343.ECIAI1_3916,iECIAI39_1322.ECIAI39_4336,iECNA114_1301.ECNA114_3881,iECO103_1326.ECO103_4426,iECO111_1330.ECO111_4566,iECO26_1355.ECO26_4846,iECOK1_1307.ECOK1_4181,iECP_1309.ECP_3931,iECS88_1305.ECS88_4154,iECSE_1348.ECSE_4022,iECSF_1327.ECSF_3580,iECSP_1301.ECSP_4782,iECUMN_1333.ECUMN_4262,iECW_1372.ECW_m4035,iECs_1301.ECs4674,iEKO11_1354.EKO11_4613,iETEC_1333.ETEC_4023,iEcDH1_1363.EcDH1_4235,iEcE24377_1341.EcE24377A_4247,iEcSMS35_1347.EcSMS35_4100,iEcolC_1368.EcolC_4262,iG2583_1286.G2583_4528,iJO1366.b3732,iJR904.b3732,iLF82_1304.LF82_0194,iNRG857_1313.NRG857_18585,iPC815.YPO4121,iSFV_1184.SFV_3758,iSF_1195.SF3812,iSFxv_1172.SFxv_4154,iSSON_1240.SSON_3887,iS_1188.S3956,iSbBS512_1146.SbBS512_E4189,iUMN146_1321.UM146_18850,iUMNK88_1353.UMNK88_4544,iUTI89_1310.UTI89_C4285,iWFL_1372.ECW_m4035,iY75_1357.Y75_RS18410,iZ_1308.Z5230,ic_1306.c4658	ATP-synt_ab,ATP-synt_ab_N	AIM2.1, IRAK1.1, IRAK1.3, IRAK1.4, NAIP.1, NAIP.2, NFKB1.2, NLRC4.3, NLRC4.4, NLRP3.1, NLRP3.3, NLRP3.5, NLRP3.6, RELA.2, TAB2.1, TAB2.2, TLR4.3	17
PRODB_01062	N	Y	N	Sp_M28PF1_00175	Streptococcus pyogenes	V-type sodium ATPase subunit B	Y	1314.HKU360_00178	0.00E+00	922	COG1156@1|root,COG1156@2|Bacteria,1VSU1@1239|Firmicutes,4HBJN@91061|Bacilli	91061|Bacilli	C	Produces ATP from ADP in the presence of a proton gradient across the membrane. The V-type beta chain is a regulatory subunit	ntpB	-	-	ko:K02118	ko00190,ko01100,map00190,map01100	M00159	-	-	ko00000,ko00001,ko00002	3.A.2.2,3.A.2.3	-	-	ATP-synt_ab,ATP-synt_ab_N	AIM2.1, IRAK1.2, NFKB1.2, NLRC4.3, NLRC4.4, NLRP1.1, NLRP3.1, NLRP3.3, NLRP3.4, NLRP3.5, NLRP3.6, TAB2.1, TAB2.2, TLR4.3	14
PRODB_01063	N	Y	N	Ef_BFF1B1_02342	Enterococcus faecalis	50S ribosomal protein L27	Y	1300150.EMQU_0826	4.77E-61	187	COG0211@1|root,COG0211@2|Bacteria,1V6HW@1239|Firmicutes,4HIMN@91061|Bacilli,4B2XW@81852|Enterococcaceae	91061|Bacilli	J	Belongs to the bacterial ribosomal protein bL27 family	rpmA	GO:0003674,GO:0003735,GO:0005198,GO:0005575,GO:0005622,GO:0005623,GO:0005737,GO:0005829,GO:0005840,GO:0015934,GO:0022625,GO:0022626,GO:0032991,GO:0043226,GO:0043228,GO:0043229,GO:0043232,GO:0044391,GO:0044422,GO:0044424,GO:0044444,GO:0044445,GO:0044446,GO:0044464,GO:1990904	-	ko:K02899	ko03010,map03010	M00178	-	-	br01610,ko00000,ko00001,ko00002,ko03011	-	-	-	Ribosomal_L27	AIM2.1, IKBKB.3, IKBKB.4, IRAK1.1, IRAK1.2, IRAK1.3, IRAK1.4, IRAK4.1, IRAK4.2, NAIP.1, NAIP.2, NFKB1.2, NFKBIA.1, NLRC4.1, NLRC4.2, NLRC4.3, NLRC4.4, NLRP1.1, NLRP1.2, NLRP1.3, NLRP1.4, NLRP1.5, NLRP12.1, NLRP12.2, NLRP12.3, NLRP12.4, NLRP12.5, NLRP12.6, NLRP12.7, NLRP3.1, NLRP3.2, NLRP3.3, NLRP3.4, NLRP3.5, NLRP3.6, NLRP6.1, NLRP6.2, RELA.1, RELA.2, RELA.3, RELA.4, TAB2.1, TAB2.2, TLR4.1, TLR4.2, TLR4.3, TRAF6.1	47
PRODB_01064	N	Y	N	Ab_1326927-2_00417	Acinetobacter baumannii	30S ribosomal protein S10	Y	1046625.AFQY01000004_gene2819	1.67E-66	202	COG0051@1|root,COG0051@2|Bacteria,1RGWF@1224|Proteobacteria,1S3QX@1236|Gammaproteobacteria,3NNK0@468|Moraxellaceae	1236|Gammaproteobacteria	J	Involved in the binding of tRNA to the ribosomes	rpsJ	GO:0001072,GO:0003674,GO:0003735,GO:0005198,GO:0005575,GO:0005622,GO:0005623,GO:0005737,GO:0005829,GO:0005840,GO:0006355,GO:0006412,GO:0006518,GO:0006807,GO:0008150,GO:0008152,GO:0009058,GO:0009059,GO:0009889,GO:0009987,GO:0010467,GO:0010468,GO:0010556,GO:0015935,GO:0019219,GO:0019222,GO:0019538,GO:0022626,GO:0022627,GO:0031323,GO:0031326,GO:0031554,GO:0031564,GO:0032991,GO:0034641,GO:0034645,GO:0043043,GO:0043170,GO:0043226,GO:0043228,GO:0043229,GO:0043232,GO:0043244,GO:0043603,GO:0043604,GO:0044237,GO:0044238,GO:0044249,GO:0044260,GO:0044267,GO:0044271,GO:0044391,GO:0044422,GO:0044424,GO:0044444,GO:0044445,GO:0044446,GO:0044464,GO:0050789,GO:0050794,GO:0051128,GO:0051171,GO:0051252,GO:0060255,GO:0065007,GO:0071704,GO:0080090,GO:0140110,GO:1901564,GO:1901566,GO:1901576,GO:1903506,GO:1990904,GO:2000112,GO:2001141	-	ko:K02946	ko03010,map03010	M00178,M00179	-	-	br01610,ko00000,ko00001,ko00002,ko03011	-	-	-	Ribosomal_S10	AIM2.1, IKBKB.1, IKBKB.2, IKBKB.3, IKBKB.4, IRAK1.1, IRAK1.2, IRAK1.3, IRAK1.4, IRAK4.1, IRAK4.2, NAIP.1, NAIP.2, NFKB1.2, NFKBIA.1, NLRC4.1, NLRC4.2, NLRC4.3, NLRC4.4, NLRP1.1, NLRP1.2, NLRP1.3, NLRP1.4, NLRP1.5, NLRP12.1, NLRP12.2, NLRP12.3, NLRP12.4, NLRP12.5, NLRP12.6, NLRP12.7, NLRP3.1, NLRP3.2, NLRP3.3, NLRP3.4, NLRP3.5, NLRP3.6, NLRP6.1, NLRP6.2, RELA.1, RELA.2, RELA.3, RELA.4, TAB2.1, TAB2.2, TLR4.1, TLR4.2, TLR4.3, TRAF6.1	49
PRODB_01065	N	Y	N	Lm_SLCC2376_01147	Leuconostoc mesenteroides	Propanediol utilization protein PduA	Y	169963.lmo1180	3.04E-51	162	COG4577@1|root,COG4577@2|Bacteria,1VA0E@1239|Firmicutes,4HJNU@91061|Bacilli,26KV3@186820|Listeriaceae	91061|Bacilli	CQ	Carboxysome structural protein	pduA_2	-	-	ko:K04027	-	-	-	-	ko00000	-	-	-	BMC	AIM2.1, IRAK1.1, IRAK1.2, IRAK1.3, IRAK1.4, IRAK4.1, NAIP.1, NAIP.2, NFKB1.2, NLRC4.4, NLRP1.1, NLRP1.2, NLRP1.4, NLRP12.5, NLRP3.1, NLRP3.2, NLRP3.3, NLRP3.4, NLRP3.5, NLRP3.6, RELA.1, RELA.2, RELA.3, RELA.4, TAB2.1, TAB2.2, TRAF6.1	27
PRODB_01066	N	Y	N	Ec_2023CK-01482_03960	Escherichia coli	putative ABC transporter ATP-binding protein YadG	Y	316407.2124	1.21E-214	593	COG1131@1|root,COG1131@2|Bacteria,1MUW7@1224|Proteobacteria,1RMC5@1236|Gammaproteobacteria,3XMIT@561|Escherichia	1236|Gammaproteobacteria	V	ABC transporter, ATP-binding protein	yadG	GO:0005575,GO:0005623,GO:0005886,GO:0008150,GO:0009314,GO:0009628,GO:0010165,GO:0010212,GO:0016020,GO:0044464,GO:0050896,GO:0071944	-	ko:K01990	-	M00254	-	-	ko00000,ko00002,ko02000	3.A.1	-	-	ABC_tran	NFKB1.2, NLRC4.4, TAB2.1, TAB2.2	4
PRODB_01067	N	Y	N	Ec_377323_2f_02565	Escherichia coli	50S ribosomal protein L20	Y	1006000.GKAS_03624	1.62E-71	216	COG0292@1|root,COG0292@2|Bacteria,1RGU2@1224|Proteobacteria,1S3P3@1236|Gammaproteobacteria	1236|Gammaproteobacteria	J	Binds directly to 23S ribosomal RNA and is necessary for the in vitro assembly process of the 50S ribosomal subunit. It is not involved in the protein synthesizing functions of that subunit	rplT	GO:0000027,GO:0000900,GO:0003674,GO:0003676,GO:0003723,GO:0003729,GO:0003735,GO:0005198,GO:0005488,GO:0005575,GO:0005622,GO:0005623,GO:0005737,GO:0005829,GO:0005840,GO:0006355,GO:0006412,GO:0006417,GO:0006518,GO:0006807,GO:0006996,GO:0008150,GO:0008152,GO:0009058,GO:0009059,GO:0009889,GO:0009890,GO:0009892,GO:0009987,GO:0010467,GO:0010468,GO:0010556,GO:0010558,GO:0010605,GO:0010608,GO:0010629,GO:0015934,GO:0016043,GO:0017148,GO:0019219,GO:0019222,GO:0019538,GO:0019843,GO:0022607,GO:0022613,GO:0022618,GO:0022625,GO:0022626,GO:0030371,GO:0031323,GO:0031324,GO:0031326,GO:0031327,GO:0032268,GO:0032269,GO:0032991,GO:0034248,GO:0034249,GO:0034622,GO:0034641,GO:0034645,GO:0042254,GO:0042255,GO:0042273,GO:0043043,GO:0043170,GO:0043226,GO:0043228,GO:0043229,GO:0043232,GO:0043603,GO:0043604,GO:0043933,GO:0044085,GO:0044237,GO:0044238,GO:0044249,GO:0044260,GO:0044267,GO:0044271,GO:0044391,GO:0044422,GO:0044424,GO:0044444,GO:0044445,GO:0044446,GO:0044464,GO:0045182,GO:0048519,GO:0048523,GO:0050789,GO:0050794,GO:0051171,GO:0051172,GO:0051246,GO:0051248,GO:0051252,GO:0060255,GO:0065003,GO:0065007,GO:0070180,GO:0070925,GO:0071704,GO:0071826,GO:0071840,GO:0080090,GO:0090079,GO:0097159,GO:1901363,GO:1901564,GO:1901566,GO:1901576,GO:1903506,GO:1990904,GO:2000112,GO:2000113,GO:2001141	-	ko:K02887	ko03010,map03010	M00178	-	-	br01610,ko00000,ko00001,ko00002,ko03011	-	-	-	Ribosomal_L20	AIM2.1, IKBKB.1, IKBKB.2, IKBKB.3, IKBKB.4, IRAK1.1, IRAK1.2, IRAK1.3, IRAK1.4, IRAK4.1, IRAK4.2, NAIP.1, NAIP.2, NFKB1.2, NFKBIA.1, NLRC4.1, NLRC4.2, NLRC4.3, NLRC4.4, NLRP1.1, NLRP1.2, NLRP1.3, NLRP1.4, NLRP1.5, NLRP12.1, NLRP12.2, NLRP12.3, NLRP12.4, NLRP12.5, NLRP12.6, NLRP12.7, NLRP3.1, NLRP3.2, NLRP3.3, NLRP3.4, NLRP3.5, NLRP3.6, NLRP6.1, NLRP6.2, RELA.1, RELA.2, RELA.3, RELA.4, TAB2.1, TAB2.2, TLR4.1, TLR4.2, TLR4.3, TRAF6.1	49
PRODB_01068	N	Y	N	Ec_C25_00456	Escherichia coli	L-lactate dehydrogenase	Y	199310.c4427	3.80E-265	729	COG1304@1|root,COG1304@2|Bacteria,1MUEZ@1224|Proteobacteria,1RPA1@1236|Gammaproteobacteria,3XP35@561|Escherichia	1236|Gammaproteobacteria	C	Catalyzes the conversion of L-lactate to pyruvate. Is coupled to the respiratory chain	lldD	GO:0000166,GO:0003674,GO:0003824,GO:0004457,GO:0004459,GO:0005488,GO:0005575,GO:0005623,GO:0005886,GO:0005975,GO:0005996,GO:0006004,GO:0006082,GO:0006089,GO:0006091,GO:0008150,GO:0008152,GO:0009056,GO:0009060,GO:0009987,GO:0010181,GO:0015980,GO:0016020,GO:0016052,GO:0016491,GO:0016614,GO:0016616,GO:0019317,GO:0019318,GO:0019320,GO:0019516,GO:0019752,GO:0032553,GO:0032787,GO:0036094,GO:0042354,GO:0042355,GO:0043167,GO:0043168,GO:0043436,GO:0044237,GO:0044238,GO:0044281,GO:0044282,GO:0044464,GO:0045333,GO:0046365,GO:0048037,GO:0050662,GO:0055114,GO:0071704,GO:0071944,GO:0097159,GO:0097367,GO:1901265,GO:1901363,GO:1901575,GO:1901615	1.1.2.3	ko:K00101	ko00620,ko01100,map00620,map01100	-	R00196	RC00044	ko00000,ko00001,ko01000	-	-	iECOK1_1307.ECOK1_4049	FMN_dh	AIM2.1, IRAK1.1, IRAK1.2, IRAK1.3, IRAK1.4, IRAK4.1, NAIP.1, NAIP.2, NFKB1.2, NLRC4.3, NLRC4.4, NLRP12.5, NLRP3.1, NLRP3.2, NLRP3.3, NLRP3.4, NLRP3.5, NLRP3.6, RELA.4, TAB2.1, TAB2.2, TLR4.3	22
PRODB_01069	N	Y	N	Ec_WB61_03947	Escherichia coli	Elongation factor Tu 2	Y	1440052.EAKF1_ch2626	6.25E-283	773	COG0050@1|root,COG0050@2|Bacteria,1MVC0@1224|Proteobacteria,1RMYX@1236|Gammaproteobacteria,3XN6C@561|Escherichia	1236|Gammaproteobacteria	J	This protein promotes the GTP-dependent binding of aminoacyl-tRNA to the A-site of ribosomes during protein biosynthesis	tuf	GO:0005575,GO:0005622,GO:0005623,GO:0005737,GO:0005886,GO:0016020,GO:0044424,GO:0044464,GO:0071944	-	ko:K02358	-	-	-	-	ko00000,ko03012,ko03029,ko04147	-	-	-	GTP_EFTU,GTP_EFTU_D2,GTP_EFTU_D3		0
PRODB_01070	N	Y	N	Sa_GBS47_01110	Streptococcus agalactiae	NAD kinase	Y	211110.gbs1161	4.01E-198	549	COG0061@1|root,COG0061@2|Bacteria,1TRB3@1239|Firmicutes,4HB08@91061|Bacilli	91061|Bacilli	H	Involved in the regulation of the intracellular balance of NAD and NADP, and is a key enzyme in the biosynthesis of NADP. Catalyzes specifically the phosphorylation on 2'-hydroxyl of the adenosine moiety of NAD to yield NADP	nadK	GO:0000166,GO:0003674,GO:0003824,GO:0003951,GO:0005488,GO:0005524,GO:0006139,GO:0006725,GO:0006732,GO:0006733,GO:0006739,GO:0006741,GO:0006753,GO:0006766,GO:0006767,GO:0006769,GO:0006793,GO:0006796,GO:0006807,GO:0008144,GO:0008150,GO:0008152,GO:0008976,GO:0009058,GO:0009108,GO:0009117,GO:0009165,GO:0009820,GO:0009987,GO:0016301,GO:0016310,GO:0016740,GO:0016772,GO:0016773,GO:0016776,GO:0017076,GO:0017144,GO:0018130,GO:0019359,GO:0019362,GO:0019363,GO:0019438,GO:0019637,GO:0030554,GO:0032553,GO:0032555,GO:0032559,GO:0034641,GO:0034654,GO:0035639,GO:0036094,GO:0043167,GO:0043168,GO:0043603,GO:0044237,GO:0044238,GO:0044249,GO:0044271,GO:0044281,GO:0046483,GO:0046496,GO:0048037,GO:0050662,GO:0051186,GO:0051188,GO:0051287,GO:0055086,GO:0071704,GO:0072524,GO:0072525,GO:0090407,GO:0097159,GO:0097367,GO:1901265,GO:1901293,GO:1901360,GO:1901362,GO:1901363,GO:1901564,GO:1901566,GO:1901576	2.7.1.23	ko:K00858	ko00760,ko01100,map00760,map01100	-	R00104	RC00002,RC00078	ko00000,ko00001,ko01000	-	-	iSB619.SA_RS04895	NAD_kinase	AIM2.1, IRAK1.1, IRAK1.2, IRAK1.3, IRAK1.4, IRAK4.1, NAIP.1, NAIP.2, NFKB1.2, NFKBIA.1, NLRC4.1, NLRC4.2, NLRC4.3, NLRC4.4, NLRP1.1, NLRP1.2, NLRP1.3, NLRP1.4, NLRP1.5, NLRP12.1, NLRP12.2, NLRP12.4, NLRP12.5, NLRP12.6, NLRP12.7, NLRP3.1, NLRP3.2, NLRP3.3, NLRP3.4, NLRP3.5, NLRP3.6, NLRP6.1, NLRP6.2, RELA.1, RELA.2, RELA.3, RELA.4, TAB2.1, TAB2.2, TLR4.1, TLR4.2, TLR4.3, TRAF6.1	43
PRODB_01071	N	Y	N	Ef_62_00267	Enterococcus faecalis	hypothetical protein	Y	1201292.DR75_1919	2.85E-17	73.2	2DF5N@1|root,2ZQJZ@2|Bacteria,1VNTI@1239|Firmicutes,4HS3C@91061|Bacilli,4B4CG@81852|Enterococcaceae	91061|Bacilli	-	-	-	-	-	-	-	-	-	-	-	-	-	-	-	AIM2.1, IRAK1.1, IRAK1.2, IRAK1.3, IRAK1.4, IRAK4.1, NFKB1.2, NLRC4.3, NLRC4.4, NLRP3.1, NLRP3.2, NLRP3.3, NLRP3.5, NLRP3.6, RELA.1, RELA.2, RELA.4, TAB2.1, TAB2.2	19
PRODB_01072	N	Y	N	Lm_10-1047_00249	Leuconostoc mesenteroides	50S ribosomal protein L15	Y	1027396.LMOSA_5800	4.95E-93	272	COG0200@1|root,COG0200@2|Bacteria,1V3KE@1239|Firmicutes,4HFPW@91061|Bacilli,26KGK@186820|Listeriaceae	91061|Bacilli	J	Binds to the 23S rRNA	rplO	GO:0003674,GO:0003735,GO:0005198,GO:0005575,GO:0005622,GO:0005623,GO:0005737,GO:0005829,GO:0005840,GO:0015934,GO:0022625,GO:0022626,GO:0032991,GO:0043226,GO:0043228,GO:0043229,GO:0043232,GO:0044391,GO:0044422,GO:0044424,GO:0044444,GO:0044445,GO:0044446,GO:0044464,GO:1990904	-	ko:K02876	ko03010,map03010	M00178,M00179	-	-	br01610,ko00000,ko00001,ko00002,ko03011	-	-	-	Ribosomal_L27A	AIM2.1, IRAK1.1, IRAK1.2, IRAK1.3, IRAK1.4, IRAK4.1, NAIP.1, NAIP.2, NFKB1.2, NFKBIA.1, NLRC4.1, NLRC4.2, NLRC4.3, NLRC4.4, NLRP1.1, NLRP1.2, NLRP1.3, NLRP1.4, NLRP12.1, NLRP12.2, NLRP12.4, NLRP12.5, NLRP12.6, NLRP12.7, NLRP3.1, NLRP3.2, NLRP3.3, NLRP3.4, NLRP3.5, NLRP3.6, RELA.1, RELA.2, RELA.3, RELA.4, TAB2.1, TAB2.2, TLR4.3, TRAF6.1	38
